Timestamp,T,RH,AH,CO(GT),NO2(GT),Temperature_Anomaly,ML_Anomaly
2004-03-10 18:00:00,13.6,48.9,0.7578,2.6,113.0,False,False
2004-03-10 19:00:00,13.3,47.7,0.7255,2.0,92.0,False,False
2004-03-10 20:00:00,11.9,54.0,0.7502,2.2,114.0,False,False
2004-03-10 21:00:00,11.0,60.0,0.7867,2.2,122.0,False,False
2004-03-10 22:00:00,11.2,59.6,0.7888,1.6,116.0,False,False
2004-03-10 23:00:00,11.2,59.2,0.7848,1.2,96.0,False,False
2004-03-11 00:00:00,11.3,56.8,0.7603,1.2,77.0,False,False
2004-03-11 01:00:00,10.7,60.0,0.7702,1.0,76.0,False,False
2004-03-11 02:00:00,10.7,59.7,0.7648,0.9,60.0,False,False
2004-03-11 03:00:00,10.3,60.2,0.7517,0.6,,False,False
2004-03-11 04:00:00,10.1,60.5,0.7465,,34.0,False,False
2004-03-11 05:00:00,11.0,56.2,0.7366,0.7,28.0,False,False
2004-03-11 06:00:00,10.5,58.1,0.7353,0.7,48.0,False,False
2004-03-11 07:00:00,10.2,59.6,0.7417,1.1,82.0,False,False
2004-03-11 08:00:00,10.8,57.4,0.7408,2.0,112.0,False,False
2004-03-11 09:00:00,10.5,60.6,0.7691,2.2,101.0,False,False
2004-03-11 10:00:00,10.8,58.4,0.7552,1.7,98.0,False,False
2004-03-11 11:00:00,10.5,57.9,0.7352,1.5,92.0,False,False
2004-03-11 12:00:00,9.5,66.8,0.7951,1.6,95.0,False,False
2004-03-11 13:00:00,8.3,76.4,0.8393,1.9,112.0,False,False
2004-03-11 14:00:00,8.0,81.1,0.8736,2.9,128.0,False,False
2004-03-11 15:00:00,8.3,79.8,0.8778,2.2,126.0,False,False
2004-03-11 16:00:00,9.7,71.2,0.8569,2.2,131.0,False,False
2004-03-11 17:00:00,9.8,67.6,0.8185,2.9,135.0,False,False
2004-03-11 18:00:00,10.3,64.2,0.8065,4.8,151.0,False,False
2004-03-11 19:00:00,9.7,69.3,0.8319,6.9,172.0,False,False
2004-03-11 20:00:00,9.6,67.8,0.8133,6.1,165.0,False,False
2004-03-11 21:00:00,9.1,64.0,0.7419,3.9,136.0,False,False
2004-03-11 22:00:00,8.2,63.4,0.6905,1.5,85.0,False,False
2004-03-11 23:00:00,8.2,60.8,0.6657,1.0,53.0,False,False
2004-03-12 00:00:00,8.3,58.5,0.6438,1.7,97.0,False,False
2004-03-12 01:00:00,7.7,59.7,0.6308,1.9,110.0,False,False
2004-03-12 02:00:00,7.1,61.8,0.6276,1.4,91.0,False,False
2004-03-12 03:00:00,7.0,62.3,0.6261,0.8,,False,False
2004-03-12 04:00:00,6.1,65.9,0.6248,,32.0,False,False
2004-03-12 05:00:00,6.3,65.0,0.6233,0.6,44.0,False,False
2004-03-12 06:00:00,6.8,62.9,0.6234,0.8,71.0,False,False
2004-03-12 07:00:00,6.4,65.1,0.6316,1.4,104.0,False,False
2004-03-12 08:00:00,7.3,63.1,0.6499,4.4,141.0,False,False
2004-03-12 09:00:00,9.2,56.2,0.6561,,,False,False
2004-03-12 10:00:00,13.2,41.7,0.632,3.1,122.0,False,False
2004-03-12 11:00:00,14.3,38.4,0.6243,2.7,143.0,False,False
2004-03-12 12:00:00,15.0,36.5,0.6195,2.1,113.0,False,False
2004-03-12 13:00:00,16.1,34.5,0.6262,2.5,116.0,False,False
2004-03-12 14:00:00,16.3,35.7,0.656,2.7,123.0,False,False
2004-03-12 15:00:00,15.8,37.0,0.661,2.9,126.0,False,False
2004-03-12 16:00:00,15.9,37.2,0.6657,2.8,120.0,False,False
2004-03-12 17:00:00,16.9,34.3,0.6549,2.4,119.0,False,False
2004-03-12 18:00:00,15.1,39.6,0.6766,3.9,149.0,False,False
2004-03-12 19:00:00,14.4,43.4,0.7084,3.7,145.0,False,False
2004-03-12 20:00:00,12.9,50.5,0.7478,6.6,170.0,False,False
2004-03-12 21:00:00,12.1,53.3,0.7536,4.4,149.0,False,False
2004-03-12 22:00:00,11.0,59.1,0.774,3.5,139.0,False,False
2004-03-12 23:00:00,9.7,64.6,0.7771,5.4,134.0,False,False
2004-03-13 00:00:00,9.5,64.1,0.7597,2.7,113.0,False,False
2004-03-13 01:00:00,9.1,63.9,0.7423,1.9,97.0,False,False
2004-03-13 02:00:00,8.8,63.9,0.7256,1.6,82.0,False,False
2004-03-13 03:00:00,7.8,67.5,0.7173,1.7,,False,False
2004-03-13 04:00:00,7.0,71.1,0.7158,,83.0,False,False
2004-03-13 05:00:00,8.3,63.6,0.6982,1.0,65.0,False,False
2004-03-13 06:00:00,7.2,67.5,0.6887,1.2,60.0,False,False
2004-03-13 07:00:00,6.3,71.9,0.6932,1.5,77.0,False,False
2004-03-13 08:00:00,6.5,71.6,0.6945,2.7,96.0,False,False
2004-03-13 09:00:00,9.6,59.7,0.7124,3.7,119.0,False,False
2004-03-13 10:00:00,12.4,51.2,0.7335,3.2,126.0,False,False
2004-03-13 11:00:00,15.6,42.2,0.7451,4.1,158.0,False,False
2004-03-13 12:00:00,18.4,33.8,0.709,3.6,161.0,False,False
2004-03-13 13:00:00,19.4,31.3,0.695,2.8,124.0,False,False
2004-03-13 14:00:00,18.0,34.8,0.7127,2.0,102.0,False,False
2004-03-13 15:00:00,18.4,33.6,0.7042,2.0,116.0,False,False
2004-03-13 16:00:00,17.6,35.1,0.7012,2.5,124.0,False,False
2004-03-13 17:00:00,16.7,37.8,0.7117,2.3,125.0,False,False
2004-03-13 18:00:00,16.1,41.0,0.7451,3.2,148.0,False,False
2004-03-13 19:00:00,15.8,42.4,0.7569,4.2,165.0,False,False
2004-03-13 20:00:00,15.7,44.1,0.7786,4.2,161.0,False,False
2004-03-13 21:00:00,15.3,46.8,0.8091,4.2,159.0,False,False
2004-03-13 22:00:00,14.6,48.6,0.806,3.1,143.0,False,False
2004-03-13 23:00:00,14.7,49.3,0.8193,2.6,130.0,False,False
2004-03-14 00:00:00,13.9,53.6,0.8498,2.9,129.0,False,False
2004-03-14 01:00:00,14.6,51.5,0.8536,2.8,119.0,False,False
2004-03-14 02:00:00,12.5,58.9,0.8537,2.5,104.0,False,False
2004-03-14 03:00:00,11.6,63.4,0.8674,2.4,,False,False
2004-03-14 04:00:00,12.1,61.1,0.8603,,82.0,False,False
2004-03-14 05:00:00,11.5,63.1,0.8533,1.2,70.0,False,False
2004-03-14 06:00:00,11.6,62.2,0.8473,1.0,63.0,False,False
2004-03-14 07:00:00,10.4,67.6,0.853,0.9,67.0,False,False
2004-03-14 08:00:00,11.6,62.7,0.853,1.4,84.0,False,False
2004-03-14 09:00:00,12.4,60.0,0.8627,1.6,83.0,False,False
2004-03-14 10:00:00,14.5,53.1,0.8728,2.2,98.0,False,False
2004-03-14 11:00:00,16.9,46.1,0.8789,2.8,114.0,False,False
2004-03-14 12:00:00,19.3,38.3,0.8474,2.8,119.0,False,False
2004-03-14 13:00:00,21.2,31.4,0.7812,2.0,104.0,False,False
2004-03-14 14:00:00,21.4,30.2,0.7616,1.8,102.0,False,False
2004-03-14 15:00:00,21.9,29.0,0.7525,1.9,107.0,False,False
2004-03-14 16:00:00,22.2,28.4,0.7516,3.0,129.0,False,False
2004-03-14 17:00:00,21.3,30.8,0.7696,2.9,128.0,False,False
2004-03-14 18:00:00,19.7,36.7,0.8307,2.5,121.0,False,False
2004-03-14 19:00:00,18.4,41.7,0.8732,4.6,157.0,False,False
2004-03-14 20:00:00,17.6,46.1,0.921,5.9,173.0,False,False
2004-03-14 21:00:00,16.7,49.6,0.932,3.4,146.0,False,False
2004-03-14 22:00:00,16.3,51.0,0.9341,2.1,121.0,False,False
2004-03-14 23:00:00,14.7,55.9,0.9314,2.2,119.0,False,False
2004-03-15 00:00:00,14.8,54.7,0.9164,1.8,99.0,False,False
2004-03-15 01:00:00,14.0,57.0,0.9094,1.8,93.0,False,False
2004-03-15 02:00:00,13.4,61.3,0.9361,1.8,88.0,False,False
2004-03-15 03:00:00,12.6,63.5,0.923,1.1,,False,False
2004-03-15 04:00:00,12.3,65.4,0.9351,,71.0,False,False
2004-03-15 05:00:00,11.9,67.4,0.9375,1.0,74.0,False,False
2004-03-15 06:00:00,11.4,70.5,0.9475,1.4,80.0,False,False
2004-03-15 07:00:00,11.3,70.2,0.9401,2.2,89.0,False,False
2004-03-15 08:00:00,12.4,63.9,0.917,5.5,114.0,False,False
2004-03-15 09:00:00,14.8,54.3,0.9076,8.1,149.0,False,False
2004-03-15 10:00:00,17.4,45.6,0.8993,5.8,157.0,False,False
2004-03-15 11:00:00,19.8,38.5,0.8801,4.2,155.0,False,False
2004-03-15 12:00:00,22.0,34.1,0.8904,3.1,134.0,False,False
2004-03-15 13:00:00,23.3,32.2,0.9096,2.9,119.0,False,False
2004-03-15 14:00:00,23.9,30.0,0.8757,2.9,111.0,False,False
2004-03-15 15:00:00,24.4,28.9,0.8736,2.5,104.0,False,False
2004-03-15 16:00:00,24.4,29.4,0.8848,2.3,99.0,False,False
2004-03-15 17:00:00,23.8,31.3,0.9137,2.8,110.0,False,False
2004-03-15 18:00:00,22.5,35.4,0.9547,6.1,162.0,False,False
2004-03-15 19:00:00,20.4,42.5,1.0086,8.0,187.0,False,False
2004-03-15 20:00:00,18.3,52.6,1.0945,6.5,165.0,False,False
2004-03-15 21:00:00,16.7,57.4,1.0786,4.2,145.0,False,False
2004-03-15 22:00:00,15.7,60.2,1.0654,3.2,125.0,False,False
2004-03-15 23:00:00,15.3,61.4,1.058,1.4,101.0,False,False
2004-03-16 00:00:00,14.1,65.7,1.0494,2.1,103.0,False,False
2004-03-16 01:00:00,14.8,60.6,1.0148,1.2,88.0,False,False
2004-03-16 02:00:00,14.8,59.2,0.9879,0.8,61.0,False,False
2004-03-16 03:00:00,13.6,62.1,0.9636,0.7,,False,False
2004-03-16 04:00:00,12.3,66.2,0.945,,59.0,False,False
2004-03-16 05:00:00,12.8,63.2,0.9283,0.6,52.0,False,False
2004-03-16 06:00:00,11.2,68.5,0.9081,0.9,64.0,False,False
2004-03-16 07:00:00,11.0,66.5,0.8705,1.3,70.0,False,False
2004-03-16 08:00:00,11.7,63.7,0.8719,3.4,97.0,False,False
2004-03-16 09:00:00,13.6,56.3,0.8743,3.7,95.0,False,False
2004-03-16 10:00:00,17.8,42.9,0.8672,5.3,150.0,False,False
2004-03-16 11:00:00,21.4,33.3,0.8417,4.1,162.0,False,False
2004-03-16 12:00:00,24.4,27.4,0.8231,3.3,154.0,False,False
2004-03-16 13:00:00,25.3,26.1,0.8264,4.0,161.0,False,False
2004-03-16 14:00:00,25.8,23.2,0.7589,3.8,161.0,False,False
2004-03-16 15:00:00,27.0,20.2,0.7094,2.8,128.0,False,False
2004-03-16 16:00:00,28.2,18.6,0.7014,2.9,129.0,False,False
2004-03-16 17:00:00,28.0,19.1,0.7098,2.9,133.0,False,False
2004-03-16 18:00:00,23.9,25.7,0.7519,3.4,139.0,False,False
2004-03-16 19:00:00,21.3,34.8,0.873,3.9,137.0,False,False
2004-03-16 20:00:00,20.4,36.7,0.8704,3.2,143.0,False,False
2004-03-16 21:00:00,19.0,41.3,0.9007,5.1,177.0,False,False
2004-03-16 22:00:00,17.9,45.9,0.9342,2.6,138.0,False,False
2004-03-16 23:00:00,16.7,48.9,0.9226,1.7,117.0,False,False
2004-03-17 00:00:00,15.5,52.9,0.9271,1.7,107.0,False,False
2004-03-17 01:00:00,15.5,51.9,0.9059,1.2,90.0,False,False
2004-03-17 02:00:00,14.1,55.6,0.891,0.9,79.0,False,False
2004-03-17 03:00:00,13.1,57.9,0.8666,0.7,,False,False
2004-03-17 04:00:00,12.7,57.9,0.8447,,60.0,False,False
2004-03-17 05:00:00,11.8,58.0,0.8026,0.5,40.0,False,False
2004-03-17 06:00:00,11.9,57.4,0.7978,0.5,53.0,False,False
2004-03-17 07:00:00,9.9,65.2,0.7956,1.6,84.0,False,False
2004-03-17 08:00:00,11.1,60.2,0.7958,4.1,108.0,False,False
2004-03-17 09:00:00,14.1,50.0,0.802,6.6,127.0,False,False
2004-03-17 10:00:00,17.7,40.1,0.8048,4.3,134.0,False,False
2004-03-17 11:00:00,21.1,33.4,0.8265,2.9,135.0,False,False
2004-03-17 12:00:00,24.3,28.3,0.8471,2.5,142.0,False,False
2004-03-17 13:00:00,25.6,25.6,0.8254,2.8,153.0,False,False
2004-03-17 14:00:00,25.9,25.9,0.8503,2.6,123.0,False,False
2004-03-17 15:00:00,26.8,18.7,0.65,2.0,104.0,False,False
2004-03-17 16:00:00,29.3,15.8,0.6309,2.9,129.0,False,False
2004-03-17 17:00:00,28.5,14.9,0.5708,2.5,114.0,False,False
2004-03-17 18:00:00,25.9,16.0,0.5237,5.0,158.0,False,False
2004-03-17 19:00:00,23.1,26.5,0.7403,7.6,194.0,False,False
2004-03-17 20:00:00,20.5,38.2,0.9133,6.7,182.0,False,False
2004-03-17 21:00:00,19.1,42.6,0.9294,5.7,180.0,False,False
2004-03-17 22:00:00,17.2,44.1,0.8558,2.8,136.0,False,False
2004-03-17 23:00:00,16.0,50.9,0.9206,2.6,127.0,False,False
2004-03-18 00:00:00,14.8,53.9,0.9024,2.3,116.0,False,False
2004-03-18 01:00:00,14.3,55.4,0.8975,1.4,107.0,False,False
2004-03-18 02:00:00,14.8,52.1,0.8686,1.0,88.0,False,False
2004-03-18 03:00:00,13.9,53.9,0.8501,0.7,,False,False
2004-03-18 04:00:00,11.6,61.9,0.8442,,78.0,False,False
2004-03-18 05:00:00,12.0,58.9,0.8233,0.6,57.0,False,False
2004-03-18 06:00:00,10.9,62.1,0.8113,0.7,71.0,False,False
2004-03-18 07:00:00,10.6,63.3,0.8067,1.5,85.0,False,False
2004-03-18 08:00:00,11.5,60.0,0.8117,4.7,124.0,False,False
2004-03-18 09:00:00,14.3,50.6,0.8186,6.6,151.0,False,False
2004-03-18 10:00:00,17.8,40.5,0.821,4.5,150.0,False,False
2004-03-18 11:00:00,20.8,34.4,0.8365,2.8,152.0,False,False
2004-03-18 12:00:00,23.8,28.2,0.8219,2.2,139.0,False,False
2004-03-18 13:00:00,24.2,28.7,0.8515,2.2,133.0,False,False
2004-03-18 14:00:00,25.2,24.9,0.7829,2.3,126.0,False,False
2004-03-18 15:00:00,27.0,17.8,0.6275,2.2,128.0,False,False
2004-03-18 16:00:00,27.1,23.1,0.818,2.8,169.0,False,False
2004-03-18 17:00:00,25.8,23.9,0.7832,2.7,149.0,False,False
2004-03-18 18:00:00,23.0,26.8,0.7446,3.7,156.0,False,False
2004-03-18 19:00:00,20.7,31.1,0.7523,5.1,168.0,False,False
2004-03-18 20:00:00,18.6,36.2,0.7676,5.1,176.0,False,False
2004-03-18 21:00:00,16.0,48.4,0.8768,3.2,135.0,False,False
2004-03-18 22:00:00,14.5,57.8,0.9456,2.1,121.0,False,False
2004-03-18 23:00:00,13.1,64.2,0.9606,1.7,99.0,False,False
2004-03-19 00:00:00,12.0,69.7,0.9735,2.0,106.0,False,False
2004-03-19 01:00:00,11.9,71.1,0.9915,1.6,96.0,False,False
2004-03-19 02:00:00,12.5,69.3,1.0029,0.9,63.0,False,False
2004-03-19 03:00:00,12.5,67.5,0.9768,0.7,,False,False
2004-03-19 04:00:00,12.3,67.7,0.9665,,32.0,False,False
2004-03-19 05:00:00,12.5,66.8,0.962,0.5,28.0,False,False
2004-03-19 06:00:00,12.3,66.3,0.9487,0.7,61.0,False,False
2004-03-19 07:00:00,12.4,64.9,0.9332,1.5,99.0,False,False
2004-03-19 08:00:00,13.0,61.6,0.9209,4.8,157.0,False,False
2004-03-19 09:00:00,13.6,58.8,0.912,6.2,166.0,False,False
2004-03-19 10:00:00,13.9,57.1,0.9032,4.0,149.0,False,False
2004-03-19 11:00:00,14.5,54.4,0.8917,3.3,135.0,False,False
2004-03-19 12:00:00,15.5,50.1,0.8744,2.8,127.0,False,False
2004-03-19 13:00:00,16.1,47.6,0.8655,3.0,122.0,False,False
2004-03-19 14:00:00,16.3,47.1,0.864,3.3,135.0,False,False
2004-03-19 15:00:00,16.4,47.5,0.8791,3.5,139.0,False,False
2004-03-19 16:00:00,16.1,50.2,0.9094,4.0,147.0,False,False
2004-03-19 17:00:00,16.0,50.7,0.9142,4.6,158.0,False,False
2004-03-19 18:00:00,15.8,50.3,0.8989,4.1,146.0,False,False
2004-03-19 19:00:00,15.5,50.6,0.884,4.5,144.0,False,False
2004-03-19 20:00:00,15.4,51.4,0.8956,3.9,138.0,False,False
2004-03-19 21:00:00,15.2,53.1,0.9117,4.0,143.0,False,False
2004-03-19 22:00:00,14.7,57.6,0.9573,2.2,116.0,False,False
2004-03-19 23:00:00,14.2,58.3,0.938,2.1,109.0,False,False
2004-03-20 00:00:00,13.8,57.9,0.9085,1.7,92.0,False,False
2004-03-20 01:00:00,13.9,55.9,0.8842,1.6,83.0,False,False
2004-03-20 02:00:00,13.9,55.6,0.8765,1.3,81.0,False,False
2004-03-20 03:00:00,13.8,55.1,0.8666,1.3,,False,False
2004-03-20 04:00:00,13.8,54.6,0.8574,,55.0,False,False
2004-03-20 05:00:00,13.6,55.1,0.856,0.8,53.0,False,False
2004-03-20 06:00:00,13.6,59.0,0.9129,0.8,67.0,False,False
2004-03-20 07:00:00,13.5,58.4,0.896,1.1,91.0,False,False
2004-03-20 08:00:00,13.8,58.0,0.9083,2.1,113.0,False,False
2004-03-20 09:00:00,14.6,53.1,0.8765,2.4,102.0,False,False
2004-03-20 10:00:00,15.0,52.3,0.8881,2.6,107.0,False,False
2004-03-20 11:00:00,15.4,52.1,0.9046,2.8,113.0,False,False
2004-03-20 12:00:00,16.3,50.0,0.9158,2.6,108.0,False,False
2004-03-20 13:00:00,17.1,47.9,0.9281,2.6,105.0,False,False
2004-03-20 14:00:00,19.0,42.9,0.937,2.1,93.0,False,False
2004-03-20 15:00:00,19.5,42.3,0.9476,1.7,87.0,False,False
2004-03-20 16:00:00,19.5,42.3,0.9493,1.6,76.0,False,False
2004-03-20 17:00:00,19.1,43.8,0.9556,2.1,94.0,False,False
2004-03-20 18:00:00,18.5,46.3,0.9744,2.3,110.0,False,False
2004-03-20 19:00:00,17.4,51.6,1.0159,3.5,136.0,False,False
2004-03-20 20:00:00,17.1,51.3,0.9914,3.9,139.0,False,False
2004-03-20 21:00:00,16.4,53.8,0.9964,3.3,125.0,False,False
2004-03-20 22:00:00,16.2,55.4,1.0132,2.3,111.0,False,False
2004-03-20 23:00:00,15.9,57.7,1.0356,2.1,97.0,False,False
2004-03-21 00:00:00,15.7,58.6,1.0396,2.8,107.0,False,False
2004-03-21 01:00:00,15.1,60.9,1.0398,2.1,90.0,False,False
2004-03-21 02:00:00,15.6,56.6,0.9951,1.6,84.0,False,False
2004-03-21 03:00:00,15.2,57.9,0.9941,1.6,,False,False
2004-03-21 04:00:00,15.4,57.8,1.0021,,87.0,False,False
2004-03-21 05:00:00,14.9,60.6,1.0196,1.1,66.0,False,False
2004-03-21 06:00:00,14.5,63.0,1.0316,0.7,36.0,False,False
2004-03-21 07:00:00,14.2,66.2,1.063,0.8,62.0,False,False
2004-03-21 08:00:00,14.5,65.3,1.0704,1.2,91.0,False,False
2004-03-21 09:00:00,15.3,62.1,1.073,1.4,89.0,False,False
2004-03-21 10:00:00,16.3,59.0,1.0868,1.7,93.0,False,False
2004-03-21 11:00:00,18.9,49.6,1.07,1.8,81.0,False,False
2004-03-21 12:00:00,19.4,46.1,1.0249,1.8,82.0,False,False
2004-03-21 13:00:00,20.8,41.6,1.0091,1.9,80.0,False,False
2004-03-21 14:00:00,21.4,40.3,1.0126,1.3,48.0,False,False
2004-03-21 15:00:00,21.2,39.3,0.9791,1.6,61.0,False,False
2004-03-21 16:00:00,20.3,38.0,0.8942,1.9,89.0,False,False
2004-03-21 17:00:00,19.4,41.3,0.9206,2.3,105.0,False,False
2004-03-21 18:00:00,18.5,43.8,0.9252,3.8,116.0,False,False
2004-03-21 19:00:00,17.8,48.1,0.9689,3.5,119.0,False,False
2004-03-21 20:00:00,17.9,46.9,0.952,4.3,144.0,False,False
2004-03-21 21:00:00,17.4,49.1,0.9688,2.8,123.0,False,False
2004-03-21 22:00:00,17.0,51.7,0.9914,1.9,105.0,False,False
2004-03-21 23:00:00,16.4,55.1,1.0198,1.9,93.0,False,False
2004-03-22 00:00:00,16.1,60.0,1.0919,1.7,86.0,False,False
2004-03-22 01:00:00,15.8,60.5,1.0805,1.5,76.0,False,False
2004-03-22 02:00:00,16.3,57.0,1.0491,0.6,33.0,False,False
2004-03-22 03:00:00,16.9,53.9,1.0309,0.4,,False,False
2004-03-22 04:00:00,16.1,55.9,1.0153,,27.0,False,False
2004-03-22 05:00:00,16.5,53.9,1.0049,0.3,23.0,False,False
2004-03-22 06:00:00,16.4,54.0,0.9979,0.6,46.0,False,False
2004-03-22 07:00:00,15.7,57.6,1.0195,1.2,76.0,False,False
2004-03-22 08:00:00,15.8,53.7,0.9571,3.6,116.0,False,False
2004-03-22 09:00:00,17.4,42.1,0.8281,3.7,115.0,False,False
2004-03-22 10:00:00,17.9,38.4,0.7793,1.8,83.0,False,False
2004-03-22 11:00:00,18.5,36.7,0.7764,1.6,87.0,False,False
2004-03-22 12:00:00,21.0,29.6,0.7263,1.9,90.0,False,False
2004-03-22 13:00:00,21.3,28.1,0.7067,2.0,87.0,False,False
2004-03-22 14:00:00,21.3,26.1,0.6539,2.2,99.0,False,False
2004-03-22 15:00:00,21.3,26.8,0.6681,2.1,99.0,False,False
2004-03-22 16:00:00,21.3,24.2,0.606,2.3,101.0,False,False
2004-03-22 17:00:00,20.2,28.5,0.6682,2.6,103.0,False,False
2004-03-22 18:00:00,17.0,43.1,0.8264,3.8,129.0,False,False
2004-03-22 19:00:00,15.6,47.4,0.8347,4.4,143.0,False,False
2004-03-22 20:00:00,15.3,47.4,0.8178,4.5,146.0,False,False
2004-03-22 21:00:00,14.5,49.7,0.8177,3.3,124.0,False,False
2004-03-22 22:00:00,13.9,52.0,0.8231,2.0,113.0,False,False
2004-03-22 23:00:00,14.5,49.4,0.8106,1.1,80.0,False,False
2004-03-23 00:00:00,13.8,51.4,0.8071,0.9,72.0,False,False
2004-03-23 01:00:00,14.0,51.3,0.8163,0.8,64.0,False,False
2004-03-23 02:00:00,13.0,56.8,0.8444,0.7,70.0,False,False
2004-03-23 03:00:00,11.0,70.0,0.9215,0.5,,False,False
2004-03-23 04:00:00,10.1,76.8,0.9483,,31.0,False,False
2004-03-23 05:00:00,8.8,80.5,0.9147,0.3,22.0,False,False
2004-03-23 06:00:00,9.6,75.4,0.9004,0.5,47.0,False,False
2004-03-23 07:00:00,9.8,75.0,0.9093,1.1,88.0,False,False
2004-03-23 08:00:00,10.0,74.2,0.9117,3.0,130.0,False,False
2004-03-23 09:00:00,11.2,69.7,0.9232,3.8,132.0,False,False
2004-03-23 10:00:00,12.0,62.9,0.8803,3.4,132.0,False,False
2004-03-23 11:00:00,12.8,55.8,0.821,3.0,131.0,False,False
2004-03-23 12:00:00,13.1,54.8,0.8234,2.7,129.0,False,False
2004-03-23 13:00:00,13.8,53.4,0.8351,3.5,132.0,False,False
2004-03-23 14:00:00,16.0,42.4,0.7674,2.8,110.0,False,False
2004-03-23 15:00:00,14.1,49.8,0.7971,1.9,99.0,False,False
2004-03-23 16:00:00,12.0,61.1,0.8537,2.0,100.0,False,False
2004-03-23 17:00:00,13.6,54.6,0.8465,3.0,122.0,False,False
2004-03-23 18:00:00,13.7,49.5,0.7695,1.9,97.0,False,False
2004-03-23 19:00:00,11.7,57.1,0.7822,2.7,112.0,False,False
2004-03-23 20:00:00,11.5,58.2,0.7867,3.3,128.0,False,False
2004-03-23 21:00:00,12.6,54.2,0.7881,1.7,101.0,False,False
2004-03-23 22:00:00,12.0,54.9,0.7664,1.3,96.0,False,False
2004-03-23 23:00:00,11.0,61.4,0.8057,1.3,86.0,False,False
2004-03-24 00:00:00,11.1,62.2,0.8199,1.2,85.0,False,False
2004-03-24 01:00:00,10.8,62.5,0.8082,1.1,79.0,False,False
2004-03-24 02:00:00,11.3,60.0,0.8025,0.9,61.0,False,False
2004-03-24 03:00:00,10.6,61.6,0.7856,0.6,,False,False
2004-03-24 04:00:00,10.2,62.7,0.7813,,66.0,False,False
2004-03-24 05:00:00,10.9,58.6,0.7628,0.6,54.0,False,False
2004-03-24 06:00:00,10.8,57.2,0.7382,0.8,57.0,False,False
2004-03-24 07:00:00,10.4,59.2,0.7455,1.2,75.0,False,False
2004-03-24 08:00:00,11.0,57.3,0.7501,3.1,97.0,False,False
2004-03-24 09:00:00,11.2,56.9,0.7565,4.4,110.0,False,False
2004-03-24 10:00:00,12.1,54.9,0.7734,3.4,113.0,False,False
2004-03-24 11:00:00,15.1,44.3,0.7535,1.7,88.0,False,False
2004-03-24 12:00:00,15.6,40.6,0.7146,1.5,85.0,False,False
2004-03-24 13:00:00,16.9,34.6,0.6597,1.7,96.0,False,False
2004-03-24 14:00:00,16.6,35.6,0.6697,2.2,106.0,False,False
2004-03-24 15:00:00,11.3,63.9,0.8554,,91.0,False,False
2004-03-24 16:00:00,9.6,81.1,0.972,2.7,126.0,False,False
2004-03-24 17:00:00,11.7,69.1,0.9497,2.8,130.0,False,False
2004-03-24 18:00:00,10.7,68.5,0.8794,2.7,111.0,False,False
2004-03-24 19:00:00,10.7,67.3,0.8643,4.5,134.0,False,False
2004-03-24 20:00:00,10.8,65.7,0.8486,3.5,136.0,False,False
2004-03-24 21:00:00,10.3,66.3,0.8336,2.6,125.0,False,False
2004-03-24 22:00:00,10.1,66.9,0.8248,1.7,108.0,False,False
2004-03-24 23:00:00,10.4,61.1,0.7717,1.3,87.0,False,False
2004-03-25 00:00:00,10.3,59.9,0.7516,1.3,89.0,False,False
2004-03-25 01:00:00,11.0,58.4,0.7686,1.0,58.0,False,False
2004-03-25 02:00:00,9.1,68.1,0.789,0.7,54.0,False,False
2004-03-25 03:00:00,9.5,68.2,0.8091,0.7,,False,False
2004-03-25 04:00:00,9.3,72.3,0.8496,0.5,28.0,False,False
2004-03-25 05:00:00,9.9,66.8,0.8152,0.5,20.0,False,False
2004-03-25 06:00:00,7.6,83.2,0.8695,0.6,51.0,False,False
2004-03-25 07:00:00,8.1,79.0,0.8544,1.1,82.0,False,False
2004-03-25 08:00:00,8.7,74.6,0.8429,2.7,112.0,False,False
2004-03-25 09:00:00,8.6,75.1,0.8415,3.5,119.0,False,False
2004-03-25 10:00:00,9.7,69.7,0.8389,2.3,99.0,False,False
2004-03-25 11:00:00,11.0,64.4,0.8447,1.6,98.0,False,False
2004-03-25 12:00:00,13.6,53.0,0.8209,1.3,88.0,False,False
2004-03-25 13:00:00,14.2,48.4,0.778,2.0,96.0,False,False
2004-03-25 14:00:00,14.2,46.3,0.7438,1.9,81.0,False,False
2004-03-25 15:00:00,16.0,41.3,0.7462,1.9,92.0,False,False
2004-03-25 16:00:00,17.7,35.4,0.7094,2.2,105.0,False,False
2004-03-25 17:00:00,17.1,37.4,0.7225,2.0,88.0,False,False
2004-03-25 18:00:00,14.9,40.5,0.6835,2.9,103.0,False,False
2004-03-25 19:00:00,13.4,47.8,0.7293,5.2,141.0,False,False
2004-03-25 20:00:00,12.6,52.5,0.7642,4.6,133.0,False,False
2004-03-25 21:00:00,12.2,53.2,0.7555,2.5,119.0,False,False
2004-03-25 22:00:00,10.6,56.1,0.714,1.5,106.0,False,False
2004-03-25 23:00:00,9.9,59.5,0.7276,1.2,92.0,False,False
2004-03-26 00:00:00,9.6,61.1,0.7323,1.7,97.0,False,False
2004-03-26 01:00:00,9.7,61.6,0.7425,1.4,91.0,False,False
2004-03-26 02:00:00,9.4,62.6,0.7398,1.2,83.0,False,False
2004-03-26 03:00:00,8.2,68.5,0.7455,0.6,,False,False
2004-03-26 04:00:00,8.0,69.4,0.7459,0.7,59.0,False,False
2004-03-26 05:00:00,7.7,72.4,0.7655,0.8,73.0,False,False
2004-03-26 06:00:00,8.0,71.8,0.7711,0.9,78.0,False,False
2004-03-26 07:00:00,8.5,66.3,0.7375,1.6,90.0,False,False
2004-03-26 08:00:00,9.8,59.6,0.7214,3.4,110.0,False,False
2004-03-26 09:00:00,11.2,57.0,0.7544,3.8,114.0,False,False
2004-03-26 10:00:00,14.8,44.1,0.7407,3.1,119.0,False,False
2004-03-26 11:00:00,16.8,35.3,0.6729,2.7,121.0,False,False
2004-03-26 12:00:00,19.2,27.1,0.5976,2.0,97.0,False,False
2004-03-26 13:00:00,19.1,26.2,0.5741,2.3,99.0,False,False
2004-03-26 14:00:00,16.3,30.8,0.5683,1.9,85.0,False,False
2004-03-26 15:00:00,14.2,36.8,0.5922,1.3,75.0,False,False
2004-03-26 16:00:00,13.4,41.0,0.6292,1.9,87.0,False,False
2004-03-26 17:00:00,14.2,43.3,0.6982,2.3,102.0,False,False
2004-03-26 18:00:00,12.1,45.6,0.6403,2.4,105.0,False,False
2004-03-26 19:00:00,10.4,48.0,0.6046,2.7,98.0,False,False
2004-03-26 20:00:00,10.0,51.1,0.628,2.6,93.0,False,False
2004-03-26 21:00:00,9.8,50.8,0.6172,1.5,91.0,False,False
2004-03-26 22:00:00,9.7,50.4,0.6063,1.2,85.0,False,False
2004-03-26 23:00:00,9.9,50.2,0.6103,1.1,74.0,False,False
2004-03-27 00:00:00,9.4,53.4,0.63,1.5,87.0,False,False
2004-03-27 01:00:00,8.6,57.8,0.6488,1.0,79.0,False,False
2004-03-27 02:00:00,8.1,62.1,0.6746,1.2,78.0,False,False
2004-03-27 03:00:00,7.9,63.5,0.6777,1.1,,False,False
2004-03-27 04:00:00,7.4,64.8,0.6683,,63.0,False,False
2004-03-27 05:00:00,8.2,58.9,0.6444,0.8,48.0,False,False
2004-03-27 06:00:00,6.3,66.6,0.641,0.9,59.0,False,False
2004-03-27 07:00:00,7.2,62.9,0.6396,1.1,65.0,False,False
2004-03-27 08:00:00,7.2,63.9,0.65,1.5,71.0,False,False
2004-03-27 09:00:00,11.1,50.5,0.6654,1.8,84.0,False,False
2004-03-27 10:00:00,15.5,36.1,0.6313,2.1,93.0,False,False
2004-03-27 11:00:00,17.8,29.2,0.592,2.1,99.0,False,False
2004-03-27 12:00:00,17.6,30.1,0.6013,1.9,93.0,False,False
2004-03-27 13:00:00,19.1,26.8,0.5861,2.1,96.0,False,False
2004-03-27 14:00:00,17.7,28.6,0.5735,2.5,114.0,False,False
2004-03-27 15:00:00,17.8,28.4,0.5737,1.9,101.0,False,False
2004-03-27 16:00:00,18.7,26.0,0.5555,2.2,108.0,False,False
2004-03-27 17:00:00,17.1,31.3,0.6038,2.3,117.0,False,False
2004-03-27 18:00:00,15.8,36.1,0.644,2.7,125.0,False,False
2004-03-27 19:00:00,14.7,40.1,0.6657,3.0,133.0,False,False
2004-03-27 20:00:00,13.6,44.9,0.6991,2.8,119.0,False,False
2004-03-27 21:00:00,12.5,48.1,0.6946,2.2,107.0,False,False
2004-03-27 22:00:00,11.8,50.8,0.7042,1.6,96.0,False,False
2004-03-27 23:00:00,10.9,56.1,0.7326,2.1,105.0,False,False
2004-03-28 00:00:00,10.9,55.9,0.7277,2.3,102.0,False,False
2004-03-28 01:00:00,10.3,58.1,0.7278,2.3,97.0,False,False
2004-03-28 02:00:00,9.3,62.2,0.7294,1.7,79.0,False,False
2004-03-28 03:00:00,8.2,66.7,0.7276,2.2,,False,False
2004-03-28 04:00:00,8.3,64.9,0.7124,1.3,69.0,False,False
2004-03-28 05:00:00,9.6,58.5,0.7,0.8,52.0,False,False
2004-03-28 06:00:00,7.7,66.4,0.699,1.1,62.0,False,False
2004-03-28 07:00:00,7.4,68.0,0.7043,1.4,69.0,False,False
2004-03-28 08:00:00,9.7,58.6,0.7035,1.3,75.0,False,False
2004-03-28 09:00:00,12.5,50.1,0.7242,1.9,83.0,False,False
2004-03-28 10:00:00,16.8,36.9,0.7018,2.3,94.0,False,False
2004-03-28 11:00:00,19.2,31.3,0.6887,2.3,96.0,False,False
2004-03-28 12:00:00,21.3,26.4,0.6607,1.8,86.0,False,False
2004-03-28 13:00:00,21.2,23.1,0.5768,1.4,72.0,False,False
2004-03-28 14:00:00,18.6,25.0,0.5319,1.0,53.0,False,False
2004-03-28 15:00:00,18.0,27.3,0.5594,1.4,65.0,False,False
2004-03-28 16:00:00,18.2,28.3,0.5848,1.3,70.0,False,False
2004-03-28 17:00:00,17.0,31.4,0.6048,1.3,75.0,False,False
2004-03-28 18:00:00,15.6,35.0,0.617,1.4,86.0,False,False
2004-03-28 19:00:00,14.1,40.2,0.6438,1.9,94.0,False,False
2004-03-28 20:00:00,13.4,43.2,0.6623,1.8,103.0,False,False
2004-03-28 21:00:00,12.3,46.8,0.6686,1.1,81.0,False,False
2004-03-28 22:00:00,11.9,46.5,0.6449,1.1,80.0,False,False
2004-03-28 23:00:00,11.5,46.6,0.6319,1.1,77.0,False,False
2004-03-29 00:00:00,10.6,48.0,0.6135,0.9,58.0,False,False
2004-03-29 01:00:00,10.7,45.8,0.5895,0.6,31.0,False,False
2004-03-29 02:00:00,10.4,46.6,0.5901,0.5,38.0,False,False
2004-03-29 03:00:00,10.1,47.8,0.5913,0.7,,False,False
2004-03-29 04:00:00,11.3,46.9,0.628,0.6,59.0,False,False
2004-03-29 05:00:00,10.1,51.2,0.6341,0.7,70.0,False,False
2004-03-29 06:00:00,9.9,50.7,0.6167,0.9,75.0,False,False
2004-03-29 07:00:00,8.1,56.8,0.615,2.9,103.0,False,False
2004-03-29 08:00:00,10.9,44.1,0.5748,4.1,134.0,False,False
2004-03-29 09:00:00,11.8,37.6,0.5184,1.5,98.0,False,False
2004-03-29 10:00:00,13.9,33.2,0.5222,1.5,97.0,False,False
2004-03-29 11:00:00,15.6,30.1,0.5285,1.5,98.0,False,False
2004-03-29 12:00:00,16.5,29.0,0.5406,1.4,78.0,False,False
2004-03-29 13:00:00,17.5,27.9,0.5517,1.6,83.0,False,False
2004-03-29 14:00:00,17.9,26.8,0.5446,1.5,92.0,False,False
2004-03-29 15:00:00,18.2,26.1,0.5387,1.4,81.0,False,False
2004-03-29 16:00:00,18.0,27.1,0.5522,1.5,90.0,False,False
2004-03-29 17:00:00,17.0,28.9,0.5558,1.9,95.0,False,False
2004-03-29 18:00:00,16.1,31.3,0.568,2.5,114.0,False,False
2004-03-29 19:00:00,14.5,35.4,0.5839,2.1,106.0,False,False
2004-03-29 20:00:00,13.2,37.9,0.5733,1.6,99.0,False,False
2004-03-29 21:00:00,13.1,34.4,0.517,1.2,90.0,False,False
2004-03-29 22:00:00,13.5,28.5,0.4405,1.1,82.0,False,False
2004-03-29 23:00:00,12.4,31.9,0.4583,1.0,74.0,False,False
2004-03-30 00:00:00,13.1,26.8,0.4023,1.0,76.0,False,False
2004-03-30 01:00:00,11.6,33.6,0.4595,0.7,66.0,False,False
2004-03-30 02:00:00,10.5,42.9,0.5442,0.7,73.0,False,False
2004-03-30 03:00:00,11.7,38.7,0.5298,0.8,,False,False
2004-03-30 04:00:00,12.2,37.2,0.5277,,69.0,False,False
2004-03-30 05:00:00,12.9,33.9,0.5037,0.7,71.0,False,False
2004-03-30 06:00:00,11.3,40.3,0.5376,1.1,98.0,False,False
2004-03-30 07:00:00,11.9,38.4,0.5341,2.6,115.0,False,False
2004-03-30 08:00:00,13.3,35.6,0.5416,4.0,130.0,False,False
2004-03-30 09:00:00,16.3,28.8,0.5305,4.2,150.0,False,False
2004-03-30 10:00:00,17.9,28.2,0.5741,4.7,159.0,False,False
2004-03-30 11:00:00,18.3,26.6,0.5529,3.9,146.0,False,False
2004-03-30 12:00:00,20.8,22.5,0.5463,3.7,138.0,False,False
2004-03-30 13:00:00,22.4,20.0,0.5352,3.4,128.0,False,False
2004-03-30 14:00:00,20.9,21.7,0.5295,2.2,97.0,False,False
2004-03-30 15:00:00,19.1,26.5,0.579,1.9,91.0,False,False
2004-03-30 16:00:00,18.1,30.6,0.6295,1.6,81.0,False,False
2004-03-30 17:00:00,17.3,34.7,0.6788,2.1,99.0,False,False
2004-03-30 18:00:00,15.8,40.4,0.7228,2.2,101.0,False,False
2004-03-30 19:00:00,15.9,42.0,0.7541,2.7,106.0,False,False
2004-03-30 20:00:00,15.9,43.5,0.779,2.4,102.0,False,False
2004-03-30 21:00:00,15.0,46.1,0.7833,1.3,84.0,False,False
2004-03-30 22:00:00,15.1,44.6,0.7574,1.2,81.0,False,False
2004-03-30 23:00:00,14.9,43.5,0.7302,1.5,91.0,False,False
2004-03-31 00:00:00,14.8,41.0,0.685,1.3,82.0,False,False
2004-03-31 01:00:00,14.8,40.8,0.6814,1.0,64.0,False,False
2004-03-31 02:00:00,14.8,40.8,0.6834,0.9,70.0,False,False
2004-03-31 03:00:00,14.2,36.1,0.5823,0.5,,False,False
2004-03-31 04:00:00,14.5,36.1,0.5928,0.5,26.0,False,False
2004-03-31 05:00:00,14.6,36.0,0.5947,0.6,58.0,False,False
2004-03-31 06:00:00,14.4,38.5,0.6291,1.0,93.0,False,False
2004-03-31 07:00:00,13.8,58.2,0.9129,3.1,110.0,False,False
2004-03-31 08:00:00,13.2,61.1,0.9256,4.1,115.0,False,False
2004-03-31 09:00:00,10.4,74.4,0.9384,2.2,125.0,False,False
2004-03-31 10:00:00,11.5,71.0,0.9582,1.7,118.0,False,False
2004-03-31 11:00:00,12.2,70.0,0.9924,1.9,109.0,False,False
2004-03-31 12:00:00,12.3,73.3,1.0442,2.9,123.0,False,False
2004-03-31 13:00:00,11.3,78.1,1.0411,2.2,114.0,False,False
2004-03-31 14:00:00,13.6,69.2,1.0746,2.6,114.0,False,False
2004-03-31 15:00:00,14.9,59.3,0.9974,3.1,119.0,False,False
2004-03-31 16:00:00,15.7,50.9,0.8997,2.3,111.0,False,False
2004-03-31 17:00:00,15.2,52.9,0.9087,2.4,103.0,False,False
2004-03-31 18:00:00,15.5,50.8,0.8881,2.8,103.0,False,False
2004-03-31 19:00:00,14.3,52.9,0.8581,2.7,107.0,False,False
2004-03-31 20:00:00,13.2,56.0,0.8446,2.3,105.0,False,False
2004-03-31 21:00:00,12.6,57.0,0.8315,1.5,91.0,False,False
2004-03-31 22:00:00,12.3,57.8,0.8224,1.4,79.0,False,False
2004-03-31 23:00:00,12.0,58.4,0.8164,1.2,79.0,False,False
2004-04-01 00:00:00,12.0,61.6,0.8593,1.6,86.0,False,False
2004-04-01 01:00:00,11.5,63.9,0.8652,1.2,70.0,False,False
2004-04-01 02:00:00,10.7,67.2,0.863,1.1,55.0,False,False
2004-04-01 03:00:00,9.0,73.1,0.8394,0.9,,False,False
2004-04-01 04:00:00,10.2,66.6,0.8299,0.7,49.0,False,False
2004-04-01 05:00:00,11.0,63.7,0.8325,0.9,50.0,False,False
2004-04-01 06:00:00,9.6,68.8,0.8243,1.7,67.0,False,False
2004-04-01 07:00:00,9.5,69.6,0.8273,4.2,94.0,False,False
2004-04-01 08:00:00,11.9,60.9,0.8455,6.2,119.0,False,False
2004-04-01 09:00:00,16.2,48.6,0.8892,4.6,139.0,False,False
2004-04-01 10:00:00,19.2,39.6,0.8693,2.8,113.0,False,False
2004-04-01 11:00:00,19.7,38.4,0.8743,1.6,88.0,False,False
2004-04-01 12:00:00,20.6,36.7,0.8797,1.7,73.0,False,False
2004-04-01 13:00:00,21.8,33.9,0.8771,1.7,73.0,False,False
2004-04-01 14:00:00,,,,1.7,72.0,False,False
2004-04-01 15:00:00,,,,1.9,81.0,False,False
2004-04-01 16:00:00,,,,2.3,93.0,False,False
2004-04-01 17:00:00,23.6,27.5,0.7913,3.3,106.0,False,False
2004-04-01 18:00:00,22.8,32.1,0.8814,4.2,132.0,False,False
2004-04-01 19:00:00,20.8,36.7,0.8878,5.5,164.0,False,False
2004-04-01 20:00:00,18.3,40.9,0.8493,4.9,161.0,False,False
2004-04-01 21:00:00,16.8,44.0,0.8341,2.5,124.0,False,False
2004-04-01 22:00:00,15.8,48.0,0.8569,2.0,113.0,False,False
2004-04-01 23:00:00,14.9,52.0,0.8757,2.0,103.0,False,False
2004-04-02 00:00:00,14.1,54.4,0.8701,2.0,104.0,False,False
2004-04-02 01:00:00,13.3,58.8,0.8922,1.3,93.0,False,False
2004-04-02 02:00:00,13.3,60.9,0.9229,1.0,60.0,False,False
2004-04-02 03:00:00,11.8,64.3,0.8869,0.9,,False,False
2004-04-02 04:00:00,11.2,65.9,0.8775,,52.0,False,False
2004-04-02 05:00:00,11.3,72.9,0.9738,0.7,66.0,False,False
2004-04-02 06:00:00,11.4,71.8,0.9671,1.1,82.0,False,False
2004-04-02 07:00:00,11.9,73.7,1.0254,2.6,109.0,False,False
2004-04-02 08:00:00,12.6,70.2,1.0221,3.9,114.0,False,False
2004-04-02 09:00:00,13.6,65.3,1.0136,5.0,139.0,False,False
2004-04-02 10:00:00,16.9,52.3,1.0013,3.3,127.0,False,False
2004-04-02 11:00:00,19.4,44.1,0.9855,2.9,127.0,False,False
2004-04-02 12:00:00,22.9,33.8,0.9322,3.1,135.0,False,False
2004-04-02 13:00:00,23.6,31.3,0.9001,3.0,130.0,False,False
2004-04-02 14:00:00,24.7,30.5,0.9371,2.7,126.0,False,False
2004-04-02 15:00:00,26.1,27.3,0.9101,2.7,121.0,False,False
2004-04-02 16:00:00,27.6,22.8,0.8288,2.6,122.0,False,False
2004-04-02 17:00:00,26.9,22.3,0.7792,3.7,138.0,False,False
2004-04-02 18:00:00,24.3,30.1,0.9012,4.5,165.0,False,False
2004-04-02 19:00:00,21.2,40.1,0.9978,4.7,154.0,False,False
2004-04-02 20:00:00,19.4,42.5,0.9483,5.5,168.0,False,False
2004-04-02 21:00:00,18.5,43.0,0.9074,3.0,146.0,False,False
2004-04-02 22:00:00,17.8,47.0,0.9467,1.9,124.0,False,False
2004-04-02 23:00:00,16.8,53.2,1.01,2.3,124.0,False,False
2004-04-03 00:00:00,17.1,51.8,0.999,1.6,106.0,False,False
2004-04-03 01:00:00,16.2,54.2,0.9933,1.3,88.0,False,False
2004-04-03 02:00:00,15.1,58.2,0.9886,1.2,83.0,False,False
2004-04-03 03:00:00,15.1,57.6,0.9796,0.9,,False,False
2004-04-03 04:00:00,14.5,58.0,0.9488,0.8,74.0,False,False
2004-04-03 05:00:00,13.7,61.6,0.9631,0.8,64.0,False,False
2004-04-03 06:00:00,13.9,59.6,0.9408,0.9,69.0,False,False
2004-04-03 07:00:00,13.3,61.7,0.9399,2.0,91.0,False,False
2004-04-03 08:00:00,15.1,55.8,0.9486,3.0,96.0,False,False
2004-04-03 09:00:00,17.0,50.5,0.9684,3.1,106.0,False,False
2004-04-03 10:00:00,19.7,43.3,0.9837,,,False,False
2004-04-03 11:00:00,20.7,41.7,1.0092,,,False,False
2004-04-03 12:00:00,23.3,35.8,1.0098,,,False,False
2004-04-03 13:00:00,23.8,30.5,0.8897,,,False,False
2004-04-03 14:00:00,24.8,27.0,0.8325,,,False,False
2004-04-03 15:00:00,25.0,27.5,0.8575,,,False,False
2004-04-03 16:00:00,25.8,26.5,0.8675,,,False,False
2004-04-03 17:00:00,25.1,27.1,0.8496,,,False,False
2004-04-03 18:00:00,23.7,28.6,0.8273,,,False,False
2004-04-03 19:00:00,22.1,36.8,0.9681,,,False,False
2004-04-03 20:00:00,19.9,47.5,1.0912,,,False,False
2004-04-03 21:00:00,18.7,50.4,1.0772,,,False,False
2004-04-03 22:00:00,18.1,51.3,1.0587,,,False,False
2004-04-03 23:00:00,17.5,53.8,1.0648,,,False,False
2004-04-04 00:00:00,16.7,56.5,1.0634,,,False,False
2004-04-04 01:00:00,15.9,59.2,1.0635,,,False,False
2004-04-04 02:00:00,15.2,62.4,1.0726,,,False,False
2004-04-04 03:00:00,14.7,65.0,1.0766,,,False,False
2004-04-04 04:00:00,14.3,65.3,1.0594,,,False,False
2004-04-04 05:00:00,13.7,66.5,1.0393,,,False,False
2004-04-04 06:00:00,12.9,69.1,1.0264,,,False,False
2004-04-04 07:00:00,13.7,64.8,1.0135,,,False,False
2004-04-04 08:00:00,15.3,59.0,1.0181,,,False,False
2004-04-04 09:00:00,18.1,49.8,1.0272,,,False,False
2004-04-04 10:00:00,21.5,40.7,1.0301,,,False,False
2004-04-04 11:00:00,23.3,37.1,1.0457,,,False,False
2004-04-04 12:00:00,25.1,33.8,1.0594,,,False,False
2004-04-04 13:00:00,25.6,32.1,1.0393,,,False,False
2004-04-04 14:00:00,25.8,31.1,1.0143,,,False,False
2004-04-04 15:00:00,26.1,30.8,1.0253,,,False,False
2004-04-04 16:00:00,24.4,36.0,1.085,,,False,False
2004-04-04 17:00:00,23.0,36.2,1.0053,,,False,False
2004-04-04 18:00:00,22.1,39.3,1.0336,,,False,False
2004-04-04 19:00:00,19.8,44.6,1.0208,,,False,False
2004-04-04 20:00:00,18.5,48.9,1.0323,,,False,False
2004-04-04 21:00:00,16.6,56.1,1.0481,,,False,False
2004-04-04 22:00:00,15.8,58.8,1.0464,,,False,False
2004-04-04 23:00:00,15.3,60.8,1.0501,,,False,False
2004-04-05 00:00:00,14.7,64.4,1.0717,,,False,False
2004-04-05 01:00:00,14.8,63.3,1.0584,,,False,False
2004-04-05 02:00:00,15.0,61.5,1.0418,,,False,False
2004-04-05 03:00:00,15.5,56.9,0.9961,,,False,False
2004-04-05 04:00:00,16.0,54.0,0.9742,,,False,False
2004-04-05 05:00:00,13.5,63.9,0.9809,,,False,False
2004-04-05 06:00:00,12.9,65.3,0.9688,,,False,False
2004-04-05 07:00:00,13.4,62.5,0.9582,,,False,False
2004-04-05 08:00:00,14.5,58.8,0.963,,,False,False
2004-04-05 09:00:00,15.3,56.7,0.9773,,,False,False
2004-04-05 10:00:00,15.6,57.4,1.0075,3.1,124.0,False,False
2004-04-05 11:00:00,16.6,55.2,1.0382,3.0,121.0,False,False
2004-04-05 12:00:00,17.0,54.3,1.0434,3.2,114.0,False,False
2004-04-05 13:00:00,18.0,51.5,1.0552,3.1,114.0,False,False
2004-04-05 14:00:00,19.5,47.5,1.0653,2.5,106.0,False,False
2004-04-05 15:00:00,21.6,41.7,1.0606,2.1,89.0,False,False
2004-04-05 16:00:00,22.2,38.3,1.0106,2.0,82.0,False,False
2004-04-05 17:00:00,20.3,42.8,1.0053,3.2,111.0,False,False
2004-04-05 18:00:00,19.7,45.4,1.0312,4.1,132.0,False,False
2004-04-05 19:00:00,18.8,47.5,1.0199,3.9,121.0,False,False
2004-04-05 20:00:00,17.9,49.4,1.0064,3.1,116.0,False,False
2004-04-05 21:00:00,17.5,50.9,1.009,2.0,100.0,False,False
2004-04-05 22:00:00,17.4,51.8,1.023,1.7,89.0,False,False
2004-04-05 23:00:00,17.0,53.9,1.0363,1.6,92.0,False,False
2004-04-06 00:00:00,16.6,55.4,1.0408,1.0,71.0,False,False
2004-04-06 01:00:00,15.9,57.0,1.0224,0.8,51.0,False,False
2004-04-06 02:00:00,15.0,59.2,1.0059,0.5,39.0,False,False
2004-04-06 03:00:00,14.5,61.4,1.0041,0.5,,False,False
2004-04-06 04:00:00,14.1,61.6,0.9883,0.5,35.0,False,False
2004-04-06 05:00:00,14.6,58.8,0.9711,0.8,64.0,False,False
2004-04-06 06:00:00,14.4,58.9,0.9594,1.7,94.0,False,False
2004-04-06 07:00:00,15.3,55.2,0.9538,4.5,134.0,False,False
2004-04-06 08:00:00,16.2,52.5,0.9576,6.2,129.0,False,False
2004-04-06 09:00:00,18.4,46.3,0.9734,4.4,125.0,False,False
2004-04-06 10:00:00,19.6,41.8,0.9407,2.9,107.0,False,False
2004-04-06 11:00:00,20.2,40.1,0.937,1.6,78.0,False,False
2004-04-06 12:00:00,20.9,36.6,0.8939,2.6,91.0,False,False
2004-04-06 13:00:00,20.4,34.7,0.8229,2.9,116.0,False,False
2004-04-06 14:00:00,19.3,35.4,0.7813,2.5,131.0,False,False
2004-04-06 15:00:00,18.6,36.9,0.7829,1.9,113.0,False,False
2004-04-06 16:00:00,18.8,36.8,0.7883,1.9,98.0,False,False
2004-04-06 17:00:00,17.5,40.6,0.8068,2.7,116.0,False,False
2004-04-06 18:00:00,16.8,44.3,0.8428,3.0,120.0,False,False
2004-04-06 19:00:00,16.3,47.7,0.8746,3.3,126.0,False,False
2004-04-06 20:00:00,15.6,50.7,0.8947,3.2,126.0,False,False
2004-04-06 21:00:00,15.7,49.4,0.8768,1.8,90.0,False,False
2004-04-06 22:00:00,15.8,48.6,0.8653,1.3,81.0,False,False
2004-04-06 23:00:00,15.7,47.0,0.8325,1.1,74.0,False,False
2004-04-07 00:00:00,15.7,45.9,0.8121,0.9,67.0,False,False
2004-04-07 01:00:00,15.6,44.9,0.792,0.7,46.0,False,False
2004-04-07 02:00:00,15.6,44.4,0.7827,0.4,30.0,False,False
2004-04-07 03:00:00,16.1,42.4,0.7718,0.3,,False,False
2004-04-07 04:00:00,15.7,45.4,0.8063,0.3,19.0,False,False
2004-04-07 05:00:00,15.3,50.1,0.8617,0.3,32.0,False,False
2004-04-07 06:00:00,14.2,58.6,0.9443,0.8,61.0,False,False
2004-04-07 07:00:00,14.3,58.2,0.9431,2.8,111.0,False,False
2004-04-07 08:00:00,15.0,52.0,0.8817,3.1,102.0,False,False
2004-04-07 09:00:00,13.6,61.4,0.9519,2.3,116.0,False,False
2004-04-07 10:00:00,16.1,53.1,0.9675,1.6,96.0,False,False
2004-04-07 11:00:00,16.6,44.3,0.8294,1.5,97.0,False,False
2004-04-07 12:00:00,17.4,40.3,0.7922,1.6,110.0,False,False
2004-04-07 13:00:00,18.1,42.2,0.8679,1.8,103.0,False,False
2004-04-07 14:00:00,14.4,51.8,0.8433,1.4,79.0,False,False
2004-04-07 15:00:00,10.9,76.4,0.9953,1.9,104.0,False,False
2004-04-07 16:00:00,16.4,47.7,0.8819,1.2,69.0,False,False
2004-04-07 17:00:00,18.0,37.1,0.7598,2.3,96.0,False,False
2004-04-07 18:00:00,14.7,48.7,0.8089,3.3,121.0,False,False
2004-04-07 19:00:00,11.3,71.3,0.9514,3.1,129.0,False,False
2004-04-07 20:00:00,10.0,74.0,0.9087,3.3,116.0,False,False
2004-04-07 21:00:00,9.8,71.8,0.8702,1.2,71.0,False,False
2004-04-07 22:00:00,9.3,75.2,0.8796,1.3,85.0,False,False
2004-04-07 23:00:00,9.6,76.0,0.9088,1.9,101.0,False,False
2004-04-08 00:00:00,9.3,75.0,0.8799,1.4,97.0,False,False
2004-04-08 01:00:00,9.0,76.7,0.8825,1.5,89.0,False,False
2004-04-08 02:00:00,8.2,79.6,0.8672,1.1,72.0,False,False
2004-04-08 03:00:00,7.6,80.6,0.8437,0.8,,False,False
2004-04-08 04:00:00,8.3,75.6,0.8302,,57.0,False,False
2004-04-08 05:00:00,8.1,72.1,0.7798,0.8,62.0,False,False
2004-04-08 06:00:00,8.1,70.4,0.7609,1.1,64.0,False,False
2004-04-08 07:00:00,8.1,70.5,0.7627,2.6,80.0,False,False
2004-04-08 08:00:00,9.9,64.3,0.7859,5.1,118.0,False,False
2004-04-08 09:00:00,13.0,54.2,0.809,4.2,130.0,False,False
2004-04-08 10:00:00,16.5,42.6,0.7912,2.6,113.0,False,False
2004-04-08 11:00:00,19.3,34.2,0.7566,2.4,112.0,False,False
2004-04-08 12:00:00,21.5,27.4,0.6941,2.1,96.0,False,False
2004-04-08 13:00:00,20.4,26.7,0.6323,2.6,125.0,False,False
2004-04-08 14:00:00,20.6,22.6,0.5432,2.8,128.0,False,False
2004-04-08 15:00:00,20.6,24.8,0.5931,2.5,101.0,False,False
2004-04-08 16:00:00,21.0,25.4,0.6264,1.9,95.0,False,False
2004-04-08 17:00:00,21.5,24.5,0.6203,3.6,138.0,False,False
2004-04-08 18:00:00,19.3,28.6,0.6357,4.6,154.0,False,False
2004-04-08 19:00:00,18.0,32.9,0.6737,6.3,171.0,False,False
2004-04-08 20:00:00,15.8,39.8,0.7096,4.3,136.0,False,False
2004-04-08 21:00:00,15.3,41.5,0.7194,1.6,93.0,False,False
2004-04-08 22:00:00,14.1,46.0,0.7363,1.4,99.0,False,False
2004-04-08 23:00:00,,,,2.0,106.0,False,False
2004-04-09 00:00:00,,,,2.4,109.0,False,False
2004-04-09 01:00:00,,,,1.8,97.0,False,False
2004-04-09 02:00:00,,,,1.0,83.0,False,False
2004-04-09 03:00:00,,,,1.0,,False,False
2004-04-09 04:00:00,,,,1.0,79.0,False,False
2004-04-09 05:00:00,,,,0.9,84.0,False,False
2004-04-09 06:00:00,,,,1.5,86.0,False,False
2004-04-09 07:00:00,,,,2.6,111.0,False,False
2004-04-09 08:00:00,,,,2.9,117.0,False,False
2004-04-09 09:00:00,,,,2.7,122.0,False,False
2004-04-09 10:00:00,,,,2.4,119.0,False,False
2004-04-09 11:00:00,,,,2.6,121.0,False,False
2004-04-09 12:00:00,,,,4.1,127.0,False,False
2004-04-09 13:00:00,,,,4.3,135.0,False,False
2004-04-09 14:00:00,,,,2.2,119.0,False,False
2004-04-09 15:00:00,,,,3.4,137.0,False,False
2004-04-09 16:00:00,,,,3.6,139.0,False,False
2004-04-09 17:00:00,,,,2.5,117.0,False,False
2004-04-09 18:00:00,,,,2.8,127.0,False,False
2004-04-09 19:00:00,,,,3.4,137.0,False,False
2004-04-09 20:00:00,,,,3.0,127.0,False,False
2004-04-09 21:00:00,,,,2.1,107.0,False,False
2004-04-09 22:00:00,,,,2.4,102.0,False,False
2004-04-09 23:00:00,12.0,67.9,0.9523,2.3,95.0,False,False
2004-04-10 00:00:00,12.0,66.9,0.9336,1.3,79.0,False,False
2004-04-10 01:00:00,11.5,70.1,0.9503,1.7,78.0,False,False
2004-04-10 02:00:00,11.4,69.8,0.939,1.7,75.0,False,False
2004-04-10 03:00:00,11.1,69.3,0.9128,1.0,,False,False
2004-04-10 04:00:00,10.8,70.3,0.9092,0.8,52.0,False,False
2004-04-10 05:00:00,10.2,73.4,0.9129,1.0,55.0,False,False
2004-04-10 06:00:00,10.8,70.5,0.9142,1.4,65.0,False,False
2004-04-10 07:00:00,11.0,71.0,0.9279,1.7,72.0,False,False
2004-04-10 08:00:00,12.4,64.0,0.9206,2.0,76.0,False,False
2004-04-10 09:00:00,15.0,53.1,0.8993,2.0,84.0,False,False
2004-04-10 10:00:00,16.6,44.4,0.8313,1.9,90.0,False,False
2004-04-10 11:00:00,18.0,38.4,0.7862,2.1,89.0,False,False
2004-04-10 12:00:00,20.6,30.0,0.7213,1.8,87.0,False,False
2004-04-10 13:00:00,19.9,26.7,0.6137,1.5,88.0,False,False
2004-04-10 14:00:00,19.8,23.1,0.5283,1.3,81.0,False,False
2004-04-10 15:00:00,21.4,22.7,0.5722,1.4,89.0,False,False
2004-04-10 16:00:00,22.1,21.3,0.5605,1.5,91.0,False,False
2004-04-10 17:00:00,21.1,24.5,0.604,1.7,104.0,False,False
2004-04-10 18:00:00,18.3,31.6,0.6562,2.0,111.0,False,False
2004-04-10 19:00:00,16.1,35.0,0.6372,2.5,129.0,False,False
2004-04-10 20:00:00,14.8,41.5,0.6929,2.4,133.0,False,False
2004-04-10 21:00:00,13.2,50.3,0.7577,2.0,115.0,False,False
2004-04-10 22:00:00,12.3,55.5,0.7916,2.9,125.0,False,False
2004-04-10 23:00:00,11.8,56.6,0.7833,2.5,117.0,False,False
2004-04-11 00:00:00,11.2,56.2,0.7469,1.4,84.0,False,False
2004-04-11 01:00:00,11.0,56.6,0.7418,1.2,63.0,False,False
2004-04-11 02:00:00,9.3,64.3,0.7531,1.0,68.0,False,False
2004-04-11 03:00:00,8.8,66.0,0.7501,1.0,,False,False
2004-04-11 04:00:00,7.8,70.4,0.7463,,52.0,False,False
2004-04-11 05:00:00,7.7,70.7,0.7463,0.7,49.0,False,False
2004-04-11 06:00:00,7.4,71.0,0.7346,0.8,49.0,False,False
2004-04-11 07:00:00,8.2,66.6,0.7283,0.9,52.0,False,False
2004-04-11 08:00:00,8.7,64.3,0.7267,1.1,58.0,False,False
2004-04-11 09:00:00,13.0,47.9,0.7116,1.0,51.0,False,False
2004-04-11 10:00:00,17.4,35.4,0.699,1.6,77.0,False,False
2004-04-11 11:00:00,20.2,29.2,0.683,1.8,90.0,False,False
2004-04-11 12:00:00,22.7,22.9,0.6224,2.6,118.0,False,False
2004-04-11 13:00:00,22.3,22.4,0.5955,1.1,70.0,False,False
2004-04-11 14:00:00,22.2,18.9,0.4993,0.6,35.0,False,False
2004-04-11 15:00:00,22.0,19.0,0.4969,0.9,46.0,False,False
2004-04-11 16:00:00,21.0,23.6,0.5788,1.0,58.0,False,False
2004-04-11 17:00:00,19.6,27.4,0.6162,1.2,61.0,False,False
2004-04-11 18:00:00,17.9,30.8,0.6258,1.4,80.0,False,False
2004-04-11 19:00:00,16.4,35.3,0.6532,2.0,93.0,False,False
2004-04-11 20:00:00,15.6,37.5,0.6575,1.1,78.0,False,False
2004-04-11 21:00:00,15.5,36.7,0.6438,1.1,76.0,False,False
2004-04-11 22:00:00,14.5,39.0,0.6428,1.1,74.0,False,False
2004-04-11 23:00:00,14.2,38.2,0.6163,1.1,81.0,False,False
2004-04-12 00:00:00,13.7,38.3,0.5957,0.7,58.0,False,False
2004-04-12 01:00:00,14.1,34.0,0.5442,0.6,59.0,False,False
2004-04-12 02:00:00,14.6,34.0,0.5605,0.7,54.0,False,False
2004-04-12 03:00:00,14.4,32.8,0.5364,0.6,,False,False
2004-04-12 04:00:00,13.9,30.9,0.4868,0.3,25.0,False,False
2004-04-12 05:00:00,13.5,37.9,0.5852,0.3,26.0,False,False
2004-04-12 06:00:00,13.9,43.6,0.6871,0.4,49.0,False,False
2004-04-12 07:00:00,13.5,50.1,0.7706,0.5,53.0,False,False
2004-04-12 08:00:00,13.3,53.6,0.8169,0.6,57.0,False,False
2004-04-12 09:00:00,13.4,56.0,0.8576,0.8,73.0,False,False
2004-04-12 10:00:00,13.0,59.6,0.886,1.0,78.0,False,False
2004-04-12 11:00:00,12.7,62.7,0.9173,1.3,93.0,False,False
2004-04-12 12:00:00,12.1,60.5,0.8505,1.1,71.0,False,False
2004-04-12 13:00:00,11.2,64.4,0.8537,0.6,56.0,False,False
2004-04-12 14:00:00,10.7,67.6,0.8703,0.7,60.0,False,False
2004-04-12 15:00:00,11.4,61.2,0.8236,1.2,77.0,False,False
2004-04-12 16:00:00,9.9,70.5,0.8581,1.4,82.0,False,False
2004-04-12 17:00:00,10.3,65.2,0.8151,1.2,77.0,False,False
2004-04-12 18:00:00,11.0,58.9,0.7714,1.3,91.0,False,False
2004-04-12 19:00:00,10.6,59.5,0.7595,1.8,93.0,False,False
2004-04-12 20:00:00,10.6,57.7,0.7362,1.2,82.0,False,False
2004-04-12 21:00:00,10.6,56.1,0.7149,0.8,74.0,False,False
2004-04-12 22:00:00,10.3,58.0,0.7239,0.8,68.0,False,False
2004-04-12 23:00:00,10.4,58.4,0.7352,0.8,65.0,False,False
2004-04-13 00:00:00,10.7,58.2,0.7459,0.7,58.0,False,False
2004-04-13 01:00:00,10.5,59.9,0.7624,0.5,36.0,False,False
2004-04-13 02:00:00,10.5,60.8,0.7704,0.3,29.0,False,False
2004-04-13 03:00:00,10.6,63.1,0.8068,0.4,,False,False
2004-04-13 04:00:00,11.1,60.1,0.7925,0.3,28.0,False,False
2004-04-13 05:00:00,10.1,68.4,0.8443,0.7,68.0,False,False
2004-04-13 06:00:00,10.0,68.7,0.8456,1.6,99.0,False,False
2004-04-13 07:00:00,11.0,64.2,0.8398,3.9,130.0,False,False
2004-04-13 08:00:00,12.0,58.1,0.8138,4.5,128.0,False,False
2004-04-13 09:00:00,12.8,52.0,0.7643,2.7,120.0,False,False
2004-04-13 10:00:00,12.6,50.8,0.7387,1.6,93.0,False,False
2004-04-13 11:00:00,13.8,47.4,0.7435,1.6,96.0,False,False
2004-04-13 12:00:00,15.1,42.7,0.7294,1.6,84.0,False,False
2004-04-13 13:00:00,16.3,38.1,0.7006,1.5,87.0,False,False
2004-04-13 14:00:00,16.6,36.7,0.6867,1.8,87.0,False,False
2004-04-13 15:00:00,15.8,40.5,0.7241,2.1,103.0,False,False
2004-04-13 16:00:00,16.3,41.8,0.7712,1.7,88.0,False,False
2004-04-13 17:00:00,16.1,42.8,0.7783,3.0,118.0,False,False
2004-04-13 18:00:00,15.3,46.8,0.8074,4.6,134.0,False,False
2004-04-13 19:00:00,14.7,47.0,0.7815,5.0,144.0,False,False
2004-04-13 20:00:00,14.1,49.6,0.7931,3.5,129.0,False,False
2004-04-13 21:00:00,13.5,54.1,0.8351,2.1,108.0,False,False
2004-04-13 22:00:00,12.3,59.2,0.8461,2.1,104.0,False,False
2004-04-13 23:00:00,11.6,62.2,0.851,1.5,90.0,False,False
2004-04-14 00:00:00,11.5,61.4,0.8303,1.1,74.0,False,False
2004-04-14 01:00:00,10.9,64.6,0.8395,0.9,73.0,False,False
2004-04-14 02:00:00,11.1,63.2,0.8331,0.7,60.0,False,False
2004-04-14 03:00:00,10.7,64.4,0.8284,0.4,,False,False
2004-04-14 04:00:00,10.7,63.8,0.8174,,57.0,False,False
2004-04-14 05:00:00,10.2,65.8,0.8196,0.9,62.0,False,False
2004-04-14 06:00:00,10.3,65.6,0.8225,1.6,71.0,False,False
2004-04-14 07:00:00,10.8,64.0,0.8307,3.9,94.0,False,False
2004-04-14 08:00:00,13.3,55.6,0.8453,5.0,99.0,False,False
2004-04-14 09:00:00,15.8,46.8,0.8328,4.3,119.0,False,False
2004-04-14 10:00:00,19.5,34.4,0.7738,2.7,103.0,False,False
2004-04-14 11:00:00,21.1,30.2,0.745,2.1,95.0,False,False
2004-04-14 12:00:00,18.4,34.2,0.7185,2.1,95.0,False,False
2004-04-14 13:00:00,21.0,30.6,0.7538,,,False,False
2004-04-14 14:00:00,21.4,28.7,0.7231,,,False,False
2004-04-14 15:00:00,21.3,27.3,0.6856,,,False,False
2004-04-14 16:00:00,20.4,30.4,0.7193,,,False,False
2004-04-14 17:00:00,18.7,34.8,0.7436,,,False,False
2004-04-14 18:00:00,18.6,34.7,0.7369,,,False,False
2004-04-14 19:00:00,17.9,35.8,0.7276,,,False,False
2004-04-14 20:00:00,16.5,42.1,0.7856,,,False,False
2004-04-14 21:00:00,14.8,49.7,0.8321,,,False,False
2004-04-14 22:00:00,13.4,54.3,0.8291,,,False,False
2004-04-14 23:00:00,13.4,54.2,0.8319,,,False,False
2004-04-15 00:00:00,12.3,57.6,0.8223,,,False,False
2004-04-15 01:00:00,11.6,58.8,0.7996,,,False,False
2004-04-15 02:00:00,10.7,62.3,0.7988,,,False,False
2004-04-15 03:00:00,10.2,63.2,0.7865,,,False,False
2004-04-15 04:00:00,10.5,61.3,0.7761,,,False,False
2004-04-15 05:00:00,9.3,65.8,0.7722,,,False,False
2004-04-15 06:00:00,9.1,67.4,0.7814,,,False,False
2004-04-15 07:00:00,10.2,62.9,0.7831,,,False,False
2004-04-15 08:00:00,11.6,58.7,0.7999,,,False,False
2004-04-15 09:00:00,13.5,53.4,0.8196,3.9,114.0,False,False
2004-04-15 10:00:00,15.0,49.3,0.8364,3.8,127.0,False,False
2004-04-15 11:00:00,17.1,42.1,0.812,3.8,135.0,False,False
2004-04-15 12:00:00,18.4,36.9,0.7758,3.9,135.0,False,False
2004-04-15 13:00:00,19.3,35.4,0.7824,3.5,120.0,False,False
2004-04-15 14:00:00,19.2,35.7,0.7826,4.0,129.0,False,False
2004-04-15 15:00:00,21.5,30.4,0.7677,3.0,114.0,False,False
2004-04-15 16:00:00,19.6,34.6,0.7807,3.1,129.0,False,False
2004-04-15 17:00:00,19.6,35.5,0.8017,5.2,149.0,False,False
2004-04-15 18:00:00,18.3,44.1,0.9183,5.9,149.0,False,False
2004-04-15 19:00:00,17.4,47.8,0.9392,7.3,158.0,False,False
2004-04-15 20:00:00,16.8,49.8,0.9446,6.1,148.0,False,False
2004-04-15 21:00:00,16.2,53.2,0.9723,4.6,134.0,False,False
2004-04-15 22:00:00,14.9,59.1,0.9928,2.5,111.0,False,False
2004-04-15 23:00:00,13.9,64.0,1.013,2.2,106.0,False,False
2004-04-16 00:00:00,13.7,66.8,1.041,2.0,108.0,False,False
2004-04-16 01:00:00,13.4,69.6,1.0688,1.9,93.0,False,False
2004-04-16 02:00:00,12.8,71.9,1.0632,1.6,83.0,False,False
2004-04-16 03:00:00,12.9,68.5,1.0155,1.0,,False,False
2004-04-16 04:00:00,11.9,74.8,1.038,1.0,69.0,False,False
2004-04-16 05:00:00,11.6,76.4,1.0415,1.2,77.0,False,False
2004-04-16 06:00:00,11.7,75.3,1.0325,2.0,87.0,False,False
2004-04-16 07:00:00,12.8,71.0,1.0428,4.5,109.0,False,False
2004-04-16 08:00:00,13.8,61.1,0.9595,4.1,116.0,False,False
2004-04-16 09:00:00,15.3,51.4,0.8886,2.6,105.0,False,False
2004-04-16 10:00:00,16.6,48.7,0.9146,2.3,106.0,False,False
2004-04-16 11:00:00,17.6,46.7,0.9324,2.6,108.0,False,False
2004-04-16 12:00:00,19.2,42.7,0.9425,2.4,100.0,False,False
2004-04-16 13:00:00,15.7,62.5,1.1092,4.3,149.0,False,False
2004-04-16 14:00:00,14.5,75.7,1.2425,4.6,148.0,False,False
2004-04-16 15:00:00,14.4,77.4,1.2654,4.0,126.0,False,False
2004-04-16 16:00:00,14.6,74.9,1.2391,4.7,140.0,False,False
2004-04-16 17:00:00,14.6,76.0,1.2573,5.7,142.0,False,False
2004-04-16 18:00:00,14.0,76.3,1.2166,5.2,141.0,False,False
2004-04-16 19:00:00,13.9,78.0,1.2303,6.4,149.0,False,False
2004-04-16 20:00:00,13.8,78.0,1.2229,6.0,140.0,False,False
2004-04-16 21:00:00,13.5,79.4,1.2224,3.4,117.0,False,False
2004-04-16 22:00:00,13.1,80.1,1.2016,2.7,103.0,False,False
2004-04-16 23:00:00,12.8,81.0,1.1915,3.1,99.0,False,False
2004-04-17 00:00:00,12.7,80.6,1.1819,2.6,100.0,False,False
2004-04-17 01:00:00,12.5,81.8,1.1838,2.2,88.0,False,False
2004-04-17 02:00:00,12.7,81.2,1.1849,1.9,83.0,False,False
2004-04-17 03:00:00,12.4,82.4,1.1848,,,False,False
2004-04-17 04:00:00,12.6,79.9,1.1619,,,False,False
2004-04-17 05:00:00,12.8,80.0,1.1761,,,False,False
2004-04-17 06:00:00,12.6,79.9,1.1596,,,False,False
2004-04-17 07:00:00,12.5,79.6,1.1538,,,False,False
2004-04-17 08:00:00,12.8,80.8,1.1863,,,False,False
2004-04-17 09:00:00,13.5,78.1,1.1997,,,False,False
2004-04-17 10:00:00,14.6,74.9,1.2348,,,False,False
2004-04-17 11:00:00,16.8,61.0,1.1599,,,False,False
2004-04-17 12:00:00,18.8,50.1,1.0769,,,False,False
2004-04-17 13:00:00,19.3,47.1,1.0445,,,False,False
2004-04-17 14:00:00,19.3,46.6,1.0298,,,False,False
2004-04-17 15:00:00,19.7,44.4,1.0081,,,False,False
2004-04-17 16:00:00,19.3,45.7,1.0161,,,False,False
2004-04-17 17:00:00,17.9,49.9,1.0135,,,False,False
2004-04-17 18:00:00,16.9,53.2,1.0179,,,False,False
2004-04-17 19:00:00,16.1,56.0,1.0151,,,False,False
2004-04-17 20:00:00,16.5,52.8,0.986,,,False,False
2004-04-17 21:00:00,16.9,51.1,0.9743,,,False,False
2004-04-17 22:00:00,17.0,50.8,0.9751,,,False,False
2004-04-17 23:00:00,16.9,54.8,1.0455,,,False,False
2004-04-18 00:00:00,16.3,57.2,1.0492,,,False,False
2004-04-18 01:00:00,16.0,56.2,1.0164,,,False,False
2004-04-18 02:00:00,15.6,60.2,1.0617,,,False,False
2004-04-18 03:00:00,14.6,68.2,1.1282,,,False,False
2004-04-18 04:00:00,14.3,69.6,1.1257,,,False,False
2004-04-18 05:00:00,13.8,71.9,1.1312,,,False,False
2004-04-18 06:00:00,13.8,72.7,1.1402,,,False,False
2004-04-18 07:00:00,14.2,72.3,1.1632,,,False,False
2004-04-18 08:00:00,14.5,72.9,1.195,,,False,False
2004-04-18 09:00:00,14.2,75.6,1.2201,,,False,False
2004-04-18 10:00:00,14.5,77.2,1.2695,,,False,False
2004-04-18 11:00:00,14.9,74.5,1.253,,,False,False
2004-04-18 12:00:00,15.5,67.4,1.178,,,False,False
2004-04-18 13:00:00,16.7,56.0,1.0544,,,False,False
2004-04-18 14:00:00,17.1,55.5,1.0724,,,False,False
2004-04-18 15:00:00,16.2,62.4,1.1423,,,False,False
2004-04-18 16:00:00,17.4,58.9,1.1567,,,False,False
2004-04-18 17:00:00,17.5,54.6,1.08,,,False,False
2004-04-18 18:00:00,17.5,54.2,1.0722,,,False,False
2004-04-18 19:00:00,17.0,55.1,1.0621,,,False,False
2004-04-18 20:00:00,16.4,57.8,1.0669,,,False,False
2004-04-18 21:00:00,15.8,60.4,1.0744,,,False,False
2004-04-18 22:00:00,15.5,63.3,1.1071,,,False,False
2004-04-18 23:00:00,15.0,65.2,1.1045,,,False,False
2004-04-19 00:00:00,14.5,67.3,1.1054,,,False,False
2004-04-19 01:00:00,14.1,70.1,1.1224,,,False,False
2004-04-19 02:00:00,13.8,73.3,1.1518,,,False,False
2004-04-19 03:00:00,13.1,78.3,1.1716,,,False,False
2004-04-19 04:00:00,13.0,78.2,1.1664,,,False,False
2004-04-19 05:00:00,14.3,70.1,1.1328,,,False,False
2004-04-19 06:00:00,14.0,70.9,1.1306,,,False,False
2004-04-19 07:00:00,15.4,64.2,1.1123,,,False,False
2004-04-19 08:00:00,16.5,57.9,1.0826,,,False,False
2004-04-19 09:00:00,18.8,48.0,1.0323,,,False,False
2004-04-19 10:00:00,19.5,43.3,0.9706,,,False,False
2004-04-19 11:00:00,18.5,45.5,0.9606,,,False,False
2004-04-19 12:00:00,18.0,46.7,0.9569,,,False,False
2004-04-19 13:00:00,16.5,58.2,1.0813,,,False,False
2004-04-19 14:00:00,12.1,75.6,1.0662,,,False,False
2004-04-19 15:00:00,11.1,75.6,0.9974,,,False,False
2004-04-19 16:00:00,10.5,79.0,1.0016,,,False,False
2004-04-19 17:00:00,10.0,80.5,0.9853,,,False,False
2004-04-19 18:00:00,11.3,70.5,0.9389,,,False,False
2004-04-19 19:00:00,10.7,71.5,0.9197,,,False,False
2004-04-19 20:00:00,9.9,74.0,0.9009,,,False,False
2004-04-19 21:00:00,10.8,68.2,0.8806,,,False,False
2004-04-19 22:00:00,10.2,74.0,0.9176,,,False,False
2004-04-19 23:00:00,10.1,77.5,0.9579,,,False,False
2004-04-20 00:00:00,9.9,77.7,0.9497,,,False,False
2004-04-20 01:00:00,9.5,80.2,0.9533,,,False,False
2004-04-20 02:00:00,9.5,79.7,0.9489,,,False,False
2004-04-20 03:00:00,9.7,78.9,0.9487,,,False,False
2004-04-20 04:00:00,9.8,80.0,0.967,,,False,False
2004-04-20 05:00:00,10.0,79.6,0.98,,,False,False
2004-04-20 06:00:00,10.3,79.4,0.9927,,,False,False
2004-04-20 07:00:00,11.0,77.4,1.0135,,,False,False
2004-04-20 08:00:00,12.3,69.2,0.9906,,,False,False
2004-04-20 09:00:00,14.5,60.4,0.9936,,,False,False
2004-04-20 10:00:00,16.0,56.3,1.0185,,,False,False
2004-04-20 11:00:00,18.1,51.1,1.0551,,,False,False
2004-04-20 12:00:00,23.0,37.5,1.0389,,,False,False
2004-04-20 13:00:00,21.8,39.6,1.0209,,,False,False
2004-04-20 14:00:00,21.9,37.2,0.9683,,,False,False
2004-04-20 15:00:00,23.8,31.4,0.9132,,,False,False
2004-04-20 16:00:00,25.9,26.9,0.8845,,,False,False
2004-04-20 17:00:00,25.8,29.9,0.9808,,,False,False
2004-04-20 18:00:00,22.6,39.5,1.0679,,,False,False
2004-04-20 19:00:00,19.9,45.0,1.0364,,,False,False
2004-04-20 20:00:00,17.9,47.4,0.9657,,,False,False
2004-04-20 21:00:00,16.8,50.4,0.9545,,,False,False
2004-04-20 22:00:00,16.0,52.0,0.9375,,,False,False
2004-04-20 23:00:00,14.2,59.1,0.952,,,False,False
2004-04-21 00:00:00,14.2,56.7,0.9111,,,False,False
2004-04-21 01:00:00,12.2,67.7,0.9625,,,False,False
2004-04-21 02:00:00,13.2,61.7,0.9328,,,False,False
2004-04-21 03:00:00,10.9,71.0,0.9249,,,False,False
2004-04-21 04:00:00,11.3,67.6,0.9038,,,False,False
2004-04-21 05:00:00,10.1,71.8,0.888,,,False,False
2004-04-21 06:00:00,10.2,70.9,0.8841,,,False,False
2004-04-21 07:00:00,11.8,66.0,0.9085,,,False,False
2004-04-21 08:00:00,14.0,58.2,0.9271,,,False,False
2004-04-21 09:00:00,17.0,50.2,0.9646,,,False,False
2004-04-21 10:00:00,22.3,36.9,0.9838,,,False,False
2004-04-21 11:00:00,24.4,30.9,0.934,,,False,False
2004-04-21 12:00:00,25.9,26.7,0.8771,,,False,False
2004-04-21 13:00:00,25.8,26.1,0.854,,,False,False
2004-04-21 14:00:00,26.3,24.8,0.8393,,,False,False
2004-04-21 15:00:00,27.0,22.2,0.7805,,,False,False
2004-04-21 16:00:00,27.3,20.5,0.7308,,,False,False
2004-04-21 17:00:00,25.8,24.1,0.7912,,,False,False
2004-04-21 18:00:00,25.3,28.9,0.9151,,,False,False
2004-04-21 19:00:00,23.8,33.7,0.9786,,,False,False
2004-04-21 20:00:00,21.4,36.0,0.9059,,,False,False
2004-04-21 21:00:00,19.8,39.5,0.9016,,,False,False
2004-04-21 22:00:00,19.2,42.1,0.9273,,,False,False
2004-04-21 23:00:00,18.8,45.8,0.9855,,,False,False
2004-04-22 00:00:00,17.1,50.8,0.9828,,,False,False
2004-04-22 01:00:00,16.2,53.4,0.9775,,,False,False
2004-04-22 02:00:00,16.0,53.5,0.9691,,,False,False
2004-04-22 03:00:00,14.3,59.2,0.9601,,,False,False
2004-04-22 04:00:00,13.3,62.6,0.9498,,,False,False
2004-04-22 05:00:00,13.4,59.5,0.9097,,,False,False
2004-04-22 06:00:00,12.2,64.1,0.9062,,,False,False
2004-04-22 07:00:00,13.9,57.2,0.9029,,,False,False
2004-04-22 08:00:00,15.2,53.2,0.9107,,,False,False
2004-04-22 09:00:00,19.2,41.6,0.9154,,,False,False
2004-04-22 10:00:00,23.7,30.6,0.8854,,,False,False
2004-04-22 11:00:00,26.1,26.8,0.8921,,,False,False
2004-04-22 12:00:00,28.1,24.4,0.9138,,,False,False
2004-04-22 13:00:00,28.3,23.9,0.906,,,False,False
2004-04-22 14:00:00,28.0,21.0,0.7814,,,False,False
2004-04-22 15:00:00,30.8,16.4,0.7167,,,False,False
2004-04-22 16:00:00,31.3,16.2,0.7262,,,False,False
2004-04-22 17:00:00,29.4,20.5,0.8262,,,False,False
2004-04-22 18:00:00,25.8,24.3,0.794,,,False,False
2004-04-22 19:00:00,23.8,29.5,0.8559,,,False,False
2004-04-22 20:00:00,22.0,34.8,0.908,,,False,False
2004-04-22 21:00:00,20.2,37.4,0.8748,,,False,False
2004-04-22 22:00:00,19.3,38.8,0.8559,,,False,False
2004-04-22 23:00:00,17.9,43.7,0.8856,,,False,False
2004-04-23 00:00:00,17.2,47.9,0.9334,,,False,False
2004-04-23 01:00:00,16.3,49.7,0.916,,,False,False
2004-04-23 02:00:00,16.7,46.5,0.8755,,,False,False
2004-04-23 03:00:00,14.6,53.0,0.8775,,,False,False
2004-04-23 04:00:00,14.1,53.9,0.8633,,,False,False
2004-04-23 05:00:00,14.2,52.2,0.8413,0.6,59.0,False,False
2004-04-23 06:00:00,14.3,55.4,0.9003,0.8,67.0,False,False
2004-04-23 07:00:00,14.0,58.0,0.9202,4.0,95.0,False,False
2004-04-23 08:00:00,15.4,53.3,0.9289,5.6,123.0,False,False
2004-04-23 09:00:00,19.1,42.1,0.9233,5.0,142.0,False,False
2004-04-23 10:00:00,23.7,31.0,0.8968,3.2,142.0,False,False
2004-04-23 11:00:00,26.9,25.7,0.8942,3.8,169.0,False,False
2004-04-23 12:00:00,29.7,20.6,0.8478,3.3,142.0,False,False
2004-04-23 13:00:00,29.2,21.5,0.8573,3.0,136.0,False,False
2004-04-23 14:00:00,29.6,20.1,0.8181,3.2,147.0,False,False
2004-04-23 15:00:00,30.0,19.4,0.81,4.4,196.0,False,False
2004-04-23 16:00:00,29.5,20.1,0.8136,4.6,186.0,False,False
2004-04-23 17:00:00,27.0,26.8,0.9403,5.2,177.0,False,False
2004-04-23 18:00:00,24.9,30.8,0.954,4.8,164.0,False,False
2004-04-23 19:00:00,23.1,36.7,1.0244,5.6,161.0,False,False
2004-04-23 20:00:00,21.5,40.8,1.0333,4.6,146.0,False,False
2004-04-23 21:00:00,20.5,41.5,0.9864,1.8,98.0,False,False
2004-04-23 22:00:00,19.2,44.9,0.9875,2.2,108.0,False,False
2004-04-23 23:00:00,18.8,47.7,1.0221,2.0,107.0,False,False
2004-04-24 00:00:00,18.2,49.7,1.0284,2.8,113.0,False,False
2004-04-24 01:00:00,16.1,57.4,1.0451,2.6,100.0,False,False
2004-04-24 02:00:00,16.3,55.3,1.0178,1.8,87.0,False,False
2004-04-24 03:00:00,15.7,53.6,0.9483,1.1,,False,False
2004-04-24 04:00:00,16.9,49.8,0.9514,,60.0,False,False
2004-04-24 05:00:00,14.8,57.7,0.9644,0.7,65.0,False,False
2004-04-24 06:00:00,14.0,59.7,0.9499,0.9,64.0,False,False
2004-04-24 07:00:00,14.6,56.8,0.9385,1.5,73.0,False,False
2004-04-24 08:00:00,16.7,51.9,0.9788,2.5,86.0,False,False
2004-04-24 09:00:00,20.0,45.0,1.039,3.0,105.0,False,False
2004-04-24 10:00:00,23.9,33.7,0.9837,2.6,107.0,False,False
2004-04-24 11:00:00,26.8,29.5,1.0209,2.6,114.0,False,False
2004-04-24 12:00:00,27.2,32.4,1.1493,2.6,105.0,False,False
2004-04-24 13:00:00,26.9,32.1,1.1217,1.9,74.0,False,False
2004-04-24 14:00:00,24.3,41.8,1.2561,2.0,95.0,False,False
2004-04-24 15:00:00,25.6,36.0,1.1629,1.7,89.0,False,False
2004-04-24 16:00:00,27.0,31.8,1.1176,1.9,95.0,False,False
2004-04-24 17:00:00,27.5,31.6,1.1417,1.8,93.0,False,False
2004-04-24 18:00:00,24.9,38.1,1.1838,2.8,123.0,False,False
2004-04-24 19:00:00,23.4,39.7,1.1276,3.5,134.0,False,False
2004-04-24 20:00:00,21.2,50.8,1.2631,3.4,126.0,False,False
2004-04-24 21:00:00,15.6,73.5,1.2953,2.0,79.0,False,False
2004-04-24 22:00:00,12.9,79.7,1.1774,1.1,54.0,False,False
2004-04-24 23:00:00,11.5,76.9,1.0436,1.3,69.0,False,False
2004-04-25 00:00:00,12.2,66.8,0.9455,1.2,67.0,False,False
2004-04-25 01:00:00,12.4,64.1,0.9209,1.3,73.0,False,False
2004-04-25 02:00:00,12.7,58.7,0.8605,1.0,73.0,False,False
2004-04-25 03:00:00,12.6,58.6,0.8529,1.3,,False,False
2004-04-25 04:00:00,12.5,51.2,0.7374,,33.0,False,False
2004-04-25 05:00:00,12.5,50.9,0.7346,0.3,20.0,False,False
2004-04-25 06:00:00,12.8,49.3,0.7285,0.5,37.0,False,False
2004-04-25 07:00:00,13.5,48.6,0.7487,0.6,50.0,False,False
2004-04-25 08:00:00,14.4,45.9,0.7476,0.6,45.0,False,False
2004-04-25 09:00:00,15.1,43.9,0.7487,0.8,48.0,False,False
2004-04-25 10:00:00,16.6,38.6,0.7236,1.0,56.0,False,False
2004-04-25 11:00:00,17.2,35.0,0.6789,0.9,58.0,False,False
2004-04-25 12:00:00,17.4,33.9,0.6683,1.0,52.0,False,False
2004-04-25 13:00:00,17.9,30.7,0.6234,0.8,52.0,False,False
2004-04-25 14:00:00,18.3,27.2,0.5675,0.7,44.0,False,False
2004-04-25 15:00:00,19.4,25.7,0.5738,0.9,59.0,False,False
2004-04-25 16:00:00,20.2,24.1,0.563,1.3,74.0,False,False
2004-04-25 17:00:00,19.6,24.9,0.5625,1.4,76.0,False,False
2004-04-25 18:00:00,18.5,27.8,0.5843,1.5,83.0,False,False
2004-04-25 19:00:00,17.8,30.3,0.6129,2.7,100.0,False,False
2004-04-25 20:00:00,16.6,34.0,0.6353,2.5,101.0,False,False
2004-04-25 21:00:00,15.5,37.0,0.6447,1.4,90.0,False,False
2004-04-25 22:00:00,14.8,39.5,0.6595,2.8,93.0,False,False
2004-04-25 23:00:00,14.5,42.0,0.6896,2.1,79.0,False,False
2004-04-26 00:00:00,14.1,44.9,0.7206,1.1,57.0,False,False
2004-04-26 01:00:00,14.2,45.5,0.7333,0.7,43.0,False,False
2004-04-26 02:00:00,14.1,45.3,0.7247,0.4,25.0,False,False
2004-04-26 03:00:00,14.0,44.3,0.7038,0.3,,False,False
2004-04-26 04:00:00,14.1,43.0,0.689,,17.0,False,False
2004-04-26 05:00:00,13.9,43.9,0.6923,0.4,44.0,False,False
2004-04-26 06:00:00,14.0,43.8,0.6959,0.8,72.0,False,False
2004-04-26 07:00:00,14.4,43.6,0.7113,1.9,91.0,False,False
2004-04-26 08:00:00,15.0,41.7,0.7093,2.1,89.0,False,False
2004-04-26 09:00:00,16.3,38.4,0.7052,1.4,84.0,False,False
2004-04-26 10:00:00,18.3,32.3,0.676,1.4,83.0,False,False
2004-04-26 11:00:00,18.8,31.7,0.6821,1.3,78.0,False,False
2004-04-26 12:00:00,19.6,30.9,0.6968,1.5,80.0,False,False
2004-04-26 13:00:00,20.2,30.7,0.7176,1.6,75.0,False,False
2004-04-26 14:00:00,19.7,32.5,0.7396,1.3,77.0,False,False
2004-04-26 15:00:00,20.7,31.6,0.7602,1.4,77.0,False,False
2004-04-26 16:00:00,20.0,32.7,0.7545,1.5,81.0,False,False
2004-04-26 17:00:00,18.6,35.4,0.7535,2.2,101.0,False,False
2004-04-26 18:00:00,18.3,35.9,0.7501,3.2,119.0,False,False
2004-04-26 19:00:00,17.8,37.5,0.7568,3.0,111.0,False,False
2004-04-26 20:00:00,17.3,38.8,0.7584,2.6,109.0,False,False
2004-04-26 21:00:00,17.3,38.8,0.7596,1.6,101.0,False,False
2004-04-26 22:00:00,16.4,40.8,0.7542,1.5,89.0,False,False
2004-04-26 23:00:00,16.0,41.4,0.7487,1.2,75.0,False,False
2004-04-27 00:00:00,15.4,43.0,0.7482,0.8,51.0,False,False
2004-04-27 01:00:00,15.7,42.5,0.7539,0.7,39.0,False,False
2004-04-27 02:00:00,15.6,43.4,0.7651,0.5,32.0,False,False
2004-04-27 03:00:00,15.2,45.8,0.7864,0.5,,False,False
2004-04-27 04:00:00,14.7,49.9,0.828,,49.0,False,False
2004-04-27 05:00:00,15.5,47.3,0.8282,0.7,68.0,False,False
2004-04-27 06:00:00,14.4,53.1,0.8677,1.4,76.0,False,False
2004-04-27 07:00:00,15.9,48.5,0.8704,4.1,122.0,False,False
2004-04-27 08:00:00,18.1,40.3,0.8294,4.6,129.0,False,False
2004-04-27 09:00:00,19.6,35.9,0.81,1.9,94.0,False,False
2004-04-27 10:00:00,22.8,29.1,0.796,1.9,99.0,False,False
2004-04-27 11:00:00,24.8,25.3,0.7793,1.7,81.0,False,False
2004-04-27 12:00:00,27.2,22.0,0.7785,2.4,87.0,False,False
2004-04-27 13:00:00,28.2,20.4,0.7677,3.0,107.0,False,False
2004-04-27 14:00:00,25.4,24.2,0.7733,2.0,95.0,False,False
2004-04-27 15:00:00,25.7,23.8,0.7737,2.7,110.0,False,False
2004-04-27 16:00:00,27.2,22.1,0.7811,2.2,99.0,False,False
2004-04-27 17:00:00,27.0,22.3,0.786,2.9,113.0,False,False
2004-04-27 18:00:00,24.5,27.8,0.8433,3.4,127.0,False,False
2004-04-27 19:00:00,23.7,30.2,0.8718,3.9,131.0,False,False
2004-04-27 20:00:00,21.5,34.5,0.8746,3.6,137.0,False,False
2004-04-27 21:00:00,19.9,37.8,0.8675,2.5,122.0,False,False
2004-04-27 22:00:00,18.9,40.6,0.8771,1.8,100.0,False,False
2004-04-27 23:00:00,17.9,43.5,0.884,2.0,108.0,False,False
2004-04-28 00:00:00,17.4,46.3,0.9112,1.3,83.0,False,False
2004-04-28 01:00:00,18.1,44.7,0.9186,1.0,74.0,False,False
2004-04-28 02:00:00,16.5,50.1,0.9331,0.6,64.0,False,False
2004-04-28 03:00:00,14.2,56.9,0.9141,0.6,,False,False
2004-04-28 04:00:00,14.7,56.2,0.9341,,40.0,False,False
2004-04-28 05:00:00,16.3,52.8,0.9722,0.5,39.0,False,False
2004-04-28 06:00:00,13.9,60.7,0.9597,1.1,69.0,False,False
2004-04-28 07:00:00,15.0,58.3,0.9876,5.5,104.0,False,False
2004-04-28 08:00:00,16.1,54.8,0.996,4.2,100.0,False,False
2004-04-28 09:00:00,19.3,46.4,1.0248,4.6,146.0,False,False
2004-04-28 10:00:00,24.2,33.8,1.0097,3.4,155.0,False,False
2004-04-28 11:00:00,26.7,28.7,0.9895,2.8,139.0,False,False
2004-04-28 12:00:00,27.4,28.2,1.0098,2.5,121.0,False,False
2004-04-28 13:00:00,28.1,26.9,1.0094,2.4,108.0,False,False
2004-04-28 14:00:00,27.7,26.5,0.9693,3.2,126.0,False,False
2004-04-28 15:00:00,28.4,23.4,0.8935,3.5,145.0,False,False
2004-04-28 16:00:00,28.4,26.0,0.9922,2.9,121.0,False,False
2004-04-28 17:00:00,27.3,30.0,1.0752,3.6,145.0,False,False
2004-04-28 18:00:00,24.3,37.3,1.1199,4.8,160.0,False,False
2004-04-28 19:00:00,23.1,42.2,1.1746,5.4,155.0,False,False
2004-04-28 20:00:00,21.8,43.6,1.1226,5.3,162.0,False,False
2004-04-28 21:00:00,19.8,46.8,1.0702,2.7,129.0,False,False
2004-04-28 22:00:00,19.6,49.8,1.1221,1.4,96.0,False,False
2004-04-28 23:00:00,17.9,56.2,1.142,1.6,92.0,False,False
2004-04-29 00:00:00,17.4,55.6,1.0963,1.5,89.0,False,False
2004-04-29 01:00:00,16.8,59.5,1.1269,1.0,61.0,False,False
2004-04-29 02:00:00,15.9,60.1,1.0806,0.6,54.0,False,False
2004-04-29 03:00:00,15.6,61.2,1.0784,0.4,,False,False
2004-04-29 04:00:00,14.6,63.4,1.0446,,44.0,False,False
2004-04-29 05:00:00,13.3,67.0,1.0203,0.8,57.0,False,False
2004-04-29 06:00:00,12.9,66.5,0.9846,1.5,68.0,False,False
2004-04-29 07:00:00,14.8,61.3,1.0237,4.9,95.0,False,False
2004-04-29 08:00:00,16.1,56.5,1.0274,7.2,125.0,False,False
2004-04-29 09:00:00,18.6,47.8,1.0143,3.5,135.0,False,False
2004-04-29 10:00:00,23.8,30.2,0.8771,2.1,118.0,False,False
2004-04-29 11:00:00,25.4,25.0,0.7966,1.5,91.0,False,False
2004-04-29 12:00:00,25.6,25.5,0.8234,2.0,89.0,False,False
2004-04-29 13:00:00,24.9,29.9,0.9325,3.8,129.0,False,False
2004-04-29 14:00:00,22.4,37.9,1.016,3.4,122.0,False,False
2004-04-29 15:00:00,21.7,44.0,1.1242,4.4,138.0,False,False
2004-04-29 16:00:00,21.4,44.4,1.1176,3.9,136.0,False,False
2004-04-29 17:00:00,20.8,45.3,1.1016,4.9,143.0,False,False
2004-04-29 18:00:00,20.2,48.6,1.1354,5.4,145.0,False,False
2004-04-29 19:00:00,20.2,50.8,1.1924,6.5,146.0,False,False
2004-04-29 20:00:00,18.6,57.6,1.2233,4.3,122.0,False,False
2004-04-29 21:00:00,18.2,58.8,1.2173,2.9,112.0,False,False
2004-04-29 22:00:00,17.8,61.0,1.2352,2.7,102.0,False,False
2004-04-29 23:00:00,17.0,70.7,1.3554,2.8,97.0,False,False
2004-04-30 00:00:00,16.2,76.9,1.4051,2.3,85.0,False,False
2004-04-30 01:00:00,15.7,78.6,1.3943,1.7,76.0,False,False
2004-04-30 02:00:00,15.7,78.4,1.3917,1.2,74.0,False,False
2004-04-30 03:00:00,15.7,77.4,1.3683,1.0,,False,False
2004-04-30 04:00:00,15.4,78.5,1.3635,,56.0,False,False
2004-04-30 05:00:00,15.7,74.7,1.3194,0.8,66.0,False,False
2004-04-30 06:00:00,15.9,73.1,1.3136,1.7,90.0,False,False
2004-04-30 07:00:00,16.6,68.2,1.2737,3.0,111.0,False,False
2004-04-30 08:00:00,18.7,57.6,1.2323,3.4,103.0,False,False
2004-04-30 09:00:00,17.6,65.0,1.2945,3.3,117.0,False,False
2004-04-30 10:00:00,16.3,73.2,1.3458,2.7,116.0,False,False
2004-04-30 11:00:00,16.0,78.5,1.4209,2.6,109.0,False,False
2004-04-30 12:00:00,17.3,72.4,1.4125,3.2,116.0,False,False
2004-04-30 13:00:00,19.4,60.9,1.3545,3.4,115.0,False,False
2004-04-30 14:00:00,21.4,50.9,1.2823,2.6,94.0,False,False
2004-04-30 15:00:00,22.7,45.8,1.2465,3.4,121.0,False,False
2004-04-30 16:00:00,20.9,60.8,1.4852,4.0,114.0,False,False
2004-04-30 17:00:00,21.0,54.3,1.3353,4.5,110.0,False,False
2004-04-30 18:00:00,20.8,54.4,1.3194,4.2,122.0,False,False
2004-04-30 19:00:00,19.8,58.6,1.3392,5.7,135.0,False,False
2004-04-30 20:00:00,19.1,61.1,1.3345,4.4,133.0,False,False
2004-04-30 21:00:00,18.2,65.4,1.3529,3.1,110.0,False,False
2004-04-30 22:00:00,18.1,66.1,1.3579,3.0,102.0,False,False
2004-04-30 23:00:00,17.7,66.9,1.3422,3.1,108.0,False,False
2004-05-01 00:00:00,17.8,66.8,1.346,3.5,110.0,False,False
2004-05-01 01:00:00,17.3,68.3,1.3346,2.4,84.0,False,False
2004-05-01 02:00:00,16.5,70.2,1.3099,1.6,71.0,False,False
2004-05-01 03:00:00,15.7,73.1,1.2902,1.3,,False,False
2004-05-01 04:00:00,16.2,69.9,1.2756,,42.0,False,False
2004-05-01 05:00:00,16.7,67.1,1.2619,0.6,32.0,False,False
2004-05-01 06:00:00,16.7,66.9,1.2631,0.7,35.0,False,False
2004-05-01 07:00:00,16.9,66.5,1.2688,1.2,67.0,False,False
2004-05-01 08:00:00,17.7,62.0,1.2458,1.5,73.0,False,False
2004-05-01 09:00:00,19.4,54.6,1.2184,1.8,86.0,False,False
2004-05-01 10:00:00,21.6,46.1,1.1725,2.1,89.0,False,False
2004-05-01 11:00:00,24.6,36.7,1.1202,1.9,86.0,False,False
2004-05-01 12:00:00,26.0,31.9,1.0566,2.0,86.0,False,False
2004-05-01 13:00:00,25.6,31.5,1.0184,1.3,66.0,False,False
2004-05-01 14:00:00,24.8,34.8,1.0716,1.3,68.0,False,False
2004-05-01 15:00:00,26.1,30.3,1.0101,1.8,82.0,False,False
2004-05-01 16:00:00,25.5,33.5,1.0767,2.0,91.0,False,False
2004-05-01 17:00:00,23.7,37.2,1.0746,1.8,95.0,False,False
2004-05-01 18:00:00,22.3,38.9,1.0324,2.4,104.0,False,False
2004-05-01 19:00:00,20.7,42.8,1.0298,4.0,131.0,False,False
2004-05-01 20:00:00,19.0,51.7,1.1222,2.8,112.0,False,False
2004-05-01 21:00:00,17.8,55.5,1.1174,2.0,100.0,False,False
2004-05-01 22:00:00,17.4,57.6,1.1342,3.6,115.0,False,False
2004-05-01 23:00:00,17.6,58.5,1.1645,3.7,129.0,False,False
2004-05-02 00:00:00,17.2,59.3,1.1551,2.3,99.0,False,False
2004-05-02 01:00:00,17.1,60.4,1.1633,1.8,74.0,False,False
2004-05-02 02:00:00,16.4,62.2,1.1507,0.9,55.0,False,False
2004-05-02 03:00:00,14.8,67.6,1.1352,1.6,,False,False
2004-05-02 04:00:00,14.8,65.8,1.1028,,35.0,False,False
2004-05-02 05:00:00,14.7,65.2,1.0811,0.6,37.0,False,False
2004-05-02 06:00:00,13.1,70.2,1.0554,0.7,45.0,False,False
2004-05-02 07:00:00,14.3,66.2,1.0728,0.8,46.0,False,False
2004-05-02 08:00:00,16.0,61.6,1.1083,1.2,68.0,False,False
2004-05-02 09:00:00,17.7,56.4,1.1342,1.4,77.0,False,False
2004-05-02 10:00:00,21.3,44.7,1.1157,1.6,79.0,False,False
2004-05-02 11:00:00,23.6,36.4,1.0431,1.3,72.0,False,False
2004-05-02 12:00:00,24.3,34.0,1.0149,1.3,68.0,False,False
2004-05-02 13:00:00,24.4,32.7,0.9863,1.1,64.0,False,False
2004-05-02 14:00:00,24.6,31.7,0.9647,1.2,73.0,False,False
2004-05-02 15:00:00,23.9,34.3,1.002,1.5,84.0,False,False
2004-05-02 16:00:00,25.9,28.1,0.9258,1.1,67.0,False,False
2004-05-02 17:00:00,24.5,32.3,0.9815,1.9,106.0,False,False
2004-05-02 18:00:00,22.6,39.3,1.06,2.3,114.0,False,False
2004-05-02 19:00:00,21.2,47.5,1.1828,3.3,123.0,False,False
2004-05-02 20:00:00,19.9,54.9,1.2632,2.6,108.0,False,False
2004-05-02 21:00:00,19.4,52.1,1.1642,2.2,100.0,False,False
2004-05-02 22:00:00,19.4,42.6,0.9485,2.3,118.0,False,False
2004-05-02 23:00:00,19.1,44.1,0.966,2.0,121.0,False,False
2004-05-03 00:00:00,18.0,49.3,1.0086,1.6,94.0,False,False
2004-05-03 01:00:00,17.6,54.6,1.0918,0.8,52.0,False,False
2004-05-03 02:00:00,16.4,62.1,1.1493,0.6,39.0,False,False
2004-05-03 03:00:00,15.6,65.3,1.1484,0.4,,False,False
2004-05-03 04:00:00,16.0,61.4,1.1043,,33.0,False,False
2004-05-03 05:00:00,15.8,64.3,1.1416,0.7,57.0,False,False
2004-05-03 06:00:00,16.0,65.8,1.1844,1.3,80.0,False,False
2004-05-03 07:00:00,16.8,62.5,1.1869,3.4,101.0,False,False
2004-05-03 08:00:00,16.9,66.1,1.2613,4.7,109.0,False,False
2004-05-03 09:00:00,17.4,68.9,1.3557,3.4,109.0,False,False
2004-05-03 10:00:00,21.4,45.0,1.1291,2.5,111.0,False,False
2004-05-03 11:00:00,23.9,30.7,0.9002,2.0,102.0,False,False
2004-05-03 12:00:00,26.8,25.2,0.8721,1.9,96.0,False,False
2004-05-03 13:00:00,28.4,23.6,0.8983,1.7,90.0,False,False
2004-05-03 14:00:00,30.3,20.1,0.8539,1.4,69.0,False,False
2004-05-03 15:00:00,30.9,19.7,0.8649,1.5,74.0,False,False
2004-05-03 16:00:00,30.2,20.5,0.8672,2.4,102.0,False,False
2004-05-03 17:00:00,26.4,34.6,1.1724,3.9,128.0,False,False
2004-05-03 18:00:00,24.9,39.4,1.2268,4.2,130.0,False,False
2004-05-03 19:00:00,23.5,43.7,1.2484,3.7,120.0,False,False
2004-05-03 20:00:00,19.3,63.1,1.4028,3.2,113.0,False,False
2004-05-03 21:00:00,18.7,64.6,1.3836,2.0,100.0,False,False
2004-05-03 22:00:00,19.5,57.1,1.2806,1.1,70.0,False,False
2004-05-03 23:00:00,18.9,62.5,1.3521,1.5,83.0,False,False
2004-05-04 00:00:00,18.4,65.8,1.3802,1.3,81.0,False,False
2004-05-04 01:00:00,16.4,79.2,1.4681,1.0,69.0,False,False
2004-05-04 02:00:00,16.1,80.0,1.4562,0.6,48.0,False,False
2004-05-04 03:00:00,15.6,81.0,1.4302,0.4,,False,False
2004-05-04 04:00:00,15.6,81.0,1.4216,,28.0,False,False
2004-05-04 05:00:00,15.7,80.5,1.4236,0.6,47.0,False,False
2004-05-04 06:00:00,16.0,80.8,1.4602,1.9,88.0,False,False
2004-05-04 07:00:00,16.6,78.0,1.4572,4.5,109.0,False,False
2004-05-04 08:00:00,16.1,79.2,1.4398,4.3,113.0,False,False
2004-05-04 09:00:00,17.7,70.8,1.4171,3.2,104.0,False,False
2004-05-04 10:00:00,20.3,54.8,1.2867,1.3,65.0,False,False
2004-05-04 11:00:00,21.2,49.3,1.2271,2.2,87.0,False,False
2004-05-04 12:00:00,21.5,47.9,1.2178,2.6,99.0,False,False
2004-05-04 13:00:00,21.4,47.7,1.2047,2.3,100.0,False,False
2004-05-04 14:00:00,20.4,54.0,1.2757,2.4,105.0,False,False
2004-05-04 15:00:00,19.9,57.1,1.3158,2.6,97.0,False,False
2004-05-04 16:00:00,19.9,55.2,1.2701,1.2,54.0,False,False
2004-05-04 17:00:00,19.5,55.7,1.2512,1.6,59.0,False,False
2004-05-04 18:00:00,18.3,62.8,1.3127,3.9,109.0,False,False
2004-05-04 19:00:00,17.2,68.3,1.3289,4.7,125.0,False,False
2004-05-04 20:00:00,16.1,75.2,1.3654,5.4,132.0,False,False
2004-05-04 21:00:00,16.6,70.8,1.3253,3.0,110.0,False,False
2004-05-04 22:00:00,18.5,56.0,1.181,0.9,53.0,False,False
2004-05-04 23:00:00,17.3,59.5,1.1667,1.1,61.0,False,False
2004-05-05 00:00:00,18.6,52.3,1.1121,0.7,41.0,False,False
2004-05-05 01:00:00,19.0,49.8,1.0831,0.5,22.0,False,False
2004-05-05 02:00:00,15.7,64.5,1.14,0.5,28.0,False,False
2004-05-05 03:00:00,15.5,66.9,1.1691,0.5,,False,False
2004-05-05 04:00:00,14.7,74.1,1.2302,,41.0,False,False
2004-05-05 05:00:00,14.6,77.1,1.2727,0.8,54.0,False,False
2004-05-05 06:00:00,14.5,78.3,1.2851,1.3,81.0,False,False
2004-05-05 07:00:00,15.1,76.8,1.3061,3.5,107.0,False,False
2004-05-05 08:00:00,16.4,70.8,1.3088,,,False,False
2004-05-05 09:00:00,16.4,72.4,1.3379,3.9,124.0,False,False
2004-05-05 10:00:00,16.3,68.6,1.2657,2.9,123.0,False,False
2004-05-05 11:00:00,17.2,62.9,1.2228,2.6,120.0,False,False
2004-05-05 12:00:00,17.4,61.1,1.206,3.0,113.0,False,False
2004-05-05 13:00:00,16.8,66.8,1.2691,3.7,114.0,False,False
2004-05-05 14:00:00,17.3,62.6,1.226,3.9,120.0,False,False
2004-05-05 15:00:00,17.5,60.8,1.2029,3.5,125.0,False,False
2004-05-05 16:00:00,17.5,59.2,1.1725,2.4,88.0,False,False
2004-05-05 17:00:00,17.7,56.9,1.1392,1.6,72.0,False,False
2004-05-05 18:00:00,17.1,61.5,1.1873,3.0,103.0,False,False
2004-05-05 19:00:00,17.5,63.9,1.2667,1.6,67.0,False,False
2004-05-05 20:00:00,15.9,70.7,1.2672,2.1,79.0,False,False
2004-05-05 21:00:00,15.1,75.1,1.2799,1.8,89.0,False,False
2004-05-05 22:00:00,13.9,72.5,1.1502,1.1,67.0,False,False
2004-05-05 23:00:00,12.0,79.8,1.1175,1.5,83.0,False,False
2004-05-06 00:00:00,12.5,75.8,1.0938,1.4,76.0,False,False
2004-05-06 01:00:00,12.0,75.0,1.0499,0.9,58.0,False,False
2004-05-06 02:00:00,12.6,72.2,1.0503,0.5,30.0,False,False
2004-05-06 03:00:00,12.7,71.6,1.0486,0.4,,False,False
2004-05-06 04:00:00,13.1,67.1,1.0079,,22.0,False,False
2004-05-06 05:00:00,13.2,64.6,0.9774,0.6,50.0,False,False
2004-05-06 06:00:00,13.1,65.6,0.9815,1.3,92.0,False,False
2004-05-06 07:00:00,14.7,58.5,0.9688,2.9,101.0,False,False
2004-05-06 08:00:00,15.9,53.1,0.9529,3.6,121.0,False,False
2004-05-06 09:00:00,17.9,46.1,0.9388,3.4,130.0,False,False
2004-05-06 10:00:00,20.2,37.7,0.8833,2.5,114.0,False,False
2004-05-06 11:00:00,18.5,42.8,0.9026,2.1,100.0,False,False
2004-05-06 12:00:00,13.0,64.3,0.9586,1.1,56.0,False,False
2004-05-06 13:00:00,15.1,54.5,0.9309,1.8,75.0,False,False
2004-05-06 14:00:00,13.6,65.5,1.0184,3.0,121.0,False,False
2004-05-06 15:00:00,12.3,78.3,1.1154,3.1,128.0,False,False
2004-05-06 16:00:00,12.7,74.2,1.0863,3.6,139.0,False,False
2004-05-06 17:00:00,14.4,64.2,1.049,3.3,122.0,False,False
2004-05-06 18:00:00,15.6,58.3,1.0266,1.8,92.0,False,False
2004-05-06 19:00:00,15.0,61.4,1.0385,2.1,97.0,False,False
2004-05-06 20:00:00,13.7,65.8,1.0254,2.2,98.0,False,False
2004-05-06 21:00:00,12.3,66.4,0.944,1.6,93.0,False,False
2004-05-06 22:00:00,15.4,58.8,1.0215,0.9,65.0,False,False
2004-05-06 23:00:00,14.1,64.9,1.0405,1.8,81.0,False,False
2004-05-07 00:00:00,13.8,64.7,1.0168,2.3,102.0,False,False
2004-05-07 01:00:00,13.5,67.8,1.042,2.0,91.0,False,False
2004-05-07 02:00:00,13.7,69.4,1.0794,0.9,56.0,False,False
2004-05-07 03:00:00,13.9,67.7,1.0712,0.6,,False,False
2004-05-07 04:00:00,14.0,67.8,1.0787,,41.0,False,False
2004-05-07 05:00:00,14.6,61.1,1.0075,0.7,48.0,False,False
2004-05-07 06:00:00,14.3,60.5,0.9847,1.5,72.0,False,False
2004-05-07 07:00:00,14.9,56.9,0.9582,3.7,106.0,False,False
2004-05-07 08:00:00,16.4,50.2,0.9286,4.2,107.0,False,False
2004-05-07 09:00:00,16.0,50.9,0.9211,3.4,127.0,False,False
2004-05-07 10:00:00,18.6,42.8,0.9091,2.4,114.0,False,False
2004-05-07 11:00:00,19.7,33.7,0.7646,1.3,101.0,False,False
2004-05-07 12:00:00,21.2,27.7,0.6864,1.5,95.0,False,False
2004-05-07 13:00:00,19.7,28.5,0.6445,2.2,110.0,False,False
2004-05-07 14:00:00,19.8,29.7,0.678,1.8,101.0,False,False
2004-05-07 15:00:00,19.2,35.6,0.7856,1.9,106.0,False,False
2004-05-07 16:00:00,14.2,60.5,0.9765,2.3,116.0,False,False
2004-05-07 17:00:00,12.9,69.1,1.0249,3.6,124.0,False,False
2004-05-07 18:00:00,12.7,70.4,1.0294,4.3,133.0,False,False
2004-05-07 19:00:00,13.9,62.7,0.9905,2.2,96.0,False,False
2004-05-07 20:00:00,13.9,62.9,0.9948,1.5,85.0,False,False
2004-05-07 21:00:00,13.4,65.2,0.9996,2.0,97.0,False,False
2004-05-07 22:00:00,13.4,64.6,0.9864,2.0,97.0,False,False
2004-05-07 23:00:00,13.3,63.6,0.9677,2.1,101.0,False,False
2004-05-08 00:00:00,13.3,61.8,0.9433,1.5,85.0,False,False
2004-05-08 01:00:00,13.6,59.7,0.9271,2.2,80.0,False,False
2004-05-08 02:00:00,14.6,53.3,0.8807,0.5,33.0,False,False
2004-05-08 03:00:00,14.3,51.7,0.8412,,,False,False
2004-05-08 04:00:00,10.9,67.5,0.8785,,,False,False
2004-05-08 05:00:00,7.4,85.2,0.8808,,,False,False
2004-05-08 06:00:00,8.7,81.5,0.919,,,False,False
2004-05-08 07:00:00,10.3,75.6,0.9458,,,False,False
2004-05-08 08:00:00,11.0,75.0,0.9821,,,False,False
2004-05-08 09:00:00,13.6,66.1,1.0236,,,False,False
2004-05-08 10:00:00,14.7,63.1,1.0488,,,False,False
2004-05-08 11:00:00,13.8,72.3,1.1361,,,False,False
2004-05-08 12:00:00,13.3,76.8,1.1703,,,False,False
2004-05-08 13:00:00,16.2,60.0,1.0937,,,False,False
2004-05-08 14:00:00,16.3,55.3,1.0146,,,False,False
2004-05-08 15:00:00,20.0,40.4,0.9354,,,False,False
2004-05-08 16:00:00,19.8,35.4,0.8099,,,False,False
2004-05-08 17:00:00,19.8,33.6,0.767,,,False,False
2004-05-08 18:00:00,17.8,38.5,0.7763,,,False,False
2004-05-08 19:00:00,16.7,44.6,0.8393,,,False,False
2004-05-08 20:00:00,15.1,51.8,0.8816,,,False,False
2004-05-08 21:00:00,14.1,56.2,0.9028,,,False,False
2004-05-08 22:00:00,13.8,58.3,0.9147,,,False,False
2004-05-08 23:00:00,13.7,59.7,0.9285,,,False,False
2004-05-09 00:00:00,13.7,60.3,0.9405,,,False,False
2004-05-09 01:00:00,12.7,64.9,0.9506,,,False,False
2004-05-09 02:00:00,12.6,65.4,0.9529,,,False,False
2004-05-09 03:00:00,12.1,68.6,0.964,,,False,False
2004-05-09 04:00:00,12.3,68.0,0.9722,,,False,False
2004-05-09 05:00:00,11.9,71.1,0.9899,,,False,False
2004-05-09 06:00:00,11.3,73.8,0.9848,,,False,False
2004-05-09 07:00:00,13.1,62.6,0.9419,,,False,False
2004-05-09 08:00:00,16.8,46.8,0.8881,,,False,False
2004-05-09 09:00:00,17.9,44.8,0.9104,,,False,False
2004-05-09 10:00:00,17.8,49.5,0.9986,,,False,False
2004-05-09 11:00:00,18.8,46.4,0.9968,,,False,False
2004-05-09 12:00:00,19.3,44.0,0.9783,,,False,False
2004-05-09 13:00:00,14.7,68.4,1.1405,,,False,False
2004-05-09 14:00:00,15.6,65.8,1.1577,,,False,False
2004-05-09 15:00:00,17.7,54.0,1.0826,,,False,False
2004-05-09 16:00:00,17.8,46.7,0.9466,,,False,False
2004-05-09 17:00:00,17.8,44.4,0.8967,,,False,False
2004-05-09 18:00:00,17.8,44.3,0.8929,,,False,False
2004-05-09 19:00:00,16.4,47.8,0.8851,,,False,False
2004-05-09 20:00:00,15.6,51.6,0.9063,,,False,False
2004-05-09 21:00:00,14.9,55.0,0.9228,,,False,False
2004-05-09 22:00:00,13.8,59.8,0.9398,,,False,False
2004-05-09 23:00:00,13.8,62.1,0.9721,,,False,False
2004-05-10 00:00:00,13.9,61.1,0.9656,,,False,False
2004-05-10 01:00:00,14.9,57.6,0.9684,,,False,False
2004-05-10 02:00:00,14.4,60.1,0.9797,,,False,False
2004-05-10 03:00:00,13.8,63.2,0.9952,,,False,False
2004-05-10 04:00:00,14.2,62.9,1.0136,,,False,False
2004-05-10 05:00:00,14.0,63.8,1.0167,,,False,False
2004-05-10 06:00:00,13.4,67.4,1.0292,,,False,False
2004-05-10 07:00:00,14.7,62.3,1.0351,,,False,False
2004-05-10 08:00:00,16.0,57.3,1.0342,,,False,False
2004-05-10 09:00:00,17.8,51.1,1.0362,4.4,117.0,False,False
2004-05-10 10:00:00,20.0,45.0,1.0379,2.5,107.0,False,False
2004-05-10 11:00:00,20.3,44.1,1.0392,2.1,95.0,False,False
2004-05-10 12:00:00,20.7,42.4,1.0248,2.4,93.0,False,False
2004-05-10 13:00:00,20.8,40.6,0.9888,2.2,104.0,False,False
2004-05-10 14:00:00,21.5,39.7,1.0042,2.2,102.0,False,False
2004-05-10 15:00:00,25.0,30.1,0.9394,2.3,109.0,False,False
2004-05-10 16:00:00,25.2,29.7,0.9371,2.1,97.0,False,False
2004-05-10 17:00:00,23.4,32.0,0.91,2.5,104.0,False,False
2004-05-10 18:00:00,21.0,37.8,0.9298,3.6,124.0,False,False
2004-05-10 19:00:00,19.2,45.7,1.0084,4.0,135.0,False,False
2004-05-10 20:00:00,17.7,50.9,1.0232,3.0,122.0,False,False
2004-05-10 21:00:00,16.8,53.6,1.0167,2.1,109.0,False,False
2004-05-10 22:00:00,15.8,56.2,1.0033,1.7,95.0,False,False
2004-05-10 23:00:00,16.0,56.5,1.0166,1.1,86.0,False,False
2004-05-11 00:00:00,14.2,64.1,1.0346,0.9,78.0,False,False
2004-05-11 01:00:00,15.0,59.8,1.0142,0.4,53.0,False,False
2004-05-11 02:00:00,14.3,61.9,1.0031,0.2,43.0,False,False
2004-05-11 03:00:00,12.8,66.0,0.969,0.2,,False,False
2004-05-11 04:00:00,11.4,70.5,0.9484,,53.0,False,False
2004-05-11 05:00:00,12.0,68.0,0.9547,0.6,48.0,False,False
2004-05-11 06:00:00,11.3,70.4,0.9443,1.4,64.0,False,False
2004-05-11 07:00:00,12.7,65.6,0.962,4.6,95.0,False,False
2004-05-11 08:00:00,14.5,59.8,0.9795,5.5,120.0,False,False
2004-05-11 09:00:00,17.5,49.8,0.9877,4.8,153.0,False,False
2004-05-11 10:00:00,21.9,35.2,0.9128,4.5,163.0,False,False
2004-05-11 11:00:00,23.5,29.5,0.8435,3.0,119.0,False,False
2004-05-11 12:00:00,24.3,29.8,0.8926,2.5,96.0,False,False
2004-05-11 13:00:00,23.8,31.7,0.9212,2.3,94.0,False,False
2004-05-11 14:00:00,24.2,31.2,0.9257,2.0,86.0,False,False
2004-05-11 15:00:00,26.5,27.2,0.9282,1.9,91.0,False,False
2004-05-11 16:00:00,25.7,28.4,0.9248,1.9,97.0,False,False
2004-05-11 17:00:00,26.3,27.5,0.9306,3.5,125.0,False,False
2004-05-11 18:00:00,24.4,31.6,0.9545,4.6,140.0,False,False
2004-05-11 19:00:00,23.1,35.3,0.9845,6.3,158.0,False,False
2004-05-11 20:00:00,21.1,40.2,0.997,5.0,159.0,False,False
2004-05-11 21:00:00,19.2,52.3,1.1516,3.3,128.0,False,False
2004-05-11 22:00:00,18.1,58.7,1.2072,2.7,114.0,False,False
2004-05-11 23:00:00,17.3,58.8,1.1494,2.2,100.0,False,False
2004-05-12 00:00:00,16.9,58.8,1.125,1.7,88.0,False,False
2004-05-12 01:00:00,17.6,57.6,1.1484,0.8,67.0,False,False
2004-05-12 02:00:00,15.6,63.9,1.1287,0.8,65.0,False,False
2004-05-12 03:00:00,14.9,65.7,1.1073,0.6,,False,False
2004-05-12 04:00:00,15.6,62.2,1.0961,,47.0,False,False
2004-05-12 05:00:00,14.0,68.3,1.0884,0.8,57.0,False,False
2004-05-12 06:00:00,14.5,65.7,1.0804,1.5,73.0,False,False
2004-05-12 07:00:00,15.5,62.2,1.0875,4.1,95.0,False,False
2004-05-12 08:00:00,17.0,56.8,1.0909,5.9,110.0,False,False
2004-05-12 09:00:00,18.8,52.4,1.1285,5.1,121.0,False,False
2004-05-12 10:00:00,19.7,51.9,1.1796,3.9,108.0,False,False
2004-05-12 11:00:00,20.9,44.6,1.0872,3.4,125.0,False,False
2004-05-12 12:00:00,21.9,43.3,1.1265,3.3,117.0,False,False
2004-05-12 13:00:00,20.4,55.7,1.3205,5.1,131.0,False,False
2004-05-12 14:00:00,17.4,67.0,1.325,3.1,126.0,False,False
2004-05-12 15:00:00,17.1,64.0,1.2413,2.5,114.0,False,False
2004-05-12 16:00:00,17.3,61.1,1.1957,2.4,123.0,False,False
2004-05-12 17:00:00,17.7,56.3,1.13,2.8,116.0,False,False
2004-05-12 18:00:00,17.4,48.6,0.9559,2.9,107.0,False,False
2004-05-12 19:00:00,17.6,43.7,0.8698,3.4,123.0,False,False
2004-05-12 20:00:00,16.7,47.2,0.892,2.2,112.0,False,False
2004-05-12 21:00:00,16.8,45.6,0.8636,1.6,101.0,False,False
2004-05-12 22:00:00,16.1,52.0,0.946,1.3,91.0,False,False
2004-05-12 23:00:00,15.5,57.1,0.996,1.3,88.0,False,False
2004-05-13 00:00:00,16.2,50.2,0.9156,1.6,96.0,False,False
2004-05-13 01:00:00,16.4,50.5,0.938,1.2,75.0,False,False
2004-05-13 02:00:00,16.2,52.8,0.9626,0.6,47.0,False,False
2004-05-13 03:00:00,16.0,53.7,0.9723,0.4,,False,False
2004-05-13 04:00:00,16.2,53.0,0.9672,,25.0,False,False
2004-05-13 05:00:00,16.2,53.7,0.9799,0.4,49.0,False,False
2004-05-13 06:00:00,15.9,55.3,0.991,1.0,85.0,False,False
2004-05-13 07:00:00,16.2,55.6,1.0151,2.0,106.0,False,False
2004-05-13 08:00:00,16.0,59.3,1.0711,3.6,136.0,False,False
2004-05-13 09:00:00,16.6,55.6,1.042,2.4,119.0,False,False
2004-05-13 10:00:00,17.4,51.8,1.022,2.4,122.0,False,False
2004-05-13 11:00:00,17.6,49.7,0.9944,1.6,90.0,False,False
2004-05-13 12:00:00,17.2,52.8,1.0236,1.9,97.0,False,False
2004-05-13 13:00:00,18.2,49.6,1.0268,2.4,98.0,False,False
2004-05-13 14:00:00,19.5,45.0,1.0114,1.7,93.0,False,False
2004-05-13 15:00:00,19.5,45.5,1.0189,2.1,98.0,False,False
2004-05-13 16:00:00,19.8,44.3,1.0104,3.1,123.0,False,False
2004-05-13 17:00:00,20.3,43.1,1.0114,4.6,148.0,False,False
2004-05-13 18:00:00,20.3,44.4,1.0457,4.5,148.0,False,False
2004-05-13 19:00:00,19.8,47.9,1.092,3.9,133.0,False,False
2004-05-13 20:00:00,19.1,52.3,1.1486,4.6,141.0,False,False
2004-05-13 21:00:00,18.2,54.7,1.1336,3.3,131.0,False,False
2004-05-13 22:00:00,17.8,55.0,1.1097,2.7,121.0,False,False
2004-05-13 23:00:00,17.5,56.4,1.1175,3.3,123.0,False,False
2004-05-14 00:00:00,17.3,57.8,1.1298,2.5,107.0,False,False
2004-05-14 01:00:00,16.8,57.5,1.0912,2.1,104.0,False,False
2004-05-14 02:00:00,16.3,57.0,1.0484,1.3,91.0,False,False
2004-05-14 03:00:00,16.2,56.3,1.0262,1.0,,False,False
2004-05-14 04:00:00,15.5,59.9,1.0498,,87.0,False,False
2004-05-14 05:00:00,16.0,58.3,1.0481,1.2,102.0,False,False
2004-05-14 06:00:00,17.2,52.3,1.0169,1.5,95.0,False,False
2004-05-14 07:00:00,18.5,49.4,1.0397,3.7,140.0,False,False
2004-05-14 08:00:00,20.0,45.6,1.0524,,,False,False
2004-05-14 09:00:00,21.0,37.9,0.9313,3.3,138.0,False,False
2004-05-14 10:00:00,22.8,32.4,0.887,2.5,113.0,False,False
2004-05-14 11:00:00,25.5,25.6,0.8218,1.9,101.0,False,False
2004-05-14 12:00:00,25.9,23.6,0.7771,2.0,97.0,False,False
2004-05-14 13:00:00,27.7,20.8,0.7599,2.5,114.0,False,False
2004-05-14 14:00:00,27.1,21.6,0.7618,2.1,110.0,False,False
2004-05-14 15:00:00,28.4,20.2,0.7697,2.1,103.0,False,False
2004-05-14 16:00:00,28.1,21.9,0.8184,2.3,119.0,False,False
2004-05-14 17:00:00,27.6,22.3,0.8116,3.0,126.0,False,False
2004-05-14 18:00:00,25.2,24.3,0.7671,4.1,144.0,False,False
2004-05-14 19:00:00,24.6,25.1,0.7636,4.5,164.0,False,False
2004-05-14 20:00:00,23.1,27.2,0.7575,3.5,148.0,False,False
2004-05-14 21:00:00,22.0,28.6,0.7483,2.1,119.0,False,False
2004-05-14 22:00:00,20.8,34.5,0.8365,2.3,111.0,False,False
2004-05-14 23:00:00,20.4,35.3,0.8352,1.9,115.0,False,False
2004-05-15 00:00:00,19.1,38.3,0.8381,1.9,103.0,False,False
2004-05-15 01:00:00,18.0,40.5,0.8271,1.2,81.0,False,False
2004-05-15 02:00:00,17.4,43.4,0.8553,1.0,71.0,False,False
2004-05-15 03:00:00,14.8,50.6,0.8489,1.1,,False,False
2004-05-15 04:00:00,14.6,51.4,0.8489,,58.0,False,False
2004-05-15 05:00:00,15.7,46.9,0.8329,0.5,44.0,False,False
2004-05-15 06:00:00,15.3,49.7,0.8552,0.6,49.0,False,False
2004-05-15 07:00:00,16.0,47.4,0.8564,1.4,68.0,False,False
2004-05-15 08:00:00,17.6,43.3,0.8647,2.6,108.0,False,False
2004-05-15 09:00:00,20.3,37.4,0.8807,2.8,117.0,False,False
2004-05-15 10:00:00,23.1,30.3,0.8425,2.6,127.0,False,False
2004-05-15 11:00:00,25.0,24.2,0.7568,1.6,93.0,False,False
2004-05-15 12:00:00,25.6,23.5,0.7611,1.7,94.0,False,False
2004-05-15 13:00:00,25.5,22.6,0.7288,1.7,87.0,False,False
2004-05-15 14:00:00,26.1,21.1,0.7023,1.3,75.0,False,False
2004-05-15 15:00:00,28.2,19.4,0.7303,1.4,81.0,False,False
2004-05-15 16:00:00,27.4,20.5,0.7379,1.4,86.0,False,False
2004-05-15 17:00:00,26.0,22.7,0.7532,1.7,97.0,False,False
2004-05-15 18:00:00,23.8,27.1,0.7858,2.3,117.0,False,False
2004-05-15 19:00:00,23.0,28.7,0.7976,2.5,120.0,False,False
2004-05-15 20:00:00,21.7,31.8,0.8191,3.3,149.0,False,False
2004-05-15 21:00:00,20.9,33.2,0.8098,2.2,124.0,False,False
2004-05-15 22:00:00,20.2,34.3,0.8017,1.6,97.0,False,False
2004-05-15 23:00:00,19.6,37.0,0.8325,2.6,112.0,False,False
2004-05-16 00:00:00,18.1,40.9,0.8441,2.3,95.0,False,False
2004-05-16 01:00:00,17.0,43.3,0.8341,1.5,88.0,False,False
2004-05-16 02:00:00,16.7,43.4,0.8193,0.9,54.0,False,False
2004-05-16 03:00:00,15.9,44.7,0.8009,0.8,,False,False
2004-05-16 04:00:00,15.2,45.5,0.783,,43.0,False,False
2004-05-16 05:00:00,13.5,50.1,0.7706,0.4,45.0,False,False
2004-05-16 06:00:00,14.2,49.9,0.8025,0.4,47.0,False,False
2004-05-16 07:00:00,13.8,51.4,0.8059,0.8,58.0,False,False
2004-05-16 08:00:00,16.3,45.1,0.8286,0.9,69.0,False,False
2004-05-16 09:00:00,19.2,35.4,0.7812,1.6,89.0,False,False
2004-05-16 10:00:00,25.5,21.1,0.677,2.0,105.0,False,False
2004-05-16 11:00:00,28.2,19.0,0.7164,1.6,92.0,False,False
2004-05-16 12:00:00,29.5,19.8,0.8013,1.4,82.0,False,False
2004-05-16 13:00:00,30.6,19.4,0.8348,0.9,56.0,False,False
2004-05-16 14:00:00,29.9,22.0,0.9181,0.9,60.0,False,False
2004-05-16 15:00:00,31.5,21.9,0.997,1.2,64.0,False,False
2004-05-16 16:00:00,31.2,24.6,1.0987,1.4,85.0,False,False
2004-05-16 17:00:00,30.4,26.5,1.1347,1.9,107.0,False,False
2004-05-16 18:00:00,26.8,33.5,1.1602,1.8,106.0,False,False
2004-05-16 19:00:00,25.5,37.4,1.1995,2.7,125.0,False,False
2004-05-16 20:00:00,23.7,39.4,1.1381,2.4,118.0,False,False
2004-05-16 21:00:00,22.9,37.0,1.0197,1.6,95.0,False,False
2004-05-16 22:00:00,20.8,36.3,0.8775,1.4,97.0,False,False
2004-05-16 23:00:00,20.3,28.5,0.6686,1.4,93.0,False,False
2004-05-17 00:00:00,19.6,26.5,0.5974,1.4,85.0,False,False
2004-05-17 01:00:00,19.1,25.9,0.5673,0.9,67.0,False,False
2004-05-17 02:00:00,18.4,27.6,0.5799,0.5,37.0,False,False
2004-05-17 03:00:00,17.4,30.2,0.5945,0.4,,False,False
2004-05-17 04:00:00,16.3,34.1,0.6257,,40.0,False,False
2004-05-17 05:00:00,15.8,36.5,0.6535,0.5,75.0,False,False
2004-05-17 06:00:00,16.0,38.1,0.6879,1.3,102.0,False,False
2004-05-17 07:00:00,17.6,35.0,0.6965,2.6,113.0,False,False
2004-05-17 08:00:00,18.5,31.2,0.6611,2.0,142.0,False,False
2004-05-17 09:00:00,19.8,28.5,0.652,1.8,90.0,False,False
2004-05-17 10:00:00,22.3,24.1,0.6394,1.7,94.0,False,False
2004-05-17 11:00:00,24.2,21.7,0.6451,1.5,92.0,False,False
2004-05-17 12:00:00,25.1,20.8,0.6516,1.9,97.0,False,False
2004-05-17 13:00:00,25.8,19.5,0.6392,1.7,88.0,False,False
2004-05-17 14:00:00,26.3,18.9,0.6344,1.5,86.0,False,False
2004-05-17 15:00:00,25.8,18.6,0.608,1.7,99.0,False,False
2004-05-17 16:00:00,25.7,19.4,0.6304,1.7,95.0,False,False
2004-05-17 17:00:00,26.7,17.1,0.5909,2.4,105.0,False,False
2004-05-17 18:00:00,24.3,19.8,0.5933,3.1,121.0,False,False
2004-05-17 19:00:00,23.5,20.8,0.5937,3.4,125.0,False,False
2004-05-17 20:00:00,22.0,24.0,0.6263,3.0,122.0,False,False
2004-05-17 21:00:00,21.1,26.2,0.6481,1.2,81.0,False,False
2004-05-17 22:00:00,20.9,28.8,0.7014,1.2,73.0,False,False
2004-05-17 23:00:00,20.2,31.2,0.7304,1.3,80.0,False,False
2004-05-18 00:00:00,20.0,31.5,0.7262,1.0,65.0,False,False
2004-05-18 01:00:00,20.8,32.3,0.7813,0.4,59.0,False,False
2004-05-18 02:00:00,20.0,34.5,0.7954,0.3,50.0,False,False
2004-05-18 03:00:00,21.2,32.9,0.8178,0.2,,False,False
2004-05-18 04:00:00,18.3,40.0,0.8345,,23.0,False,False
2004-05-18 05:00:00,17.0,44.6,0.8593,0.5,37.0,False,False
2004-05-18 06:00:00,17.1,45.3,0.8784,0.9,54.0,False,False
2004-05-18 07:00:00,17.1,46.5,0.901,2.7,94.0,False,False
2004-05-18 08:00:00,18.8,39.7,0.8547,6.5,139.0,False,False
2004-05-18 09:00:00,20.3,38.1,0.8946,3.2,115.0,False,False
2004-05-18 10:00:00,25.3,27.0,0.8565,2.4,119.0,False,False
2004-05-18 11:00:00,27.4,22.8,0.8219,1.9,103.0,False,False
2004-05-18 12:00:00,30.0,20.0,0.8338,2.7,123.0,False,False
2004-05-18 13:00:00,30.9,19.1,0.8394,2.9,126.0,False,False
2004-05-18 14:00:00,30.6,20.2,0.8719,2.0,106.0,False,False
2004-05-18 15:00:00,32.2,18.9,0.8964,2.3,127.0,False,False
2004-05-18 16:00:00,31.7,19.5,0.8981,1.9,105.0,False,False
2004-05-18 17:00:00,30.9,20.5,0.8996,3.0,130.0,False,False
2004-05-18 18:00:00,27.5,24.7,0.8899,4.4,160.0,False,False
2004-05-18 19:00:00,25.8,27.0,0.8821,4.7,162.0,False,False
2004-05-18 20:00:00,23.7,30.0,0.8633,3.4,135.0,False,False
2004-05-18 21:00:00,22.2,33.4,0.8806,2.4,122.0,False,False
2004-05-18 22:00:00,21.1,36.5,0.9019,1.2,75.0,False,False
2004-05-18 23:00:00,20.2,38.6,0.9016,1.7,96.0,False,False
2004-05-19 00:00:00,19.3,43.0,0.9535,1.2,84.0,False,False
2004-05-19 01:00:00,19.2,43.6,0.9591,0.7,68.0,False,False
2004-05-19 02:00:00,18.4,45.7,0.9599,0.5,65.0,False,False
2004-05-19 03:00:00,18.7,44.3,0.9453,0.3,,False,False
2004-05-19 04:00:00,16.3,51.4,0.9468,,52.0,False,False
2004-05-19 05:00:00,17.0,49.2,0.9459,0.3,46.0,False,False
2004-05-19 06:00:00,16.4,52.1,0.9612,0.7,54.0,False,False
2004-05-19 07:00:00,16.4,53.4,0.9863,3.1,94.0,False,False
2004-05-19 08:00:00,18.6,46.8,0.99,6.2,155.0,False,False
2004-05-19 09:00:00,21.0,41.1,1.0104,4.6,165.0,False,False
2004-05-19 10:00:00,26.4,28.9,0.9785,2.6,134.0,False,False
2004-05-19 11:00:00,27.7,26.3,0.9652,2.1,122.0,False,False
2004-05-19 12:00:00,30.1,22.1,0.9281,2.0,113.0,False,False
2004-05-19 13:00:00,31.0,22.9,1.0144,2.2,115.0,False,False
2004-05-19 14:00:00,31.0,22.6,1.0012,2.1,118.0,False,False
2004-05-19 15:00:00,31.6,21.0,0.959,2.3,125.0,False,False
2004-05-19 16:00:00,30.4,24.7,1.0526,2.5,135.0,False,False
2004-05-19 17:00:00,28.8,26.3,1.0271,3.4,149.0,False,False
2004-05-19 18:00:00,26.4,30.1,1.0204,4.3,162.0,False,False
2004-05-19 19:00:00,24.7,31.5,0.9672,3.8,151.0,False,False
2004-05-19 20:00:00,22.9,36.5,1.0083,3.8,154.0,False,False
2004-05-19 21:00:00,20.8,41.8,1.0155,2.0,118.0,False,False
2004-05-19 22:00:00,19.7,47.1,1.0666,1.7,103.0,False,False
2004-05-19 23:00:00,18.9,52.2,1.1313,2.0,122.0,False,False
2004-05-20 00:00:00,18.5,50.1,1.0539,1.5,102.0,False,False
2004-05-20 01:00:00,18.0,53.0,1.0832,0.8,73.0,False,False
2004-05-20 02:00:00,18.4,51.7,1.0819,0.5,59.0,False,False
2004-05-20 03:00:00,19.8,46.2,1.056,0.3,,False,False
2004-05-20 04:00:00,19.6,47.7,1.0736,,26.0,False,False
2004-05-20 05:00:00,17.3,54.1,1.0582,0.3,35.0,False,False
2004-05-20 06:00:00,15.8,59.0,1.0495,0.9,68.0,False,False
2004-05-20 07:00:00,16.6,55.9,1.0486,2.8,97.0,False,False
2004-05-20 08:00:00,18.7,52.8,1.1279,5.4,146.0,False,False
2004-05-20 09:00:00,20.7,46.4,1.1227,4.0,83.0,False,False
2004-05-20 10:00:00,26.1,30.0,0.9972,2.2,117.0,False,False
2004-05-20 11:00:00,28.6,25.8,0.9989,2.2,117.0,False,False
2004-05-20 12:00:00,30.3,23.3,0.9869,2.0,108.0,False,False
2004-05-20 13:00:00,31.3,22.3,1.0043,2.0,107.0,False,False
2004-05-20 14:00:00,31.1,22.3,0.9888,1.9,120.0,False,False
2004-05-20 15:00:00,32.4,20.4,0.9732,2.7,150.0,False,False
2004-05-20 16:00:00,32.6,19.3,0.935,2.2,138.0,False,False
2004-05-20 17:00:00,31.2,20.3,0.9064,3.5,148.0,False,False
2004-05-20 18:00:00,27.7,24.8,0.9106,4.1,168.0,False,False
2004-05-20 19:00:00,25.7,27.9,0.908,4.4,172.0,False,False
2004-05-20 20:00:00,24.1,29.9,0.8879,4.5,179.0,False,False
2004-05-20 21:00:00,22.2,34.4,0.9072,2.9,143.0,False,False
2004-05-20 22:00:00,20.7,38.0,0.9149,2.6,137.0,False,False
2004-05-20 23:00:00,20.2,42.8,0.9983,2.1,117.0,False,False
2004-05-21 00:00:00,20.5,42.0,1.0004,1.2,93.0,False,False
2004-05-21 01:00:00,20.1,42.0,0.9763,0.6,64.0,False,False
2004-05-21 02:00:00,20.0,41.5,0.9571,0.3,58.0,False,False
2004-05-21 03:00:00,16.3,51.6,0.9461,0.3,,False,False
2004-05-21 04:00:00,16.5,50.2,0.932,,47.0,False,False
2004-05-21 05:00:00,16.4,50.2,0.931,0.3,47.0,False,False
2004-05-21 06:00:00,14.9,54.7,0.9203,0.7,62.0,False,False
2004-05-21 07:00:00,16.4,51.3,0.9474,4.2,113.0,False,False
2004-05-21 08:00:00,18.2,46.2,0.9575,4.8,126.0,False,False
2004-05-21 09:00:00,20.7,40.0,0.9639,3.4,139.0,False,False
2004-05-21 10:00:00,26.5,27.0,0.9217,2.8,148.0,False,False
2004-05-21 11:00:00,28.5,23.8,0.915,1.8,117.0,False,False
2004-05-21 12:00:00,29.7,23.7,0.9714,1.9,106.0,False,False
2004-05-21 13:00:00,31.7,21.7,0.9966,2.0,98.0,False,False
2004-05-21 14:00:00,31.7,21.5,0.9902,1.9,98.0,False,False
2004-05-21 15:00:00,32.8,19.5,0.9515,2.0,110.0,False,False
2004-05-21 16:00:00,32.5,18.6,0.8948,2.3,114.0,False,False
2004-05-21 17:00:00,30.2,22.6,0.9524,2.7,122.0,False,False
2004-05-21 18:00:00,27.6,25.7,0.9382,3.6,155.0,False,False
2004-05-21 19:00:00,25.9,24.9,0.8195,3.8,145.0,False,False
2004-05-21 20:00:00,23.9,29.4,0.8589,3.5,146.0,False,False
2004-05-21 21:00:00,22.3,32.1,0.8515,2.5,130.0,False,False
2004-05-21 22:00:00,20.5,35.9,0.8565,2.5,126.0,False,False
2004-05-21 23:00:00,19.8,37.2,0.8509,3.0,127.0,False,False
2004-05-22 00:00:00,19.1,41.9,0.9158,3.7,126.0,False,False
2004-05-22 01:00:00,17.8,46.1,0.9344,3.3,124.0,False,False
2004-05-22 02:00:00,17.6,47.6,0.9465,1.5,93.0,False,False
2004-05-22 03:00:00,17.9,46.3,0.9394,0.7,,False,False
2004-05-22 04:00:00,16.9,49.8,0.9544,,58.0,False,False
2004-05-22 05:00:00,15.8,53.8,0.9615,0.5,59.0,False,False
2004-05-22 06:00:00,16.5,53.5,0.9928,0.5,66.0,False,False
2004-05-22 07:00:00,17.2,52.9,1.0276,1.2,80.0,False,False
2004-05-22 08:00:00,19.3,48.3,1.0723,2.2,94.0,False,False
2004-05-22 09:00:00,20.6,47.1,1.1287,2.2,102.0,False,False
2004-05-22 10:00:00,23.7,40.0,1.153,2.1,96.0,False,False
2004-05-22 11:00:00,25.6,32.5,1.053,1.8,91.0,False,False
2004-05-22 12:00:00,27.2,28.1,0.9989,2.2,104.0,False,False
2004-05-22 13:00:00,27.9,28.1,1.0394,2.0,84.0,False,False
2004-05-22 14:00:00,28.3,27.8,1.0539,1.4,76.0,False,False
2004-05-22 15:00:00,29.2,27.0,1.081,1.8,87.0,False,False
2004-05-22 16:00:00,28.9,29.3,1.1503,2.1,101.0,False,False
2004-05-22 17:00:00,25.4,39.8,1.2771,2.8,115.0,False,False
2004-05-22 18:00:00,25.2,40.1,1.2642,2.8,110.0,False,False
2004-05-22 19:00:00,24.5,39.4,1.1963,2.7,103.0,False,False
2004-05-22 20:00:00,22.3,45.4,1.2088,1.8,90.0,False,False
2004-05-22 21:00:00,21.2,48.3,1.2034,1.2,68.0,False,False
2004-05-22 22:00:00,20.6,50.5,1.2082,2.6,85.0,False,False
2004-05-22 23:00:00,20.2,52.9,1.234,3.1,100.0,False,False
2004-05-23 00:00:00,19.8,54.5,1.2488,4.1,114.0,False,False
2004-05-23 01:00:00,19.5,56.2,1.2624,3.6,108.0,False,False
2004-05-23 02:00:00,19.0,58.0,1.2581,1.9,78.0,False,False
2004-05-23 03:00:00,18.1,61.6,1.2679,1.9,,False,False
2004-05-23 04:00:00,18.0,57.6,1.1788,,55.0,False,False
2004-05-23 05:00:00,17.7,56.0,1.1215,0.3,37.0,False,False
2004-05-23 06:00:00,17.9,52.4,1.0655,0.4,53.0,False,False
2004-05-23 07:00:00,18.9,49.3,1.0668,0.8,79.0,False,False
2004-05-23 08:00:00,20.0,48.6,1.1199,0.8,65.0,False,False
2004-05-23 09:00:00,20.6,41.2,0.9841,0.8,64.0,False,False
2004-05-23 10:00:00,23.6,34.0,0.9749,0.8,66.0,False,False
2004-05-23 11:00:00,26.7,28.1,0.9688,0.9,53.0,False,False
2004-05-23 12:00:00,26.8,28.1,0.9785,1.2,69.0,False,False
2004-05-23 13:00:00,27.7,25.8,0.9467,1.0,57.0,False,False
2004-05-23 14:00:00,28.8,22.7,0.8864,0.8,36.0,False,False
2004-05-23 15:00:00,26.8,27.3,0.9462,1.1,57.0,False,False
2004-05-23 16:00:00,25.9,28.7,0.9423,1.5,73.0,False,False
2004-05-23 17:00:00,25.8,27.7,0.9076,1.5,81.0,False,False
2004-05-23 18:00:00,24.8,29.5,0.9077,1.4,91.0,False,False
2004-05-23 19:00:00,25.3,36.3,1.1513,1.1,65.0,False,False
2004-05-23 20:00:00,23.9,40.4,1.1787,0.9,56.0,False,False
2004-05-23 21:00:00,21.4,46.6,1.1764,1.0,69.0,False,False
2004-05-23 22:00:00,20.5,49.3,1.173,1.1,73.0,False,False
2004-05-23 23:00:00,19.2,42.3,0.9339,1.0,76.0,False,False
2004-05-24 00:00:00,19.2,37.9,0.8352,0.7,67.0,False,False
2004-05-24 01:00:00,17.2,43.1,0.8394,0.5,44.0,False,False
2004-05-24 02:00:00,15.8,45.2,0.8052,0.2,21.0,False,False
2004-05-24 03:00:00,15.7,42.3,0.7464,,,False,False
2004-05-24 04:00:00,16.3,41.0,0.7513,,19.0,False,False
2004-05-24 05:00:00,16.1,36.5,0.664,0.1,29.0,False,False
2004-05-24 06:00:00,16.5,36.2,0.6752,0.5,69.0,False,False
2004-05-24 07:00:00,17.5,30.9,0.6111,1.6,111.0,False,False
2004-05-24 08:00:00,18.4,24.0,0.5046,2.0,81.0,False,False
2004-05-24 09:00:00,19.2,23.8,0.5235,1.3,56.0,False,False
2004-05-24 10:00:00,21.7,18.1,0.4642,1.0,90.0,False,False
2004-05-24 11:00:00,22.3,17.0,0.4513,0.9,85.0,False,False
2004-05-24 12:00:00,22.8,16.1,0.4404,1.2,83.0,False,False
2004-05-24 13:00:00,23.8,14.5,0.4222,1.3,85.0,False,False
2004-05-24 14:00:00,25.1,13.1,0.4129,1.1,85.0,False,False
2004-05-24 15:00:00,25.8,12.9,0.4219,1.2,81.0,False,False
2004-05-24 16:00:00,25.5,14.0,0.4495,1.4,92.0,False,False
2004-05-24 17:00:00,24.5,15.4,0.4663,2.0,108.0,False,False
2004-05-24 18:00:00,22.6,17.2,0.4656,2.4,106.0,False,False
2004-05-24 19:00:00,21.2,18.9,0.471,2.1,114.0,False,False
2004-05-24 20:00:00,19.1,22.8,0.501,1.2,96.0,False,False
2004-05-24 21:00:00,18.4,24.6,0.5169,0.7,77.0,False,False
2004-05-24 22:00:00,17.3,25.6,0.5032,0.7,73.0,False,False
2004-05-24 23:00:00,16.5,24.9,0.4642,0.8,86.0,False,False
2004-05-25 00:00:00,16.7,28.3,0.5316,0.5,84.0,False,False
2004-05-25 01:00:00,15.5,32.2,0.5641,0.2,56.0,False,False
2004-05-25 02:00:00,17.5,29.1,0.5773,,31.0,False,False
2004-05-25 03:00:00,13.3,35.6,0.5393,,,False,False
2004-05-25 04:00:00,14.0,33.7,0.5355,,30.0,False,False
2004-05-25 05:00:00,11.6,40.0,0.5462,0.1,51.0,False,False
2004-05-25 06:00:00,13.4,34.5,0.5272,0.2,45.0,False,False
2004-05-25 07:00:00,15.2,31.0,0.5329,1.1,82.0,False,False
2004-05-25 08:00:00,16.3,27.5,0.5066,3.0,100.0,False,False
2004-05-25 09:00:00,19.2,20.0,0.439,2.1,91.0,False,False
2004-05-25 10:00:00,24.9,13.0,0.4038,2.6,130.0,False,False
2004-05-25 11:00:00,28.3,9.9,0.3754,3.2,155.0,False,False
2004-05-25 12:00:00,29.2,9.8,0.3914,2.1,114.0,False,False
2004-05-25 13:00:00,31.6,9.2,0.419,2.2,127.0,False,False
2004-05-25 14:00:00,32.6,9.3,0.4499,2.4,138.0,False,False
2004-05-25 15:00:00,32.6,9.2,0.4463,,,False,False
2004-05-25 16:00:00,32.3,10.0,0.4747,,,False,False
2004-05-25 17:00:00,32.1,10.7,0.4996,,,False,False
2004-05-25 18:00:00,29.7,12.2,0.5007,,,False,False
2004-05-25 19:00:00,,,,,,False,False
2004-05-25 20:00:00,,,,,,False,False
2004-05-25 21:00:00,,,,,,False,False
2004-05-25 22:00:00,,,,,,False,False
2004-05-25 23:00:00,,,,,,False,False
2004-05-26 00:00:00,,,,,,False,False
2004-05-26 01:00:00,,,,,,False,False
2004-05-26 02:00:00,,,,,,False,False
2004-05-26 03:00:00,,,,,,False,False
2004-05-26 04:00:00,,,,,,False,False
2004-05-26 05:00:00,,,,,,False,False
2004-05-26 06:00:00,,,,,,False,False
2004-05-26 07:00:00,,,,,,False,False
2004-05-26 08:00:00,,,,,,False,False
2004-05-26 09:00:00,20.4,35.7,0.844,4.0,,False,False
2004-05-26 10:00:00,26.1,23.8,0.7938,2.2,136.0,False,False
2004-05-26 11:00:00,28.8,21.1,0.8193,1.8,135.0,False,False
2004-05-26 12:00:00,29.6,19.4,0.7897,1.6,115.0,False,False
2004-05-26 13:00:00,31.6,16.4,0.7489,1.8,112.0,False,False
2004-05-26 14:00:00,32.3,13.3,0.6303,1.6,112.0,False,False
2004-05-26 15:00:00,31.8,13.5,0.6249,1.6,109.0,False,False
2004-05-26 16:00:00,31.8,13.8,0.6394,1.3,112.0,False,False
2004-05-26 17:00:00,31.0,15.9,0.7039,,,False,False
2004-05-26 18:00:00,28.6,18.7,0.7216,,,False,False
2004-05-26 19:00:00,26.7,19.5,0.6754,,,False,False
2004-05-26 20:00:00,25.0,24.4,0.7616,,,False,False
2004-05-26 21:00:00,22.8,28.4,0.7804,,,False,False
2004-05-26 22:00:00,21.7,29.2,0.7458,,,False,False
2004-05-26 23:00:00,21.1,30.9,0.7617,,,False,False
2004-05-27 00:00:00,19.9,36.3,0.8349,,,False,False
2004-05-27 01:00:00,18.6,39.3,0.8355,,,False,False
2004-05-27 02:00:00,18.6,38.8,0.8228,,,False,False
2004-05-27 03:00:00,19.0,38.9,0.8468,,,False,False
2004-05-27 04:00:00,18.0,40.9,0.8394,,,False,False
2004-05-27 05:00:00,15.5,48.6,0.8505,,,False,False
2004-05-27 06:00:00,16.0,47.9,0.8659,,,False,False
2004-05-27 07:00:00,17.0,46.0,0.883,,,False,False
2004-05-27 08:00:00,19.0,41.6,0.9039,,,False,False
2004-05-27 09:00:00,21.8,35.0,0.9002,,,False,False
2004-05-27 10:00:00,25.6,28.0,0.9088,,,False,False
2004-05-27 11:00:00,26.4,23.1,0.7853,,,False,False
2004-05-27 12:00:00,27.1,24.2,0.856,,,False,False
2004-05-27 13:00:00,27.5,20.9,0.7565,,,False,False
2004-05-27 14:00:00,29.5,19.7,0.8015,,,False,False
2004-05-27 15:00:00,30.6,18.6,0.8014,,,False,False
2004-05-27 16:00:00,31.3,15.8,0.7106,,,False,False
2004-05-27 17:00:00,29.4,21.0,0.8452,,,False,False
2004-05-27 18:00:00,27.0,23.5,0.8256,,,False,False
2004-05-27 19:00:00,25.8,26.7,0.8758,,,False,False
2004-05-27 20:00:00,23.7,28.4,0.8225,,,False,False
2004-05-27 21:00:00,21.3,33.0,0.8284,,,False,False
2004-05-27 22:00:00,20.5,35.3,0.8435,,,False,False
2004-05-27 23:00:00,19.4,38.1,0.8511,,,False,False
2004-05-28 00:00:00,19.4,40.7,0.9045,,,False,False
2004-05-28 01:00:00,17.8,44.9,0.903,,,False,False
2004-05-28 02:00:00,16.6,49.7,0.9295,,,False,False
2004-05-28 03:00:00,16.5,48.6,0.9028,,,False,False
2004-05-28 04:00:00,15.2,53.6,0.919,,,False,False
2004-05-28 05:00:00,15.5,51.7,0.9019,,,False,False
2004-05-28 06:00:00,14.9,54.8,0.9247,,,False,False
2004-05-28 07:00:00,16.3,51.3,0.9416,,,False,False
2004-05-28 08:00:00,18.4,45.7,0.9559,,,False,False
2004-05-28 09:00:00,20.8,43.6,1.0614,,,False,False
2004-05-28 10:00:00,24.3,35.1,1.0477,,,False,False
2004-05-28 11:00:00,26.4,29.3,0.9889,,,False,False
2004-05-28 12:00:00,28.3,25.0,0.9495,,,False,False
2004-05-28 13:00:00,28.9,23.7,0.9285,,,False,False
2004-05-28 14:00:00,28.5,25.8,0.9931,,,False,False
2004-05-28 15:00:00,29.6,18.9,0.7692,1.7,115.0,False,False
2004-05-28 16:00:00,28.0,23.2,0.8613,1.7,117.0,False,False
2004-05-28 17:00:00,23.6,41.0,1.1786,2.1,105.0,False,False
2004-05-28 18:00:00,21.5,48.1,1.2148,2.2,114.0,False,False
2004-05-28 19:00:00,22.1,44.1,1.1573,1.8,103.0,False,False
2004-05-28 20:00:00,20.2,47.2,1.1043,1.8,119.0,False,False
2004-05-28 21:00:00,20.0,47.6,1.103,0.9,102.0,False,False
2004-05-28 22:00:00,19.8,46.8,1.0697,1.0,96.0,False,False
2004-05-28 23:00:00,19.6,47.0,1.0606,2.0,109.0,False,False
2004-05-29 00:00:00,19.3,46.3,1.0279,1.8,119.0,False,False
2004-05-29 01:00:00,18.5,48.7,1.0286,1.1,103.0,False,False
2004-05-29 02:00:00,18.0,51.4,1.0504,0.6,84.0,False,False
2004-05-29 03:00:00,17.9,50.8,1.0355,0.3,,False,False
2004-05-29 04:00:00,17.7,51.9,1.0379,,59.0,False,False
2004-05-29 05:00:00,17.7,49.7,0.997,,29.0,False,False
2004-05-29 06:00:00,17.9,46.1,0.9383,0.1,45.0,False,False
2004-05-29 07:00:00,18.4,43.9,0.9192,0.5,80.0,False,False
2004-05-29 08:00:00,18.9,42.1,0.9081,0.6,77.0,False,False
2004-05-29 09:00:00,19.2,39.7,0.8728,0.5,68.0,False,False
2004-05-29 10:00:00,20.8,36.6,0.8878,0.7,66.0,False,False
2004-05-29 11:00:00,21.3,35.8,0.8975,0.7,70.0,False,False
2004-05-29 12:00:00,21.8,34.9,0.9004,0.9,74.0,False,False
2004-05-29 13:00:00,22.8,31.4,0.8615,0.7,64.0,False,False
2004-05-29 14:00:00,22.9,31.3,0.862,0.4,60.0,False,False
2004-05-29 15:00:00,22.9,30.7,0.8461,0.5,63.0,False,False
2004-05-29 16:00:00,23.8,29.2,0.8499,0.6,75.0,False,False
2004-05-29 17:00:00,23.2,30.2,0.8442,0.6,79.0,False,False
2004-05-29 18:00:00,22.4,31.3,0.8365,0.8,83.0,False,False
2004-05-29 19:00:00,21.7,32.2,0.825,1.0,93.0,False,False
2004-05-29 20:00:00,20.8,33.2,0.8061,1.2,112.0,False,False
2004-05-29 21:00:00,20.1,35.0,0.8149,1.0,103.0,False,False
2004-05-29 22:00:00,19.5,36.9,0.8258,1.3,93.0,False,False
2004-05-29 23:00:00,19.0,38.2,0.8327,2.7,112.0,False,False
2004-05-30 00:00:00,18.5,39.4,0.832,2.7,125.0,False,False
2004-05-30 01:00:00,17.8,41.7,0.844,1.6,107.0,False,False
2004-05-30 02:00:00,19.2,42.0,0.9248,0.6,76.0,False,False
2004-05-30 03:00:00,17.8,44.8,0.9048,0.3,,False,False
2004-05-30 04:00:00,17.0,47.7,0.9185,,55.0,False,False
2004-05-30 05:00:00,17.2,47.2,0.9178,0.1,37.0,False,False
2004-05-30 06:00:00,17.3,47.6,0.9295,0.1,45.0,False,False
2004-05-30 07:00:00,18.6,44.2,0.9385,0.2,61.0,False,False
2004-05-30 08:00:00,20.2,37.8,0.8837,0.3,67.0,False,False
2004-05-30 09:00:00,22.0,31.9,0.8335,0.3,60.0,False,False
2004-05-30 10:00:00,25.5,25.9,0.8339,0.4,64.0,False,False
2004-05-30 11:00:00,27.5,22.8,0.8249,0.3,64.0,False,False
2004-05-30 12:00:00,28.7,20.7,0.8024,0.3,59.0,False,False
2004-05-30 13:00:00,29.1,19.6,0.7771,0.1,41.0,False,False
2004-05-30 14:00:00,29.8,18.4,0.7595,0.1,46.0,False,False
2004-05-30 15:00:00,32.0,15.0,0.7028,0.2,46.0,False,False
2004-05-30 16:00:00,30.3,17.0,0.7232,0.6,77.0,False,False
2004-05-30 17:00:00,31.7,16.2,0.745,0.5,83.0,False,False
2004-05-30 18:00:00,29.2,19.6,0.7817,0.9,90.0,False,False
2004-05-30 19:00:00,27.4,23.8,0.858,1.1,95.0,False,False
2004-05-30 20:00:00,25.0,26.9,0.8408,1.3,113.0,False,False
2004-05-30 21:00:00,23.6,30.1,0.8663,1.5,128.0,False,False
2004-05-30 22:00:00,22.3,33.6,0.8913,1.2,117.0,False,False
2004-05-30 23:00:00,21.4,36.9,0.9271,0.4,64.0,False,False
2004-05-31 00:00:00,20.6,39.9,0.9597,0.2,28.0,False,False
2004-05-31 01:00:00,19.7,43.2,0.9812,0.3,46.0,False,False
2004-05-31 02:00:00,19.7,42.4,0.9636,,8.0,False,False
2004-05-31 03:00:00,18.9,45.0,0.9703,,,False,False
2004-05-31 04:00:00,18.7,45.4,0.9694,,32.0,False,False
2004-05-31 05:00:00,16.4,52.4,0.9709,,57.0,False,False
2004-05-31 06:00:00,16.6,52.1,0.9785,0.5,60.0,False,False
2004-05-31 07:00:00,17.4,50.9,1.0017,1.6,83.0,False,False
2004-05-31 08:00:00,19.3,46.0,1.0185,3.6,129.0,False,False
2004-05-31 09:00:00,20.9,43.6,1.0683,2.2,137.0,False,False
2004-05-31 10:00:00,25.6,33.3,1.0773,1.6,121.0,False,False
2004-05-31 11:00:00,28.9,26.0,1.0188,1.4,123.0,False,False
2004-05-31 12:00:00,30.3,22.8,0.9695,1.4,120.0,False,False
2004-05-31 13:00:00,30.9,24.4,1.0724,1.5,119.0,False,False
2004-05-31 14:00:00,30.5,26.2,1.1278,1.3,121.0,False,False
2004-05-31 15:00:00,30.7,23.4,1.015,1.2,111.0,False,False
2004-05-31 16:00:00,28.1,29.8,1.1132,1.8,128.0,False,False
2004-05-31 17:00:00,26.9,32.2,1.1267,3.0,159.0,False,False
2004-05-31 18:00:00,26.0,34.6,1.1485,3.5,161.0,False,False
2004-05-31 19:00:00,24.5,37.7,1.1454,2.4,116.0,False,False
2004-05-31 20:00:00,21.7,46.9,1.2044,1.1,96.0,False,False
2004-05-31 21:00:00,19.3,68.8,1.519,0.8,69.0,False,False
2004-05-31 22:00:00,17.6,81.6,1.6296,0.4,58.0,False,False
2004-05-31 23:00:00,17.8,80.3,1.6212,0.6,59.0,False,False
2004-06-01 00:00:00,18.6,75.7,1.6074,0.3,45.0,False,False
2004-06-01 01:00:00,19.6,68.4,1.5443,,23.0,False,False
2004-06-01 02:00:00,18.0,76.4,1.5608,,26.0,False,False
2004-06-01 03:00:00,17.3,77.2,1.5104,,,False,False
2004-06-01 04:00:00,16.5,82.3,1.5318,,24.0,False,False
2004-06-01 05:00:00,16.8,81.3,1.5452,0.1,41.0,False,False
2004-06-01 06:00:00,17.3,78.6,1.5412,0.3,65.0,False,False
2004-06-01 07:00:00,16.9,80.9,1.5472,1.4,94.0,False,False
2004-06-01 08:00:00,17.1,79.8,1.542,2.7,100.0,False,False
2004-06-01 09:00:00,18.5,70.3,1.4826,2.3,103.0,False,False
2004-06-01 10:00:00,19.6,66.7,1.5023,1.8,89.0,False,False
2004-06-01 11:00:00,20.4,63.1,1.4969,1.6,86.0,False,False
2004-06-01 12:00:00,21.6,61.8,1.5775,1.9,89.0,False,False
2004-06-01 13:00:00,24.0,49.3,1.4509,2.5,88.0,False,False
2004-06-01 14:00:00,25.7,43.8,1.4262,1.6,73.0,False,False
2004-06-01 15:00:00,24.6,47.5,1.4487,1.5,78.0,False,False
2004-06-01 16:00:00,24.8,47.4,1.4628,2.5,95.0,False,False
2004-06-01 17:00:00,23.7,50.5,1.4636,3.6,109.0,False,False
2004-06-01 18:00:00,23.0,53.8,1.4968,3.5,95.0,False,False
2004-06-01 19:00:00,21.5,65.8,1.6688,4.8,101.0,False,False
2004-06-01 20:00:00,21.0,66.9,1.6436,3.7,88.0,False,False
2004-06-01 21:00:00,20.6,68.1,1.6329,2.1,77.0,False,False
2004-06-01 22:00:00,20.5,66.9,1.5914,1.6,75.0,False,False
2004-06-01 23:00:00,20.2,65.2,1.5251,2.2,81.0,False,False
2004-06-02 00:00:00,19.5,68.0,1.5269,0.8,57.0,False,False
2004-06-02 01:00:00,19.9,66.4,1.5203,,49.0,False,False
2004-06-02 02:00:00,19.1,69.0,1.5043,,38.0,False,False
2004-06-02 03:00:00,18.5,70.7,1.4962,,,False,False
2004-06-02 04:00:00,18.9,67.8,1.4689,,31.0,False,False
2004-06-02 05:00:00,20.0,63.7,1.4742,,23.0,False,False
2004-06-02 06:00:00,19.8,64.7,1.4769,,22.0,False,False
2004-06-02 07:00:00,19.7,65.3,1.4843,,33.0,False,False
2004-06-02 08:00:00,20.8,62.0,1.5002,,43.0,False,False
2004-06-02 09:00:00,22.2,56.6,1.4973,,53.0,False,False
2004-06-02 10:00:00,24.3,49.0,1.4724,,54.0,False,False
2004-06-02 11:00:00,25.0,46.5,1.4492,,62.0,False,False
2004-06-02 12:00:00,28.9,34.8,1.3603,,53.0,False,False
2004-06-02 13:00:00,29.6,33.4,1.3581,,34.0,False,False
2004-06-02 14:00:00,30.9,30.7,1.3493,,30.0,False,False
2004-06-02 15:00:00,31.8,31.0,1.4286,,37.0,False,False
2004-06-02 16:00:00,31.4,31.2,1.4127,,47.0,False,False
2004-06-02 17:00:00,28.9,35.7,1.3985,,44.0,False,False
2004-06-02 18:00:00,27.2,42.5,1.5135,,53.0,False,False
2004-06-02 19:00:00,26.2,46.4,1.5573,,88.0,False,False
2004-06-02 20:00:00,24.5,51.0,1.5454,,95.0,False,False
2004-06-02 21:00:00,22.8,56.1,1.5353,,82.0,False,False
2004-06-02 22:00:00,21.9,60.9,1.5799,,59.0,False,False
2004-06-02 23:00:00,21.7,61.0,1.5617,,43.0,False,False
2004-06-03 00:00:00,20.8,64.8,1.568,,51.0,False,False
2004-06-03 01:00:00,20.3,70.9,1.6699,,49.0,False,False
2004-06-03 02:00:00,18.9,79.0,1.704,,36.0,False,False
2004-06-03 03:00:00,18.1,64.6,1.3276,,,False,False
2004-06-03 04:00:00,18.6,64.5,1.3655,,24.0,False,False
2004-06-03 05:00:00,17.6,67.4,1.346,,58.0,False,False
2004-06-03 06:00:00,17.6,67.6,1.3479,,73.0,False,False
2004-06-03 07:00:00,19.0,61.7,1.3393,,74.0,False,False
2004-06-03 08:00:00,20.0,57.4,1.3268,,97.0,False,False
2004-06-03 09:00:00,22.6,45.9,1.2418,,108.0,False,False
2004-06-03 10:00:00,27.3,34.3,1.2284,,93.0,False,False
2004-06-03 11:00:00,27.4,31.0,1.1184,,,False,False
2004-06-03 12:00:00,26.2,33.6,1.1244,,,False,False
2004-06-03 13:00:00,26.8,32.4,1.1263,,,False,False
2004-06-03 14:00:00,28.7,27.7,1.071,,,False,False
2004-06-03 15:00:00,28.7,25.0,0.9684,,,False,False
2004-06-03 16:00:00,29.1,22.3,0.8811,,,False,False
2004-06-03 17:00:00,29.0,24.5,0.9655,,,False,False
2004-06-03 18:00:00,27.2,28.3,1.0016,,,False,False
2004-06-03 19:00:00,25.3,30.0,0.952,,,False,False
2004-06-03 20:00:00,24.1,34.8,1.0333,,,False,False
2004-06-03 21:00:00,23.0,43.1,1.1993,,,False,False
2004-06-03 22:00:00,22.1,43.9,1.1521,,,False,False
2004-06-03 23:00:00,21.0,48.1,1.178,,,False,False
2004-06-04 00:00:00,20.6,49.2,1.1754,,,False,False
2004-06-04 01:00:00,21.2,47.6,1.1799,,,False,False
2004-06-04 02:00:00,21.0,50.1,1.2338,,,False,False
2004-06-04 03:00:00,20.1,53.1,1.2342,,,False,False
2004-06-04 04:00:00,19.0,54.0,1.1745,,,False,False
2004-06-04 05:00:00,19.2,51.1,1.124,,,False,False
2004-06-04 06:00:00,19.2,53.1,1.1662,,,False,False
2004-06-04 07:00:00,20.6,49.0,1.1748,,,False,False
2004-06-04 08:00:00,21.8,41.9,1.077,,,False,False
2004-06-04 09:00:00,22.8,37.6,1.0315,,,False,False
2004-06-04 10:00:00,24.8,31.3,0.9646,,,False,False
2004-06-04 11:00:00,26.0,29.4,0.976,,,False,False
2004-06-04 12:00:00,27.0,27.8,0.9731,,,False,False
2004-06-04 13:00:00,27.0,29.3,1.0277,,,False,False
2004-06-04 14:00:00,27.0,29.6,1.0419,,,False,False
2004-06-04 15:00:00,25.8,32.6,1.072,,,False,False
2004-06-04 16:00:00,26.2,32.6,1.0892,2.7,,False,False
2004-06-04 17:00:00,28.3,27.5,1.0418,3.6,,False,False
2004-06-04 18:00:00,26.5,29.7,1.0123,3.3,,False,False
2004-06-04 19:00:00,25.7,31.8,1.0317,3.6,,False,False
2004-06-04 20:00:00,24.4,35.2,1.0632,2.9,,False,False
2004-06-04 21:00:00,23.5,36.9,1.0518,1.9,,False,False
2004-06-04 22:00:00,22.4,41.0,1.1006,2.0,,False,False
2004-06-04 23:00:00,21.7,44.7,1.1451,2.9,,False,False
2004-06-05 00:00:00,21.1,48.1,1.1864,2.7,,False,False
2004-06-05 01:00:00,20.7,50.0,1.203,1.5,,False,False
2004-06-05 02:00:00,19.8,53.1,1.2093,1.6,,False,False
2004-06-05 03:00:00,19.8,53.6,1.2214,1.3,,False,False
2004-06-05 04:00:00,19.6,54.8,1.236,0.7,63.0,False,False
2004-06-05 05:00:00,19.3,57.3,1.265,0.7,71.0,False,False
2004-06-05 06:00:00,19.7,58.4,1.3254,1.2,91.0,False,False
2004-06-05 07:00:00,19.8,59.4,1.3554,1.5,95.0,False,False
2004-06-05 08:00:00,20.9,54.8,1.3387,1.5,96.0,False,False
2004-06-05 09:00:00,22.4,47.9,1.2817,1.6,81.0,False,False
2004-06-05 10:00:00,24.1,41.3,1.2202,1.1,68.0,False,False
2004-06-05 11:00:00,25.9,36.9,1.2133,1.1,57.0,False,False
2004-06-05 12:00:00,30.7,26.0,1.1287,1.4,68.0,False,False
2004-06-05 13:00:00,30.3,25.2,1.0652,1.4,72.0,False,False
2004-06-05 14:00:00,30.1,25.4,1.0641,1.0,62.0,False,False
2004-06-05 15:00:00,27.6,35.1,1.2764,1.3,75.0,False,False
2004-06-05 16:00:00,26.6,47.6,1.6315,1.9,92.0,False,False
2004-06-05 17:00:00,30.4,31.3,1.3331,1.7,89.0,False,False
2004-06-05 18:00:00,27.8,35.0,1.282,2.3,105.0,False,False
2004-06-05 19:00:00,26.6,37.9,1.2994,2.4,111.0,False,False
2004-06-05 20:00:00,23.4,44.4,1.2646,1.8,102.0,False,False
2004-06-05 21:00:00,23.0,51.1,1.4175,0.6,30.0,False,False
2004-06-05 22:00:00,22.1,53.5,1.4087,0.8,43.0,False,False
2004-06-05 23:00:00,21.6,53.6,1.3674,1.7,67.0,False,False
2004-06-06 00:00:00,21.9,52.7,1.365,1.1,58.0,False,False
2004-06-06 01:00:00,21.3,54.9,1.3707,0.6,24.0,False,False
2004-06-06 02:00:00,17.5,79.1,1.5709,1.1,58.0,False,False
2004-06-06 03:00:00,17.6,78.6,1.5722,1.1,,False,False
2004-06-06 04:00:00,17.1,81.8,1.5816,1.0,62.0,False,False
2004-06-06 05:00:00,16.6,80.2,1.5002,0.5,34.0,False,False
2004-06-06 06:00:00,16.8,77.4,1.4739,0.7,46.0,False,False
2004-06-06 07:00:00,18.3,66.5,1.381,1.0,62.0,False,False
2004-06-06 08:00:00,20.4,55.8,1.3196,1.2,70.0,False,False
2004-06-06 09:00:00,21.6,45.3,1.1533,0.7,54.0,False,False
2004-06-06 10:00:00,23.1,39.4,1.0983,0.9,61.0,False,False
2004-06-06 11:00:00,25.4,31.6,1.0058,0.8,53.0,False,False
2004-06-06 12:00:00,26.6,29.0,0.9928,0.8,49.0,False,False
2004-06-06 13:00:00,25.9,28.8,0.9475,0.5,48.0,False,False
2004-06-06 14:00:00,27.0,28.0,0.981,0.5,45.0,False,False
2004-06-06 15:00:00,23.6,38.1,1.0917,0.7,60.0,False,False
2004-06-06 16:00:00,25.9,32.0,1.0529,0.9,59.0,False,False
2004-06-06 17:00:00,26.3,31.5,1.0643,1.0,67.0,False,False
2004-06-06 18:00:00,23.9,36.8,1.0774,1.2,72.0,False,False
2004-06-06 19:00:00,23.7,36.8,1.0609,1.3,88.0,False,False
2004-06-06 20:00:00,22.5,37.8,1.0157,1.6,94.0,False,False
2004-06-06 21:00:00,21.8,39.2,1.0115,1.4,89.0,False,False
2004-06-06 22:00:00,20.9,42.6,1.04,1.7,96.0,False,False
2004-06-06 23:00:00,20.0,45.6,1.0555,1.7,98.0,False,False
2004-06-07 00:00:00,19.3,47.9,1.059,1.4,95.0,False,False
2004-06-07 01:00:00,18.7,49.0,1.0462,0.8,64.0,False,False
2004-06-07 02:00:00,17.8,54.1,1.0938,0.4,38.0,False,False
2004-06-07 03:00:00,18.6,52.7,1.1206,0.3,,False,False
2004-06-07 04:00:00,17.2,57.9,1.127,,34.0,False,False
2004-06-07 05:00:00,18.2,54.1,1.1155,0.5,40.0,False,False
2004-06-07 06:00:00,17.3,57.6,1.1289,1.5,76.0,False,False
2004-06-07 07:00:00,19.9,49.4,1.1354,2.6,90.0,False,False
2004-06-07 08:00:00,21.7,44.2,1.1321,4.3,118.0,False,False
2004-06-07 09:00:00,23.5,40.0,1.1386,3.1,118.0,False,False
2004-06-07 10:00:00,28.4,29.7,1.1345,2.9,122.0,False,False
2004-06-07 11:00:00,31.6,24.1,1.0994,2.5,120.0,False,False
2004-06-07 12:00:00,31.3,24.1,1.0816,1.9,132.0,False,False
2004-06-07 13:00:00,34.4,20.4,1.0857,2.5,115.0,False,False
2004-06-07 14:00:00,33.7,21.3,1.0988,2.5,127.0,False,False
2004-06-07 15:00:00,35.9,18.9,1.0999,2.8,126.0,False,False
2004-06-07 16:00:00,34.3,19.4,1.0279,2.3,113.0,False,False
2004-06-07 17:00:00,33.5,19.9,1.0112,3.3,124.0,False,False
2004-06-07 18:00:00,30.5,24.2,1.0386,2.8,108.0,False,False
2004-06-07 19:00:00,30.3,26.2,1.1161,4.8,142.0,False,False
2004-06-07 20:00:00,27.0,36.7,1.2898,2.5,125.0,False,False
2004-06-07 21:00:00,24.6,41.9,1.2752,2.0,116.0,False,False
2004-06-07 22:00:00,23.3,44.5,1.2566,1.8,101.0,False,False
2004-06-07 23:00:00,22.4,46.9,1.2544,1.7,101.0,False,False
2004-06-08 00:00:00,21.7,50.8,1.3019,1.3,92.0,False,False
2004-06-08 01:00:00,21.0,51.9,1.2794,0.7,55.0,False,False
2004-06-08 02:00:00,20.5,54.3,1.2926,0.5,42.0,False,False
2004-06-08 03:00:00,20.9,52.5,1.2852,0.4,,False,False
2004-06-08 04:00:00,21.0,53.1,1.3031,0.3,30.0,False,False
2004-06-08 05:00:00,19.6,57.1,1.2851,0.5,40.0,False,False
2004-06-08 06:00:00,18.2,62.3,1.2903,1.4,69.0,False,False
2004-06-08 07:00:00,19.5,57.7,1.2966,3.3,100.0,False,False
2004-06-08 08:00:00,21.6,51.7,1.313,5.8,125.0,False,False
2004-06-08 09:00:00,23.9,44.4,1.3029,5.0,174.0,False,False
2004-06-08 10:00:00,28.1,35.2,1.312,3.5,171.0,False,False
2004-06-08 11:00:00,31.4,28.6,1.298,2.9,149.0,False,False
2004-06-08 12:00:00,33.7,25.5,1.3095,2.5,124.0,False,False
2004-06-08 13:00:00,35.9,20.8,1.2103,2.3,119.0,False,False
2004-06-08 14:00:00,37.5,18.1,1.1529,2.4,130.0,False,False
2004-06-08 15:00:00,37.7,17.7,1.1383,2.6,143.0,False,False
2004-06-08 16:00:00,37.8,17.4,1.1219,2.2,,False,False
2004-06-08 17:00:00,36.6,20.6,1.2445,3.5,183.0,False,False
2004-06-08 18:00:00,32.5,26.0,1.2502,3.9,161.0,False,False
2004-06-08 19:00:00,30.8,27.2,1.1832,4.5,170.0,False,False
2004-06-08 20:00:00,28.8,30.2,1.1761,3.8,143.0,False,False
2004-06-08 21:00:00,26.7,35.4,1.2233,2.8,123.0,False,False
2004-06-08 22:00:00,25.3,40.7,1.291,1.7,89.0,False,False
2004-06-08 23:00:00,24.9,41.2,1.2809,1.2,67.0,False,False
2004-06-09 00:00:00,23.7,45.1,1.3033,1.6,81.0,False,False
2004-06-09 01:00:00,22.5,49.0,1.3151,1.0,54.0,False,False
2004-06-09 02:00:00,22.3,50.6,1.3486,0.9,57.0,False,False
2004-06-09 03:00:00,22.0,50.5,1.3199,0.5,,False,False
2004-06-09 04:00:00,20.8,54.4,1.3229,0.5,51.0,False,False
2004-06-09 05:00:00,20.3,56.0,1.3204,0.5,58.0,False,False
2004-06-09 06:00:00,20.5,54.8,1.3073,1.0,69.0,False,False
2004-06-09 07:00:00,21.7,50.6,1.2981,3.5,107.0,False,False
2004-06-09 08:00:00,23.4,46.1,1.3091,6.4,151.0,False,False
2004-06-09 09:00:00,25.1,43.0,1.3488,2.9,146.0,False,False
2004-06-09 10:00:00,30.1,32.8,1.3795,3.4,165.0,False,False
2004-06-09 11:00:00,34.7,25.9,1.4069,2.8,159.0,False,False
2004-06-09 12:00:00,37.2,23.2,1.4478,2.8,174.0,False,False
2004-06-09 13:00:00,39.5,18.3,1.2917,2.8,167.0,False,False
2004-06-09 14:00:00,40.6,15.3,1.1485,2.3,137.0,False,False
2004-06-09 15:00:00,40.3,16.1,1.1896,1.8,116.0,False,False
2004-06-09 16:00:00,40.3,14.2,1.0494,2.0,125.0,False,False
2004-06-09 17:00:00,39.6,16.7,1.1867,3.5,194.0,False,False
2004-06-09 18:00:00,37.3,23.4,1.4672,4.9,222.0,False,True
2004-06-09 19:00:00,33.7,27.7,1.4213,4.6,206.0,False,False
2004-06-09 20:00:00,30.7,32.2,1.3983,3.4,162.0,False,False
2004-06-09 21:00:00,28.4,35.7,1.3549,2.7,132.0,False,False
2004-06-09 22:00:00,26.5,38.6,1.3154,1.9,107.0,False,False
2004-06-09 23:00:00,25.4,40.1,1.2822,1.5,84.0,False,False
2004-06-10 00:00:00,24.1,43.3,1.2839,1.0,61.0,False,False
2004-06-10 01:00:00,23.9,45.6,1.3328,0.7,42.0,False,False
2004-06-10 02:00:00,22.0,52.8,1.3752,1.0,66.0,False,False
2004-06-10 03:00:00,20.7,56.1,1.3565,0.6,,False,False
2004-06-10 04:00:00,20.1,57.3,1.3352,,50.0,False,False
2004-06-10 05:00:00,19.5,59.4,1.3328,0.9,76.0,False,False
2004-06-10 06:00:00,20.0,56.6,1.3095,1.2,78.0,False,False
2004-06-10 07:00:00,21.7,53.9,1.3848,2.9,104.0,False,False
2004-06-10 08:00:00,23.7,49.0,1.4152,4.8,139.0,False,False
2004-06-10 09:00:00,25.9,44.3,1.4544,4.3,166.0,False,False
2004-06-10 10:00:00,30.1,34.3,1.4414,3.1,151.0,False,False
2004-06-10 11:00:00,33.5,27.2,1.3859,2.4,134.0,False,False
2004-06-10 12:00:00,35.4,26.1,1.4806,2.8,148.0,False,False
2004-06-10 13:00:00,37.9,23.2,1.502,2.5,126.0,False,False
2004-06-10 14:00:00,39.7,18.7,1.3306,2.6,144.0,False,False
2004-06-10 15:00:00,40.4,17.2,1.2774,2.3,133.0,False,False
2004-06-10 16:00:00,40.0,18.8,1.363,2.4,139.0,False,False
2004-06-10 17:00:00,38.9,18.8,1.29,3.5,178.0,False,False
2004-06-10 18:00:00,35.8,22.1,1.2792,4.8,206.0,False,True
2004-06-10 19:00:00,33.1,25.9,1.2923,5.1,211.0,False,False
2004-06-10 20:00:00,30.9,28.2,1.2388,4.7,180.0,False,False
2004-06-10 21:00:00,27.5,32.6,1.176,2.4,116.0,False,False
2004-06-10 22:00:00,26.3,34.3,1.1605,2.5,118.0,False,False
2004-06-10 23:00:00,25.5,34.1,1.0968,2.7,115.0,False,False
2004-06-11 00:00:00,24.7,39.3,1.2065,1.5,96.0,False,False
2004-06-11 01:00:00,24.2,39.5,1.1764,1.1,86.0,False,False
2004-06-11 02:00:00,24.8,37.8,1.1639,0.6,65.0,False,False
2004-06-11 03:00:00,22.7,43.8,1.1952,0.5,,False,False
2004-06-11 04:00:00,22.0,44.3,1.1553,0.4,53.0,False,False
2004-06-11 05:00:00,19.3,51.4,1.1364,0.6,74.0,False,False
2004-06-11 06:00:00,19.8,50.4,1.1525,1.0,69.0,False,False
2004-06-11 07:00:00,20.5,48.2,1.1474,4.6,131.0,False,False
2004-06-11 08:00:00,22.8,42.7,1.1667,4.8,134.0,False,False
2004-06-11 09:00:00,25.6,35.8,1.1548,4.0,148.0,False,False
2004-06-11 10:00:00,30.0,27.5,1.1509,,,False,False
2004-06-11 11:00:00,34.4,21.0,1.1248,2.0,,False,False
2004-06-11 12:00:00,35.9,19.6,1.1422,2.0,111.0,False,False
2004-06-11 13:00:00,37.2,18.2,1.1389,2.0,110.0,False,False
2004-06-11 14:00:00,37.3,16.6,1.0435,1.9,110.0,False,False
2004-06-11 15:00:00,37.4,14.9,0.9413,1.9,116.0,False,False
2004-06-11 16:00:00,36.4,15.1,0.9005,1.9,120.0,False,False
2004-06-11 17:00:00,35.4,14.7,0.8323,2.6,142.0,False,False
2004-06-11 18:00:00,34.2,14.2,0.7502,3.2,146.0,False,False
2004-06-11 19:00:00,31.1,18.7,0.8302,3.4,153.0,False,False
2004-06-11 20:00:00,29.1,22.0,0.8702,3.4,158.0,False,False
2004-06-11 21:00:00,27.2,22.5,0.7962,2.9,140.0,False,False
2004-06-11 22:00:00,25.3,24.6,0.7796,2.7,127.0,False,False
2004-06-11 23:00:00,24.9,27.2,0.8429,1.3,97.0,False,False
2004-06-12 00:00:00,23.5,32.2,0.922,1.3,91.0,False,False
2004-06-12 01:00:00,23.5,32.7,0.9349,0.9,68.0,False,False
2004-06-12 02:00:00,24.1,32.0,0.9467,0.6,52.0,False,False
2004-06-12 03:00:00,22.6,34.8,0.9441,0.5,,False,False
2004-06-12 04:00:00,20.8,40.2,0.9725,0.5,58.0,False,False
2004-06-12 05:00:00,18.8,46.6,1.0027,0.9,78.0,False,False
2004-06-12 06:00:00,19.8,46.0,1.0524,0.7,61.0,False,False
2004-06-12 07:00:00,21.3,42.3,1.0625,0.6,64.0,False,False
2004-06-12 08:00:00,21.3,41.8,1.0449,1.3,81.0,False,False
2004-06-12 09:00:00,24.0,36.6,1.0772,1.9,92.0,False,False
2004-06-12 10:00:00,27.2,30.7,1.0884,2.1,101.0,False,False
2004-06-12 11:00:00,32.3,23.6,1.1271,1.8,96.0,False,False
2004-06-12 12:00:00,31.9,25.8,1.2023,1.8,101.0,False,False
2004-06-12 13:00:00,35.1,21.8,1.2093,1.6,91.0,False,False
2004-06-12 14:00:00,36.0,20.5,1.1995,1.2,68.0,False,False
2004-06-12 15:00:00,37.0,20.1,1.2423,1.2,76.0,False,False
2004-06-12 16:00:00,36.4,21.0,1.2515,1.4,84.0,False,False
2004-06-12 17:00:00,35.2,22.6,1.267,1.3,76.0,False,False
2004-06-12 18:00:00,32.5,27.6,1.3229,1.1,61.0,False,False
2004-06-12 19:00:00,29.1,35.1,1.3919,1.1,52.0,False,False
2004-06-12 20:00:00,26.9,39.7,1.3898,1.1,59.0,False,False
2004-06-12 21:00:00,26.1,42.2,1.4039,1.8,89.0,False,False
2004-06-12 22:00:00,25.5,43.8,1.4095,2.3,113.0,False,False
2004-06-12 23:00:00,24.9,45.6,1.4135,2.6,112.0,False,False
2004-06-13 00:00:00,25.2,45.2,1.4262,2.0,89.0,False,False
2004-06-13 01:00:00,25.4,45.5,1.457,1.0,53.0,False,False
2004-06-13 02:00:00,26.2,43.6,1.4599,0.6,36.0,False,False
2004-06-13 03:00:00,24.3,48.2,1.4476,0.6,,False,False
2004-06-13 04:00:00,24.4,48.3,1.4499,0.5,39.0,False,False
2004-06-13 05:00:00,23.3,51.0,1.4346,0.4,33.0,False,False
2004-06-13 06:00:00,21.6,48.1,1.2259,0.4,37.0,False,False
2004-06-13 07:00:00,21.4,47.8,1.2005,0.4,36.0,False,False
2004-06-13 08:00:00,20.5,46.8,1.1152,0.4,42.0,False,False
2004-06-13 09:00:00,20.8,40.7,0.9882,0.5,52.0,False,False
2004-06-13 10:00:00,22.3,35.3,0.9371,0.6,60.0,False,False
2004-06-13 11:00:00,21.7,38.3,0.9842,0.7,74.0,False,False
2004-06-13 12:00:00,24.4,29.6,0.8921,0.7,65.0,False,False
2004-06-13 13:00:00,23.4,34.9,0.991,0.6,52.0,False,False
2004-06-13 14:00:00,23.5,35.2,1.0019,0.5,40.0,False,False
2004-06-13 15:00:00,22.4,39.0,1.04,0.6,49.0,False,False
2004-06-13 16:00:00,22.0,41.7,1.0865,0.8,56.0,False,False
2004-06-13 17:00:00,21.7,42.7,1.0949,0.8,59.0,False,False
2004-06-13 18:00:00,20.7,43.4,1.047,1.0,68.0,False,False
2004-06-13 19:00:00,20.3,42.6,1.0045,1.0,72.0,False,False
2004-06-13 20:00:00,20.3,44.1,1.0392,1.0,78.0,False,False
2004-06-13 21:00:00,20.1,45.2,1.0538,0.9,71.0,False,False
2004-06-13 22:00:00,19.8,45.7,1.0424,0.7,54.0,False,False
2004-06-13 23:00:00,19.6,45.3,1.0244,0.8,57.0,False,False
2004-06-14 00:00:00,19.4,45.9,1.0242,0.7,45.0,False,False
2004-06-14 01:00:00,19.7,44.8,1.0172,0.5,30.0,False,False
2004-06-14 02:00:00,19.5,46.3,1.0363,0.3,16.0,False,False
2004-06-14 03:00:00,19.0,49.0,1.063,0.3,,False,False
2004-06-14 04:00:00,19.1,50.7,1.109,,18.0,False,False
2004-06-14 05:00:00,19.1,52.7,1.1545,0.3,28.0,False,False
2004-06-14 06:00:00,20.3,49.3,1.1596,0.7,62.0,False,False
2004-06-14 07:00:00,21.1,46.2,1.1389,1.5,92.0,False,False
2004-06-14 08:00:00,21.5,44.5,1.129,1.8,96.0,False,False
2004-06-14 09:00:00,22.4,43.6,1.1637,1.4,87.0,False,False
2004-06-14 10:00:00,24.8,39.1,1.2039,1.5,84.0,False,False
2004-06-14 11:00:00,23.9,42.1,1.2335,1.2,73.0,False,False
2004-06-14 12:00:00,25.5,38.3,1.2328,1.2,72.0,False,False
2004-06-14 13:00:00,25.4,39.2,1.2534,1.3,68.0,False,False
2004-06-14 14:00:00,25.6,37.0,1.2006,1.0,62.0,False,False
2004-06-14 15:00:00,24.5,38.4,1.1669,1.4,70.0,False,False
2004-06-14 16:00:00,23.9,39.9,1.1639,1.6,83.0,False,False
2004-06-14 17:00:00,24.2,39.2,1.1665,2.7,92.0,False,False
2004-06-14 18:00:00,23.5,41.2,1.1759,2.3,103.0,False,False
2004-06-14 19:00:00,22.3,44.9,1.1973,1.5,82.0,False,False
2004-06-14 20:00:00,21.7,46.5,1.1917,1.4,74.0,False,False
2004-06-14 21:00:00,22.0,44.9,1.1699,1.0,67.0,False,False
2004-06-14 22:00:00,22.2,44.1,1.1654,1.1,74.0,False,False
2004-06-14 23:00:00,21.8,45.6,1.1763,1.2,72.0,False,False
2004-06-15 00:00:00,21.6,46.0,1.1742,1.2,79.0,False,False
2004-06-15 01:00:00,21.6,45.8,1.1715,0.7,43.0,False,False
2004-06-15 02:00:00,20.7,48.3,1.168,0.5,33.0,False,False
2004-06-15 03:00:00,21.0,47.1,1.1546,0.4,,False,False
2004-06-15 04:00:00,20.8,48.5,1.18,0.4,38.0,False,False
2004-06-15 05:00:00,20.8,49.4,1.1994,0.5,51.0,False,False
2004-06-15 06:00:00,19.9,51.8,1.1911,1.0,69.0,False,False
2004-06-15 07:00:00,20.9,49.3,1.2049,4.4,116.0,False,False
2004-06-15 08:00:00,23.7,39.9,1.1508,4.0,119.0,False,False
2004-06-15 09:00:00,25.3,35.8,1.1421,2.4,96.0,False,False
2004-06-15 10:00:00,28.8,29.1,1.1349,2.1,109.0,False,False
2004-06-15 11:00:00,30.3,26.9,1.1399,2.7,115.0,False,False
2004-06-15 12:00:00,32.8,23.3,1.138,2.8,118.0,False,False
2004-06-15 13:00:00,33.9,21.4,1.1135,2.3,118.0,False,False
2004-06-15 14:00:00,35.3,19.6,1.1036,2.0,112.0,False,False
2004-06-15 15:00:00,34.0,20.8,1.0898,2.6,140.0,False,False
2004-06-15 16:00:00,35.3,18.8,1.0572,2.7,137.0,False,False
2004-06-15 17:00:00,32.6,24.1,1.1688,3.1,143.0,False,False
2004-06-15 18:00:00,30.8,28.7,1.2507,3.1,148.0,False,False
2004-06-15 19:00:00,28.7,31.2,1.2099,3.6,158.0,False,False
2004-06-15 20:00:00,26.8,35.1,1.2201,2.9,127.0,False,False
2004-06-15 21:00:00,25.3,39.4,1.2524,2.2,109.0,False,False
2004-06-15 22:00:00,23.9,40.9,1.1966,2.0,101.0,False,False
2004-06-15 23:00:00,23.0,44.4,1.2354,2.1,114.0,False,False
2004-06-16 00:00:00,22.2,53.9,1.4237,1.9,104.0,False,False
2004-06-16 01:00:00,20.9,59.8,1.4659,1.4,81.0,False,False
2004-06-16 02:00:00,21.3,58.1,1.457,0.8,51.0,False,False
2004-06-16 03:00:00,20.8,58.4,1.4189,0.6,,False,False
2004-06-16 04:00:00,20.3,58.9,1.3878,0.6,40.0,False,False
2004-06-16 05:00:00,21.3,54.5,1.3682,0.5,34.0,False,False
2004-06-16 06:00:00,20.6,57.4,1.3753,1.0,61.0,False,False
2004-06-16 07:00:00,21.3,56.9,1.4226,2.7,95.0,False,False
2004-06-16 08:00:00,22.9,52.4,1.4442,5.0,142.0,False,False
2004-06-16 09:00:00,24.1,46.5,1.3802,3.3,128.0,False,False
2004-06-16 10:00:00,27.1,38.8,1.3705,2.4,115.0,False,False
2004-06-16 11:00:00,28.4,34.4,1.314,1.7,84.0,False,False
2004-06-16 12:00:00,30.1,30.9,1.2958,1.7,85.0,False,False
2004-06-16 13:00:00,32.7,25.8,1.2547,2.4,110.0,False,False
2004-06-16 14:00:00,32.4,25.7,1.2271,2.2,107.0,False,False
2004-06-16 15:00:00,33.6,24.4,1.2472,2.2,107.0,False,False
2004-06-16 16:00:00,33.0,26.0,1.2877,2.3,113.0,False,False
2004-06-16 17:00:00,33.2,23.7,1.1855,2.6,107.0,False,False
2004-06-16 18:00:00,31.3,25.4,1.1415,2.3,106.0,False,False
2004-06-16 19:00:00,28.3,31.7,1.1968,3.3,125.0,False,False
2004-06-16 20:00:00,26.5,35.0,1.1981,3.5,139.0,False,False
2004-06-16 21:00:00,24.4,40.0,1.2079,2.5,117.0,False,False
2004-06-16 22:00:00,23.3,43.4,1.2251,2.5,107.0,False,False
2004-06-16 23:00:00,22.5,45.3,1.2226,2.4,98.0,False,False
2004-06-17 00:00:00,21.8,47.8,1.2325,2.5,97.0,False,False
2004-06-17 01:00:00,20.9,51.0,1.2446,2.1,95.0,False,False
2004-06-17 02:00:00,20.8,51.7,1.2572,1.0,68.0,False,False
2004-06-17 03:00:00,19.3,57.1,1.2661,0.8,,False,False
2004-06-17 04:00:00,18.8,58.6,1.2581,,51.0,False,False
2004-06-17 05:00:00,20.2,53.8,1.2569,0.5,44.0,False,False
2004-06-17 06:00:00,18.3,60.8,1.2635,1.3,77.0,False,False
2004-06-17 07:00:00,20.2,54.5,1.2777,3.6,100.0,False,False
2004-06-17 08:00:00,21.9,49.9,1.2957,4.8,125.0,False,False
2004-06-17 09:00:00,25.2,43.0,1.3548,3.7,154.0,False,False
2004-06-17 10:00:00,28.0,36.6,1.3603,1.9,125.0,False,False
2004-06-17 11:00:00,27.1,38.3,1.3548,1.7,117.0,False,False
2004-06-17 12:00:00,27.4,37.0,1.3319,1.9,105.0,False,False
2004-06-17 13:00:00,29.4,32.9,1.3244,1.8,103.0,False,False
2004-06-17 14:00:00,31.3,28.7,1.2885,1.7,106.0,False,False
2004-06-17 15:00:00,31.5,28.7,1.3058,1.8,107.0,False,False
2004-06-17 16:00:00,30.9,30.3,1.3306,1.7,102.0,False,False
2004-06-17 17:00:00,31.4,30.3,1.3689,2.8,124.0,False,False
2004-06-17 18:00:00,30.7,31.4,1.3686,3.6,133.0,False,False
2004-06-17 19:00:00,29.0,33.4,1.3169,3.3,125.0,False,False
2004-06-17 20:00:00,27.3,37.5,1.342,2.9,124.0,False,False
2004-06-17 21:00:00,25.8,40.9,1.3389,1.7,97.0,False,False
2004-06-17 22:00:00,25.2,43.0,1.358,1.7,94.0,False,False
2004-06-17 23:00:00,24.6,45.8,1.394,2.8,120.0,False,False
2004-06-18 00:00:00,24.0,47.3,1.3914,1.8,105.0,False,False
2004-06-18 01:00:00,23.5,48.3,1.3777,1.0,81.0,False,False
2004-06-18 02:00:00,24.0,45.8,1.3467,0.5,43.0,False,False
2004-06-18 03:00:00,22.2,50.7,1.3405,0.4,,False,False
2004-06-18 04:00:00,22.8,48.1,1.3184,0.3,32.0,False,False
2004-06-18 05:00:00,21.9,50.1,1.3002,0.4,36.0,False,False
2004-06-18 06:00:00,20.4,54.1,1.28,0.8,59.0,False,False
2004-06-18 07:00:00,20.8,52.6,1.2758,2.2,92.0,False,False
2004-06-18 08:00:00,22.8,47.9,1.3156,4.4,121.0,False,False
2004-06-18 09:00:00,25.2,42.9,1.3552,3.7,151.0,False,False
2004-06-18 10:00:00,29.3,34.8,1.397,2.5,142.0,False,False
2004-06-18 11:00:00,33.3,27.8,1.4013,2.5,141.0,False,False
2004-06-18 12:00:00,34.9,24.9,1.363,2.3,129.0,False,False
2004-06-18 13:00:00,36.1,22.7,1.3324,2.0,106.0,False,False
2004-06-18 14:00:00,37.6,21.1,1.3478,2.0,125.0,False,False
2004-06-18 15:00:00,37.3,21.9,1.3761,2.1,126.0,False,False
2004-06-18 16:00:00,37.2,21.6,1.3514,2.4,147.0,False,False
2004-06-18 17:00:00,35.6,23.4,1.341,3.1,180.0,False,False
2004-06-18 18:00:00,33.1,24.3,1.2087,2.9,164.0,False,False
2004-06-18 19:00:00,30.5,29.5,1.2635,3.5,180.0,False,False
2004-06-18 20:00:00,28.7,35.8,1.3834,2.9,153.0,False,False
2004-06-18 21:00:00,26.6,42.2,1.4452,1.5,105.0,False,False
2004-06-18 22:00:00,25.2,46.6,1.4733,1.7,98.0,False,False
2004-06-18 23:00:00,24.7,47.7,1.4649,2.2,107.0,False,False
2004-06-19 00:00:00,24.4,47.4,1.4301,1.6,87.0,False,False
2004-06-19 01:00:00,23.3,49.9,1.4135,1.0,80.0,False,False
2004-06-19 02:00:00,23.8,47.3,1.3783,0.6,62.0,False,False
2004-06-19 03:00:00,22.9,50.2,1.3808,0.6,,False,False
2004-06-19 04:00:00,21.2,55.0,1.3689,0.6,54.0,False,False
2004-06-19 05:00:00,21.7,52.6,1.35,0.5,56.0,False,False
2004-06-19 06:00:00,22.8,48.9,1.3424,0.5,62.0,False,False
2004-06-19 07:00:00,23.5,47.6,1.3611,0.9,72.0,False,False
2004-06-19 08:00:00,24.6,44.9,1.3661,1.4,86.0,False,False
2004-06-19 09:00:00,27.0,39.9,1.402,1.6,99.0,False,False
2004-06-19 10:00:00,29.3,35.9,1.4411,1.6,98.0,False,False
2004-06-19 11:00:00,31.2,32.4,1.4517,1.7,102.0,False,False
2004-06-19 12:00:00,34.4,26.6,1.423,1.7,84.0,False,False
2004-06-19 13:00:00,36.1,22.1,1.3004,1.5,83.0,False,False
2004-06-19 14:00:00,,,,1.2,68.0,False,False
2004-06-19 15:00:00,,,,1.2,63.0,False,False
2004-06-19 16:00:00,,,,1.1,65.0,False,False
2004-06-19 17:00:00,,,,1.0,63.0,False,False
2004-06-19 18:00:00,,,,1.1,56.0,False,False
2004-06-19 19:00:00,,,,1.6,77.0,False,False
2004-06-19 20:00:00,,,,1.7,91.0,False,False
2004-06-19 21:00:00,,,,1.4,70.0,False,False
2004-06-19 22:00:00,,,,1.7,95.0,False,False
2004-06-19 23:00:00,,,,2.4,113.0,False,False
2004-06-20 00:00:00,,,,2.3,109.0,False,False
2004-06-20 01:00:00,,,,1.2,65.0,False,False
2004-06-20 02:00:00,,,,1.0,60.0,False,False
2004-06-20 03:00:00,,,,1.4,,False,False
2004-06-20 04:00:00,,,,,62.0,False,False
2004-06-20 05:00:00,,,,1.0,60.0,False,False
2004-06-20 06:00:00,,,,0.9,65.0,False,False
2004-06-20 07:00:00,,,,0.8,55.0,False,False
2004-06-20 08:00:00,,,,1.0,66.0,False,False
2004-06-20 09:00:00,,,,1.2,67.0,False,False
2004-06-20 10:00:00,,,,1.2,64.0,False,False
2004-06-20 11:00:00,,,,1.0,59.0,False,False
2004-06-20 12:00:00,,,,1.0,59.0,False,False
2004-06-20 13:00:00,,,,0.6,36.0,False,False
2004-06-20 14:00:00,,,,0.7,35.0,False,False
2004-06-20 15:00:00,,,,0.8,54.0,False,False
2004-06-20 16:00:00,,,,1.1,71.0,False,False
2004-06-20 17:00:00,,,,1.4,86.0,False,False
2004-06-20 18:00:00,,,,2.8,114.0,False,False
2004-06-20 19:00:00,,,,2.5,105.0,False,False
2004-06-20 20:00:00,,,,1.6,87.0,False,False
2004-06-20 21:00:00,,,,1.4,85.0,False,False
2004-06-20 22:00:00,,,,2.3,91.0,False,False
2004-06-20 23:00:00,,,,4.2,108.0,False,False
2004-06-21 00:00:00,,,,3.0,99.0,False,False
2004-06-21 01:00:00,,,,2.2,83.0,False,False
2004-06-21 02:00:00,,,,0.6,36.0,False,False
2004-06-21 03:00:00,,,,0.3,,False,False
2004-06-21 04:00:00,18.9,55.2,1.1895,0.3,24.0,False,False
2004-06-21 05:00:00,18.2,57.6,1.193,0.5,43.0,False,False
2004-06-21 06:00:00,18.6,56.0,1.1865,1.3,64.0,False,False
2004-06-21 07:00:00,20.8,48.0,1.1702,2.5,91.0,False,False
2004-06-21 08:00:00,23.3,38.6,1.0919,3.7,109.0,False,False
2004-06-21 09:00:00,25.1,32.4,1.017,2.5,110.0,False,False
2004-06-21 10:00:00,27.8,25.8,0.9473,1.8,111.0,False,False
2004-06-21 11:00:00,29.6,21.0,0.8548,1.5,106.0,False,False
2004-06-21 12:00:00,30.2,18.0,0.7613,1.5,104.0,False,False
2004-06-21 13:00:00,30.1,18.5,0.7747,1.2,76.0,False,False
2004-06-21 14:00:00,29.5,19.4,0.7872,1.4,84.0,False,False
2004-06-21 15:00:00,31.1,18.2,0.8079,1.6,102.0,False,False
2004-06-21 16:00:00,30.3,19.0,0.8103,1.6,102.0,False,False
2004-06-21 17:00:00,30.1,19.3,0.8083,2.2,124.0,False,False
2004-06-21 18:00:00,28.6,22.3,0.859,3.0,147.0,False,False
2004-06-21 19:00:00,26.1,28.3,0.9407,3.0,138.0,False,False
2004-06-21 20:00:00,24.5,35.7,1.0807,2.7,126.0,False,False
2004-06-21 21:00:00,23.1,41.5,1.1582,2.1,112.0,False,False
2004-06-21 22:00:00,21.8,46.3,1.1913,1.6,95.0,False,False
2004-06-21 23:00:00,20.9,48.9,1.1945,1.3,80.0,False,False
2004-06-22 00:00:00,20.5,49.9,1.1903,1.1,79.0,False,False
2004-06-22 01:00:00,20.0,50.9,1.1794,0.7,49.0,False,False
2004-06-22 02:00:00,22.1,44.3,1.1665,0.4,36.0,False,False
2004-06-22 03:00:00,21.0,47.5,1.1666,0.2,,False,False
2004-06-22 04:00:00,19.8,50.3,1.1444,0.2,40.0,False,False
2004-06-22 05:00:00,19.0,52.8,1.1489,0.3,37.0,False,False
2004-06-22 06:00:00,17.8,56.5,1.1375,0.9,67.0,False,False
2004-06-22 07:00:00,18.2,55.8,1.1529,3.1,106.0,False,False
2004-06-22 08:00:00,20.6,47.7,1.1448,5.0,134.0,False,False
2004-06-22 09:00:00,22.8,41.9,1.1496,2.8,123.0,False,False
2004-06-22 10:00:00,27.1,31.7,1.1147,2.8,136.0,False,False
2004-06-22 11:00:00,30.4,26.4,1.131,2.1,109.0,False,False
2004-06-22 12:00:00,31.1,26.2,1.1647,3.1,144.0,False,False
2004-06-22 13:00:00,31.4,25.3,1.1444,3.0,154.0,False,False
2004-06-22 14:00:00,30.8,26.7,1.168,2.1,126.0,False,False
2004-06-22 15:00:00,31.8,25.6,1.1868,1.7,98.0,False,False
2004-06-22 16:00:00,33.5,22.9,1.1649,2.2,120.0,False,False
2004-06-22 17:00:00,33.1,23.5,1.1673,3.5,145.0,False,False
2004-06-22 18:00:00,31.7,25.9,1.1883,3.6,139.0,False,False
2004-06-22 19:00:00,29.0,30.4,1.2013,4.1,148.0,False,False
2004-06-22 20:00:00,27.4,33.6,1.2095,4.0,139.0,False,False
2004-06-22 21:00:00,25.2,36.4,1.1528,1.8,93.0,False,False
2004-06-22 22:00:00,24.0,39.6,1.1662,1.7,96.0,False,False
2004-06-22 23:00:00,23.8,39.6,1.1558,2.4,104.0,False,False
2004-06-23 00:00:00,22.9,43.6,1.1974,1.2,83.0,False,False
2004-06-23 01:00:00,22.8,43.9,1.202,0.8,66.0,False,False
2004-06-23 02:00:00,21.8,47.3,1.2189,0.5,55.0,False,False
2004-06-23 03:00:00,21.7,47.3,1.2135,0.3,,False,False
2004-06-23 04:00:00,20.8,50.3,1.2207,,37.0,False,False
2004-06-23 05:00:00,21.7,46.8,1.2031,0.4,40.0,False,False
2004-06-23 06:00:00,20.3,52.3,1.2367,1.0,51.0,False,False
2004-06-23 07:00:00,20.5,52.3,1.245,3.8,117.0,False,False
2004-06-23 08:00:00,21.7,49.6,1.2673,3.2,110.0,False,False
2004-06-23 09:00:00,24.0,43.1,1.2677,3.5,136.0,False,False
2004-06-23 10:00:00,28.5,31.7,1.2144,3.2,152.0,False,False
2004-06-23 11:00:00,32.2,25.1,1.189,2.3,119.0,False,False
2004-06-23 12:00:00,34.9,20.5,1.1279,2.2,106.0,False,False
2004-06-23 13:00:00,35.4,19.9,1.1222,2.1,101.0,False,False
2004-06-23 14:00:00,34.4,22.5,1.205,1.9,110.0,False,False
2004-06-23 15:00:00,34.8,22.8,1.2488,2.4,124.0,False,False
2004-06-23 16:00:00,34.3,22.4,1.1907,2.5,137.0,False,False
2004-06-23 17:00:00,32.5,25.3,1.2165,3.6,159.0,False,False
2004-06-23 18:00:00,31.3,27.3,1.2234,3.9,152.0,False,False
2004-06-23 19:00:00,30.2,29.0,1.2224,4.4,166.0,False,False
2004-06-23 20:00:00,28.5,33.3,1.2775,4.8,163.0,False,False
2004-06-23 21:00:00,27.3,35.3,1.2606,2.5,121.0,False,False
2004-06-23 22:00:00,26.1,37.8,1.2575,2.8,125.0,False,False
2004-06-23 23:00:00,24.7,47.1,1.44,3.2,120.0,False,False
2004-06-24 00:00:00,23.6,59.8,1.7193,2.6,103.0,False,False
2004-06-24 01:00:00,23.3,60.5,1.706,1.5,64.0,False,False
2004-06-24 02:00:00,23.3,59.4,1.6753,1.0,44.0,False,False
2004-06-24 03:00:00,22.9,57.7,1.5902,0.8,,False,False
2004-06-24 04:00:00,23.7,53.5,1.546,0.6,35.0,False,False
2004-06-24 05:00:00,21.2,60.9,1.5092,0.6,46.0,False,False
2004-06-24 06:00:00,22.1,56.2,1.48,0.7,54.0,False,False
2004-06-24 07:00:00,21.9,57.0,1.4742,1.2,68.0,False,False
2004-06-24 08:00:00,24.7,45.9,1.4061,1.5,77.0,False,False
2004-06-24 09:00:00,27.0,40.8,1.4286,1.3,74.0,False,False
2004-06-24 10:00:00,29.1,37.4,1.4833,1.6,92.0,False,False
2004-06-24 11:00:00,31.1,32.4,1.4351,1.5,83.0,False,False
2004-06-24 12:00:00,31.9,30.3,1.4125,1.2,58.0,False,False
2004-06-24 13:00:00,32.8,28.9,1.412,1.1,55.0,False,False
2004-06-24 14:00:00,33.4,27.8,1.4119,1.2,61.0,False,False
2004-06-24 15:00:00,35.3,23.7,1.3331,1.3,65.0,False,False
2004-06-24 16:00:00,35.8,22.4,1.2915,1.4,74.0,False,False
2004-06-24 17:00:00,35.3,20.8,1.1664,1.6,89.0,False,False
2004-06-24 18:00:00,33.3,23.9,1.2085,2.1,103.0,False,False
2004-06-24 19:00:00,30.3,30.8,1.3044,3.0,128.0,False,False
2004-06-24 20:00:00,28.3,34.5,1.3084,2.8,122.0,False,False
2004-06-24 21:00:00,27.1,38.9,1.3758,3.8,125.0,False,False
2004-06-24 22:00:00,25.4,43.2,1.3805,3.2,119.0,False,False
2004-06-24 23:00:00,24.6,45.3,1.3767,4.1,126.0,False,False
2004-06-25 00:00:00,23.7,46.0,1.3346,2.6,100.0,False,False
2004-06-25 01:00:00,23.0,48.1,1.3322,2.0,94.0,False,False
2004-06-25 02:00:00,24.8,43.4,1.3366,0.9,52.0,False,False
2004-06-25 03:00:00,23.1,47.4,1.3208,0.7,,False,False
2004-06-25 04:00:00,21.7,50.2,1.2917,0.6,64.0,False,False
2004-06-25 05:00:00,21.9,50.7,1.3138,0.6,46.0,False,False
2004-06-25 06:00:00,20.1,57.0,1.3216,1.6,88.0,False,False
2004-06-25 07:00:00,21.5,51.8,1.3129,2.6,104.0,False,False
2004-06-25 08:00:00,22.9,48.7,1.3416,2.9,125.0,False,False
2004-06-25 09:00:00,25.7,41.0,1.3351,2.8,151.0,False,False
2004-06-25 10:00:00,29.9,33.2,1.3793,1.9,113.0,False,False
2004-06-25 11:00:00,32.9,28.0,1.3789,1.9,102.0,False,False
2004-06-25 12:00:00,34.0,25.6,1.3363,2.1,108.0,False,False
2004-06-25 13:00:00,34.7,22.6,1.2297,1.9,93.0,False,False
2004-06-25 14:00:00,35.5,20.3,1.1586,1.6,89.0,False,False
2004-06-25 15:00:00,35.9,18.8,1.0912,1.6,84.0,False,False
2004-06-25 16:00:00,36.2,18.6,1.0945,2.1,111.0,False,False
2004-06-25 17:00:00,35.4,15.3,0.8613,2.4,115.0,False,False
2004-06-25 18:00:00,32.9,15.5,0.7649,2.8,127.0,False,False
2004-06-25 19:00:00,29.9,19.8,0.8211,3.4,129.0,False,False
2004-06-25 20:00:00,28.1,22.4,0.8394,3.4,140.0,False,False
2004-06-25 21:00:00,26.1,24.7,0.8233,2.7,137.0,False,False
2004-06-25 22:00:00,25.0,28.7,0.8944,2.6,130.0,False,False
2004-06-25 23:00:00,24.3,31.0,0.9268,2.3,121.0,False,False
2004-06-26 00:00:00,24.0,31.2,0.919,1.2,79.0,False,False
2004-06-26 01:00:00,22.4,34.9,0.9362,1.0,69.0,False,False
2004-06-26 02:00:00,21.2,37.6,0.9355,0.9,61.0,False,False
2004-06-26 03:00:00,19.5,42.3,0.9461,1.1,,False,False
2004-06-26 04:00:00,21.2,39.4,0.9802,,58.0,False,False
2004-06-26 05:00:00,19.5,42.4,0.9515,0.4,58.0,False,False
2004-06-26 06:00:00,18.6,45.8,0.9723,0.9,70.0,False,False
2004-06-26 07:00:00,19.7,44.1,1.0039,1.8,104.0,False,False
2004-06-26 08:00:00,21.9,39.4,1.0243,2.2,109.0,False,False
2004-06-26 09:00:00,24.5,34.3,1.0407,2.4,129.0,False,False
2004-06-26 10:00:00,30.0,25.6,1.0674,2.3,144.0,False,False
2004-06-26 11:00:00,34.5,18.9,1.0168,1.6,101.0,False,False
2004-06-26 12:00:00,36.3,17.5,1.0411,1.4,90.0,False,False
2004-06-26 13:00:00,37.7,16.0,1.0231,1.4,86.0,False,False
2004-06-26 14:00:00,38.3,15.8,1.0465,1.0,69.0,False,False
2004-06-26 15:00:00,38.4,17.5,1.1609,1.0,65.0,False,False
2004-06-26 16:00:00,37.2,20.5,1.2813,1.2,73.0,False,False
2004-06-26 17:00:00,34.0,26.4,1.3781,1.3,73.0,False,False
2004-06-26 18:00:00,32.3,30.4,1.445,1.5,78.0,False,False
2004-06-26 19:00:00,30.5,33.9,1.4564,1.9,98.0,False,False
2004-06-26 20:00:00,29.2,37.8,1.5098,1.8,99.0,False,False
2004-06-26 21:00:00,28.4,39.1,1.4881,1.4,83.0,False,False
2004-06-26 22:00:00,27.7,40.6,1.4828,1.7,88.0,False,False
2004-06-26 23:00:00,27.2,42.5,1.5069,2.7,117.0,False,False
2004-06-27 00:00:00,26.5,44.8,1.528,2.1,97.0,False,False
2004-06-27 01:00:00,25.5,47.6,1.5318,1.4,75.0,False,False
2004-06-27 02:00:00,25.2,47.8,1.5076,1.0,53.0,False,False
2004-06-27 03:00:00,23.2,53.7,1.5046,1.0,,False,False
2004-06-27 04:00:00,23.2,52.3,1.4668,0.8,45.0,False,False
2004-06-27 05:00:00,24.0,50.3,1.4811,0.5,42.0,False,False
2004-06-27 06:00:00,23.5,51.2,1.4634,0.6,44.0,False,False
2004-06-27 07:00:00,23.5,50.8,1.452,0.6,50.0,False,False
2004-06-27 08:00:00,24.7,47.6,1.4597,1.0,60.0,False,False
2004-06-27 09:00:00,27.2,41.1,1.4611,1.6,100.0,False,False
2004-06-27 10:00:00,31.0,32.4,1.4294,1.9,111.0,False,False
2004-06-27 11:00:00,35.2,24.8,1.3854,1.7,110.0,False,False
2004-06-27 12:00:00,37.8,18.5,1.1977,1.1,74.0,False,False
2004-06-27 13:00:00,39.0,15.1,1.0424,0.8,56.0,False,False
2004-06-27 14:00:00,41.3,12.8,0.9933,0.7,50.0,False,False
2004-06-27 15:00:00,41.8,11.9,0.9476,0.7,54.0,False,False
2004-06-27 16:00:00,42.2,14.2,1.1609,1.2,90.0,False,False
2004-06-27 17:00:00,41.4,15.5,1.2089,1.6,109.0,False,False
2004-06-27 18:00:00,38.9,21.4,1.4605,1.6,110.0,False,False
2004-06-27 19:00:00,34.3,26.0,1.3865,1.7,103.0,False,False
2004-06-27 20:00:00,32.7,27.7,1.3439,2.0,120.0,False,False
2004-06-27 21:00:00,30.5,30.4,1.3031,2.3,134.0,False,False
2004-06-27 22:00:00,29.0,33.6,1.3277,2.4,137.0,False,False
2004-06-27 23:00:00,28.2,36.6,1.3781,1.7,99.0,False,False
2004-06-28 00:00:00,27.2,38.9,1.3821,1.2,78.0,False,False
2004-06-28 01:00:00,26.7,40.0,1.3754,1.0,63.0,False,False
2004-06-28 02:00:00,26.0,41.2,1.3598,0.6,41.0,False,False
2004-06-28 03:00:00,22.8,50.1,1.3677,0.5,,False,False
2004-06-28 04:00:00,24.0,46.6,1.37,0.4,39.0,False,False
2004-06-28 05:00:00,24.0,46.4,1.3689,0.5,60.0,False,False
2004-06-28 06:00:00,23.7,47.1,1.3602,0.7,54.0,False,False
2004-06-28 07:00:00,23.6,47.3,1.3634,3.2,119.0,False,False
2004-06-28 08:00:00,25.5,43.1,1.3891,5.6,159.0,False,False
2004-06-28 09:00:00,28.5,36.8,1.4128,4.6,182.0,False,False
2004-06-28 10:00:00,32.6,28.0,1.3566,3.3,183.0,False,False
2004-06-28 11:00:00,36.3,23.4,1.3902,2.1,144.0,False,False
2004-06-28 12:00:00,37.5,21.5,1.3673,1.9,118.0,False,False
2004-06-28 13:00:00,39.6,19.0,1.3447,1.9,106.0,False,False
2004-06-28 14:00:00,40.1,19.3,1.4013,1.6,97.0,False,False
2004-06-28 15:00:00,40.4,20.0,1.4854,2.0,129.0,False,False
2004-06-28 16:00:00,39.9,20.1,1.4495,1.8,130.0,False,False
2004-06-28 17:00:00,39.1,19.6,1.3542,2.9,163.0,False,False
2004-06-28 18:00:00,37.0,21.9,1.3503,3.4,160.0,False,False
2004-06-28 19:00:00,33.9,26.8,1.3899,3.1,140.0,False,False
2004-06-28 20:00:00,31.9,30.6,1.4201,2.5,115.0,False,False
2004-06-28 21:00:00,29.7,33.9,1.3874,1.8,92.0,False,False
2004-06-28 22:00:00,28.6,36.8,1.416,1.8,99.0,False,False
2004-06-28 23:00:00,27.8,38.7,1.4187,2.0,96.0,False,False
2004-06-29 00:00:00,27.8,40.0,1.4691,1.5,80.0,False,False
2004-06-29 01:00:00,27.5,41.3,1.4962,0.8,65.0,False,False
2004-06-29 02:00:00,27.3,41.6,1.4906,0.4,46.0,False,False
2004-06-29 03:00:00,26.0,44.2,1.4657,0.3,,False,False
2004-06-29 04:00:00,24.8,48.0,1.4857,,57.0,False,False
2004-06-29 05:00:00,25.9,45.1,1.4889,0.5,54.0,False,False
2004-06-29 06:00:00,25.3,47.6,1.5108,0.7,62.0,False,False
2004-06-29 07:00:00,24.7,49.5,1.5201,3.4,102.0,False,False
2004-06-29 08:00:00,27.1,43.1,1.5224,5.7,140.0,False,False
2004-06-29 09:00:00,28.3,39.8,1.5053,3.2,121.0,False,False
2004-06-29 10:00:00,32.4,32.3,1.5484,2.7,132.0,False,False
2004-06-29 11:00:00,35.4,27.8,1.5733,2.1,122.0,False,False
2004-06-29 12:00:00,35.5,27.4,1.5635,2.8,148.0,False,False
2004-06-29 13:00:00,37.8,24.4,1.5722,2.5,133.0,False,False
2004-06-29 14:00:00,37.2,25.5,1.5914,2.1,130.0,False,False
2004-06-29 15:00:00,37.2,25.6,1.6014,2.5,141.0,False,False
2004-06-29 16:00:00,38.0,25.0,1.6312,2.7,172.0,False,False
2004-06-29 17:00:00,37.1,26.9,1.6635,3.7,198.0,False,False
2004-06-29 18:00:00,36.9,27.8,1.7099,3.7,181.0,False,False
2004-06-29 19:00:00,34.7,31.9,1.7325,4.6,202.0,False,True
2004-06-29 20:00:00,31.9,38.4,1.7897,2.6,120.0,False,False
2004-06-29 21:00:00,30.5,42.3,1.8173,2.5,115.0,False,False
2004-06-29 22:00:00,29.3,45.8,1.8362,2.3,112.0,False,False
2004-06-29 23:00:00,28.2,48.1,1.8144,2.2,97.0,False,False
2004-06-30 00:00:00,27.3,51.0,1.8287,2.5,100.0,False,False
2004-06-30 01:00:00,26.8,52.4,1.8141,0.9,47.0,False,False
2004-06-30 02:00:00,26.0,54.9,1.8141,0.8,44.0,False,False
2004-06-30 03:00:00,26.8,51.9,1.8058,0.7,,False,False
2004-06-30 04:00:00,26.9,51.8,1.805,0.5,42.0,False,False
2004-06-30 05:00:00,24.6,59.1,1.8013,0.7,57.0,False,False
2004-06-30 06:00:00,26.4,53.1,1.7987,0.9,61.0,False,False
2004-06-30 07:00:00,27.3,46.4,1.6542,2.2,106.0,False,False
2004-06-30 08:00:00,28.4,40.4,1.5442,2.8,136.0,False,False
2004-06-30 09:00:00,30.8,37.1,1.6169,2.9,157.0,False,False
2004-06-30 10:00:00,34.2,30.7,1.6252,2.9,171.0,False,False
2004-06-30 11:00:00,37.0,26.5,1.6352,3.0,190.0,False,False
2004-06-30 12:00:00,36.6,27.8,1.676,2.5,155.0,False,False
2004-06-30 13:00:00,36.9,26.9,1.6477,2.3,139.0,False,False
2004-06-30 14:00:00,39.3,22.2,1.552,2.1,152.0,False,False
2004-06-30 15:00:00,38.5,22.4,1.5018,1.9,143.0,False,False
2004-06-30 16:00:00,39.7,20.4,1.4594,2.3,168.0,False,False
2004-06-30 17:00:00,38.8,24.2,1.6433,4.2,226.0,False,True
2004-06-30 18:00:00,33.5,38.0,1.939,4.9,207.0,False,True
2004-06-30 19:00:00,34.0,32.9,1.7251,4.9,197.0,False,False
2004-06-30 20:00:00,31.9,33.7,1.5663,3.5,158.0,False,False
2004-06-30 21:00:00,30.2,37.6,1.587,2.5,124.0,False,False
2004-06-30 22:00:00,28.9,41.0,1.6096,2.5,110.0,False,False
2004-06-30 23:00:00,27.8,45.2,1.6604,2.6,112.0,False,False
2004-07-01 00:00:00,27.1,47.4,1.6701,2.3,102.0,False,False
2004-07-01 01:00:00,26.2,49.4,1.6555,1.5,77.0,False,False
2004-07-01 02:00:00,26.9,49.3,1.7196,0.9,50.0,False,False
2004-07-01 03:00:00,26.3,50.8,1.7058,0.6,,False,False
2004-07-01 04:00:00,24.9,54.6,1.6908,0.6,40.0,False,False
2004-07-01 05:00:00,23.4,58.6,1.6651,0.8,66.0,False,False
2004-07-01 06:00:00,24.4,55.2,1.6604,0.9,60.0,False,False
2004-07-01 07:00:00,25.1,54.3,1.7057,2.4,85.0,False,False
2004-07-01 08:00:00,26.6,51.2,1.7565,3.9,120.0,False,False
2004-07-01 09:00:00,28.2,47.1,1.7752,2.9,134.0,False,False
2004-07-01 10:00:00,31.6,39.4,1.7969,2.7,149.0,False,False
2004-07-01 11:00:00,34.2,31.8,1.6837,2.0,125.0,False,False
2004-07-01 12:00:00,36.6,27.1,1.6352,2.4,132.0,False,False
2004-07-01 13:00:00,37.6,26.9,1.715,2.0,114.0,False,False
2004-07-01 14:00:00,38.1,26.3,1.7213,1.8,110.0,False,False
2004-07-01 15:00:00,37.8,26.9,1.7392,1.9,121.0,False,False
2004-07-01 16:00:00,37.8,22.7,1.4653,1.8,127.0,False,False
2004-07-01 17:00:00,36.9,24.7,1.5134,2.9,157.0,False,False
2004-07-01 18:00:00,34.5,28.5,1.531,3.3,169.0,False,False
2004-07-01 19:00:00,32.5,30.9,1.4875,4.4,179.0,False,False
2004-07-01 20:00:00,30.9,30.4,1.338,3.4,149.0,False,False
2004-07-01 21:00:00,28.7,34.7,1.3457,1.9,111.0,False,False
2004-07-01 22:00:00,27.7,39.3,1.4372,2.1,112.0,False,False
2004-07-01 23:00:00,26.8,45.1,1.5645,2.5,120.0,False,False
2004-07-02 00:00:00,26.1,45.3,1.5115,2.3,105.0,False,False
2004-07-02 01:00:00,25.9,46.1,1.5174,1.7,90.0,False,False
2004-07-02 02:00:00,25.3,47.6,1.513,1.5,87.0,False,False
2004-07-02 03:00:00,26.6,43.0,1.4773,0.8,,False,False
2004-07-02 04:00:00,25.3,47.2,1.5025,,54.0,False,False
2004-07-02 05:00:00,25.1,48.0,1.5115,0.5,61.0,False,False
2004-07-02 06:00:00,24.8,50.6,1.5654,0.8,63.0,False,False
2004-07-02 07:00:00,25.7,49.7,1.615,2.6,102.0,False,False
2004-07-02 08:00:00,27.4,45.5,1.6396,4.9,149.0,False,False
2004-07-02 09:00:00,29.3,40.0,1.6082,2.9,147.0,False,False
2004-07-02 10:00:00,33.6,28.7,1.4693,2.8,158.0,False,False
2004-07-02 11:00:00,34.6,27.7,1.4991,1.8,112.0,False,False
2004-07-02 12:00:00,35.6,27.2,1.5557,1.8,108.0,False,False
2004-07-02 13:00:00,36.9,23.3,1.4313,1.9,120.0,False,False
2004-07-02 14:00:00,38.8,20.7,1.4036,1.7,117.0,False,False
2004-07-02 15:00:00,38.1,22.6,1.4868,1.7,119.0,False,False
2004-07-02 16:00:00,37.1,23.0,1.4229,1.9,149.0,False,False
2004-07-02 17:00:00,34.8,19.3,1.0543,2.1,174.0,False,False
2004-07-02 18:00:00,33.6,20.7,1.059,2.4,163.0,False,False
2004-07-02 19:00:00,31.4,18.5,0.8376,3.0,161.0,False,False
2004-07-02 20:00:00,29.5,23.8,0.9623,2.8,154.0,False,False
2004-07-02 21:00:00,27.4,27.1,0.9736,1.9,124.0,False,False
2004-07-02 22:00:00,26.1,31.1,1.0338,2.1,122.0,False,False
2004-07-02 23:00:00,25.5,34.0,1.0935,1.8,119.0,False,False
2004-07-03 00:00:00,24.0,37.8,1.1125,2.5,131.0,False,False
2004-07-03 01:00:00,24.2,37.3,1.1118,1.1,84.0,False,False
2004-07-03 02:00:00,23.4,40.6,1.1571,0.7,77.0,False,False
2004-07-03 03:00:00,21.8,46.6,1.1991,0.7,,False,False
2004-07-03 04:00:00,22.6,43.0,1.1629,0.4,41.0,False,False
2004-07-03 05:00:00,20.2,50.7,1.1844,0.7,68.0,False,False
2004-07-03 06:00:00,20.5,49.3,1.176,0.7,69.0,False,False
2004-07-03 07:00:00,21.4,48.0,1.2086,1.8,101.0,False,False
2004-07-03 08:00:00,23.2,43.9,1.2344,2.3,120.0,False,False
2004-07-03 09:00:00,25.3,40.7,1.2921,1.9,124.0,False,False
2004-07-03 10:00:00,29.9,31.1,1.2883,1.7,113.0,False,False
2004-07-03 11:00:00,33.9,21.3,1.1067,1.3,97.0,False,False
2004-07-03 12:00:00,36.3,16.0,0.9465,1.5,94.0,False,False
2004-07-03 13:00:00,36.6,15.2,0.9177,1.3,86.0,False,False
2004-07-03 14:00:00,37.4,15.8,0.9998,0.8,70.0,False,False
2004-07-03 15:00:00,37.9,15.0,0.9721,0.8,70.0,False,False
2004-07-03 16:00:00,38.0,16.8,1.0933,1.1,82.0,False,False
2004-07-03 17:00:00,36.9,17.5,1.0789,1.2,93.0,False,False
2004-07-03 18:00:00,35.3,17.0,0.9561,1.2,89.0,False,False
2004-07-03 19:00:00,31.9,20.4,0.9462,1.4,90.0,False,False
2004-07-03 20:00:00,29.1,29.6,1.1792,1.1,67.0,False,False
2004-07-03 21:00:00,27.4,33.4,1.2022,1.5,94.0,False,False
2004-07-03 22:00:00,26.7,35.8,1.2318,2.0,109.0,False,False
2004-07-03 23:00:00,25.2,42.7,1.3473,1.9,103.0,False,False
2004-07-04 00:00:00,24.0,51.9,1.5252,2.2,101.0,False,False
2004-07-04 01:00:00,24.5,44.4,1.3476,1.1,71.0,False,False
2004-07-04 02:00:00,22.6,51.0,1.3805,1.1,71.0,False,False
2004-07-04 03:00:00,22.2,52.7,1.3891,0.8,,False,False
2004-07-04 04:00:00,21.2,56.8,1.4094,0.6,49.0,False,False
2004-07-04 05:00:00,20.3,59.6,1.3994,0.6,43.0,False,False
2004-07-04 06:00:00,21.3,56.7,1.4178,0.6,44.0,False,False
2004-07-04 07:00:00,23.0,54.6,1.5177,0.6,42.0,False,False
2004-07-04 08:00:00,23.7,54.3,1.5731,1.1,69.0,False,False
2004-07-04 09:00:00,25.4,49.3,1.5732,1.0,65.0,False,False
2004-07-04 10:00:00,29.6,37.7,1.544,1.0,68.0,False,False
2004-07-04 11:00:00,33.9,26.2,1.3664,1.0,58.0,False,False
2004-07-04 12:00:00,35.8,22.4,1.2933,0.8,52.0,False,False
2004-07-04 13:00:00,37.9,18.8,1.222,0.7,46.0,False,False
2004-07-04 14:00:00,38.5,14.8,0.9942,0.4,40.0,False,False
2004-07-04 15:00:00,39.3,14.5,1.0149,0.5,47.0,False,False
2004-07-04 16:00:00,38.9,15.6,1.0613,0.6,56.0,False,False
2004-07-04 17:00:00,37.9,12.7,0.8211,0.7,64.0,False,False
2004-07-04 18:00:00,35.8,13.4,0.7749,0.9,71.0,False,False
2004-07-04 19:00:00,32.3,19.7,0.9345,1.6,103.0,False,False
2004-07-04 20:00:00,30.1,23.5,0.9869,1.6,97.0,False,False
2004-07-04 21:00:00,28.2,28.7,1.0806,1.7,108.0,False,False
2004-07-04 22:00:00,26.0,35.7,1.1842,1.3,87.0,False,False
2004-07-04 23:00:00,25.3,39.2,1.2452,1.9,104.0,False,False
2004-07-05 00:00:00,24.7,38.7,1.1845,1.5,93.0,False,False
2004-07-05 01:00:00,25.5,35.7,1.1499,0.6,55.0,False,False
2004-07-05 02:00:00,22.5,43.2,1.1589,0.4,49.0,False,False
2004-07-05 03:00:00,21.6,46.1,1.1761,0.3,,False,False
2004-07-05 04:00:00,19.7,51.4,1.1688,,56.0,False,False
2004-07-05 05:00:00,21.6,45.7,1.1665,0.4,43.0,False,False
2004-07-05 06:00:00,21.1,47.3,1.1654,0.7,57.0,False,False
2004-07-05 07:00:00,21.6,44.1,1.1269,2.0,80.0,False,False
2004-07-05 08:00:00,23.7,37.9,1.0988,3.9,134.0,False,False
2004-07-05 09:00:00,26.0,30.1,0.9953,3.6,157.0,False,False
2004-07-05 10:00:00,30.6,23.2,1.001,3.2,175.0,False,False
2004-07-05 11:00:00,34.1,19.1,1.0048,2.2,147.0,False,False
2004-07-05 12:00:00,36.2,18.0,1.0636,2.2,140.0,False,False
2004-07-05 13:00:00,37.4,17.3,1.0914,2.1,137.0,False,False
2004-07-05 14:00:00,39.5,15.6,1.102,1.8,123.0,False,False
2004-07-05 15:00:00,40.4,14.9,1.1033,2.0,138.0,False,False
2004-07-05 16:00:00,40.1,16.1,1.1699,1.8,132.0,False,False
2004-07-05 17:00:00,39.3,18.9,1.3251,3.0,174.0,False,False
2004-07-05 18:00:00,37.3,19.9,1.2437,4.3,203.0,False,False
2004-07-05 19:00:00,33.6,22.9,1.1747,3.5,176.0,False,False
2004-07-05 20:00:00,30.7,28.9,1.2501,2.5,125.0,False,False
2004-07-05 21:00:00,28.8,32.8,1.2776,1.8,98.0,False,False
2004-07-05 22:00:00,27.3,36.8,1.3207,1.9,103.0,False,False
2004-07-05 23:00:00,26.2,39.7,1.3249,1.9,104.0,False,False
2004-07-06 00:00:00,25.4,43.0,1.37,1.9,105.0,False,False
2004-07-06 01:00:00,25.8,41.0,1.3461,0.9,75.0,False,False
2004-07-06 02:00:00,23.3,48.4,1.3677,0.7,60.0,False,False
2004-07-06 03:00:00,23.5,47.8,1.3607,0.6,,False,False
2004-07-06 04:00:00,23.5,46.7,1.3361,0.4,36.0,False,False
2004-07-06 05:00:00,21.8,52.3,1.3539,0.7,66.0,False,False
2004-07-06 06:00:00,21.8,52.5,1.3529,1.6,97.0,False,False
2004-07-06 07:00:00,22.9,49.1,1.3546,3.8,115.0,False,False
2004-07-06 08:00:00,24.9,43.3,1.3422,5.1,145.0,False,False
2004-07-06 09:00:00,26.7,39.4,1.3556,3.4,162.0,False,False
2004-07-06 10:00:00,30.5,32.9,1.4135,2.6,147.0,False,False
2004-07-06 11:00:00,34.2,27.2,1.4404,2.2,132.0,False,False
2004-07-06 12:00:00,38.2,20.9,1.3701,3.4,179.0,False,False
2004-07-06 13:00:00,39.6,16.9,1.2028,3.4,174.0,False,False
2004-07-06 14:00:00,39.9,15.8,1.141,1.8,132.0,False,False
2004-07-06 15:00:00,40.2,13.9,1.02,2.0,151.0,False,False
2004-07-06 16:00:00,39.6,13.2,0.9332,2.4,168.0,False,False
2004-07-06 17:00:00,39.5,12.6,0.8894,3.8,192.0,False,True
2004-07-06 18:00:00,37.9,13.9,0.9015,4.4,194.0,False,True
2004-07-06 19:00:00,34.2,17.9,0.9444,3.9,155.0,False,False
2004-07-06 20:00:00,32.6,20.6,0.9939,4.0,159.0,False,False
2004-07-06 21:00:00,30.4,23.2,0.9889,2.5,125.0,False,False
2004-07-06 22:00:00,28.8,25.1,0.9793,2.1,108.0,False,False
2004-07-06 23:00:00,27.8,29.9,1.1018,2.4,110.0,False,False
2004-07-07 00:00:00,26.9,32.6,1.1381,2.1,99.0,False,False
2004-07-07 01:00:00,26.3,33.7,1.1377,1.6,95.0,False,False
2004-07-07 02:00:00,25.7,33.9,1.1065,0.8,69.0,False,False
2004-07-07 03:00:00,24.8,36.0,1.1109,0.5,,False,False
2004-07-07 04:00:00,25.5,34.6,1.1096,0.4,45.0,False,False
2004-07-07 05:00:00,24.0,37.8,1.1077,0.5,53.0,False,False
2004-07-07 06:00:00,23.9,39.3,1.1522,1.3,88.0,False,False
2004-07-07 07:00:00,24.8,38.4,1.1808,4.1,136.0,False,False
2004-07-07 08:00:00,26.9,34.4,1.2036,4.1,141.0,False,False
2004-07-07 09:00:00,29.6,28.7,1.1706,4.0,189.0,False,False
2004-07-07 10:00:00,34.6,21.1,1.1398,2.2,166.0,False,False
2004-07-07 11:00:00,38.3,17.0,1.1216,2.0,154.0,False,False
2004-07-07 12:00:00,40.4,14.5,1.0736,2.0,149.0,False,False
2004-07-07 13:00:00,42.6,9.6,0.8012,2.2,142.0,False,False
2004-07-07 14:00:00,42.5,10.2,0.8478,2.2,130.0,False,False
2004-07-07 15:00:00,41.0,11.6,0.8872,1.8,121.0,False,False
2004-07-07 16:00:00,41.3,13.0,1.0154,1.8,116.0,False,False
2004-07-07 17:00:00,39.2,14.5,1.0106,3.3,177.0,False,False
2004-07-07 18:00:00,36.9,17.9,1.096,4.3,233.0,False,True
2004-07-07 19:00:00,35.6,20.4,1.1646,5.3,223.0,False,True
2004-07-07 20:00:00,33.7,22.6,1.1658,4.3,184.0,False,False
2004-07-07 21:00:00,31.5,27.8,1.2671,3.6,165.0,False,False
2004-07-07 22:00:00,31.1,29.3,1.3055,2.4,132.0,False,False
2004-07-07 23:00:00,30.2,30.9,1.3026,2.1,122.0,False,False
2004-07-08 00:00:00,29.8,30.2,1.2502,1.2,88.0,False,False
2004-07-08 01:00:00,28.4,32.5,1.2361,0.9,79.0,False,False
2004-07-08 02:00:00,27.5,34.0,1.231,0.6,60.0,False,False
2004-07-08 03:00:00,26.8,35.3,1.2243,0.5,,False,False
2004-07-08 04:00:00,24.5,40.4,1.2251,,60.0,False,False
2004-07-08 05:00:00,25.6,38.8,1.2545,0.6,74.0,False,False
2004-07-08 06:00:00,27.5,34.6,1.2518,0.6,62.0,False,False
2004-07-08 07:00:00,25.9,37.4,1.2289,2.2,115.0,False,False
2004-07-08 08:00:00,28.5,32.5,1.2441,3.2,119.0,False,False
2004-07-08 09:00:00,29.5,32.7,1.3229,3.0,155.0,False,False
2004-07-08 10:00:00,29.8,33.1,1.3693,2.7,162.0,False,False
2004-07-08 11:00:00,33.4,26.8,1.3586,3.2,189.0,False,False
2004-07-08 12:00:00,40.3,15.8,1.1604,1.4,115.0,False,False
2004-07-08 13:00:00,41.8,15.0,1.1989,1.3,109.0,False,False
2004-07-08 14:00:00,41.1,15.7,1.2071,1.4,108.0,False,False
2004-07-08 15:00:00,41.9,14.8,1.1944,2.1,145.0,False,False
2004-07-08 16:00:00,40.9,14.6,1.114,2.4,167.0,False,False
2004-07-08 17:00:00,39.1,16.9,1.1705,3.1,200.0,False,False
2004-07-08 18:00:00,36.4,27.3,1.6308,3.5,178.0,False,False
2004-07-08 19:00:00,34.9,29.3,1.611,5.1,206.0,False,True
2004-07-08 20:00:00,33.6,26.4,1.3515,4.5,192.0,False,False
2004-07-08 21:00:00,32.2,27.6,1.3044,2.9,137.0,False,False
2004-07-08 22:00:00,30.5,29.7,1.2742,2.6,128.0,False,False
2004-07-08 23:00:00,29.4,35.6,1.4383,2.7,121.0,False,False
2004-07-09 00:00:00,29.1,34.8,1.38,3.2,136.0,False,False
2004-07-09 01:00:00,27.7,41.9,1.537,2.3,109.0,False,False
2004-07-09 02:00:00,27.9,41.6,1.5425,1.0,74.0,False,False
2004-07-09 03:00:00,27.8,43.7,1.6039,0.5,,False,False
2004-07-09 04:00:00,27.4,42.2,1.5177,0.4,40.0,False,False
2004-07-09 05:00:00,26.6,42.8,1.4713,0.6,61.0,False,False
2004-07-09 06:00:00,26.9,40.3,1.4041,1.0,83.0,False,False
2004-07-09 07:00:00,27.0,37.3,1.3081,2.9,129.0,False,False
2004-07-09 08:00:00,27.0,35.3,1.2396,2.7,,False,False
2004-07-09 09:00:00,27.4,32.0,1.1545,1.8,115.0,False,False
2004-07-09 10:00:00,30.5,24.7,1.0592,1.8,130.0,False,False
2004-07-09 11:00:00,32.9,20.1,0.9902,1.7,137.0,False,False
2004-07-09 12:00:00,33.9,18.4,0.9587,1.5,116.0,False,False
2004-07-09 13:00:00,34.4,19.3,1.0325,1.7,129.0,False,False
2004-07-09 14:00:00,34.2,19.6,1.0399,1.3,117.0,False,False
2004-07-09 15:00:00,33.2,20.4,1.0195,1.5,138.0,False,False
2004-07-09 16:00:00,32.4,19.1,0.915,1.5,139.0,False,False
2004-07-09 17:00:00,32.2,17.1,0.8124,2.3,180.0,False,False
2004-07-09 18:00:00,31.0,17.1,0.7526,2.2,162.0,False,False
2004-07-09 19:00:00,28.3,24.9,0.9412,2.8,158.0,False,False
2004-07-09 20:00:00,26.6,30.2,1.033,2.7,162.0,False,False
2004-07-09 21:00:00,24.8,36.8,1.1357,1.7,112.0,False,False
2004-07-09 22:00:00,23.7,43.4,1.2495,1.5,104.0,False,False
2004-07-09 23:00:00,23.0,46.2,1.2815,2.3,125.0,False,False
2004-07-10 00:00:00,22.7,47.7,1.2977,2.3,127.0,False,False
2004-07-10 01:00:00,22.2,49.5,1.3081,1.5,95.0,False,False
2004-07-10 02:00:00,21.6,51.9,1.3254,1.0,70.0,False,False
2004-07-10 03:00:00,22.3,50.4,1.3379,0.5,,False,False
2004-07-10 04:00:00,22.4,49.7,1.3333,0.3,33.0,False,False
2004-07-10 05:00:00,21.7,52.0,1.3313,0.4,45.0,False,False
2004-07-10 06:00:00,21.1,53.2,1.3181,0.5,56.0,False,False
2004-07-10 07:00:00,22.0,51.0,1.3296,0.9,74.0,False,False
2004-07-10 08:00:00,25.0,41.6,1.301,1.1,84.0,False,False
2004-07-10 09:00:00,26.7,36.4,1.2596,1.4,93.0,False,False
2004-07-10 10:00:00,29.1,29.7,1.1751,1.1,97.0,False,False
2004-07-10 11:00:00,31.2,23.4,1.0487,0.9,83.0,False,False
2004-07-10 12:00:00,32.4,20.5,0.9806,0.8,71.0,False,False
2004-07-10 13:00:00,33.3,19.2,0.9634,0.8,78.0,False,False
2004-07-10 14:00:00,33.1,16.8,0.8391,0.6,62.0,False,False
2004-07-10 15:00:00,33.1,18.3,0.9081,0.6,54.0,False,False
2004-07-10 16:00:00,32.4,18.0,0.8599,0.5,59.0,False,False
2004-07-10 17:00:00,31.8,18.7,0.8624,0.7,69.0,False,False
2004-07-10 18:00:00,30.3,21.4,0.9064,0.8,67.0,False,False
2004-07-10 19:00:00,27.2,28.2,1.0013,0.9,58.0,False,False
2004-07-10 20:00:00,26.1,33.7,1.1228,1.3,77.0,False,False
2004-07-10 21:00:00,24.7,38.8,1.1929,1.3,94.0,False,False
2004-07-10 22:00:00,23.4,43.2,1.229,1.4,97.0,False,False
2004-07-10 23:00:00,23.1,44.2,1.2317,1.9,110.0,False,False
2004-07-11 00:00:00,22.7,45.3,1.2299,2.3,116.0,False,False
2004-07-11 01:00:00,21.6,47.5,1.2118,1.0,74.0,False,False
2004-07-11 02:00:00,22.0,45.8,1.1965,0.5,51.0,False,False
2004-07-11 03:00:00,20.4,51.3,1.2131,1.0,,False,False
2004-07-11 04:00:00,20.6,50.3,1.2041,0.4,40.0,False,False
2004-07-11 05:00:00,20.6,50.6,1.2119,0.3,36.0,False,False
2004-07-11 06:00:00,21.3,48.8,1.2189,0.2,35.0,False,False
2004-07-11 07:00:00,20.4,52.6,1.247,0.4,48.0,False,False
2004-07-11 08:00:00,23.5,44.0,1.2596,0.3,38.0,False,False
2004-07-11 09:00:00,25.7,37.9,1.2334,0.6,54.0,False,False
2004-07-11 10:00:00,27.9,33.6,1.2433,0.6,57.0,False,False
2004-07-11 11:00:00,29.0,28.3,1.1116,0.6,54.0,False,False
2004-07-11 12:00:00,29.5,25.9,1.0489,0.5,46.0,False,False
2004-07-11 13:00:00,31.8,22.3,1.0366,0.4,36.0,False,False
2004-07-11 14:00:00,32.2,20.0,0.9488,0.2,19.0,False,False
2004-07-11 15:00:00,32.4,19.3,0.922,0.4,34.0,False,False
2004-07-11 16:00:00,33.0,17.7,0.8758,0.6,63.0,False,False
2004-07-11 17:00:00,32.0,19.8,0.9273,0.9,86.0,False,False
2004-07-11 18:00:00,29.6,24.1,0.9831,0.7,65.0,False,False
2004-07-11 19:00:00,26.9,27.1,0.948,1.2,101.0,False,False
2004-07-11 20:00:00,25.3,30.9,0.9815,1.6,116.0,False,False
2004-07-11 21:00:00,24.2,35.9,1.0684,1.8,124.0,False,False
2004-07-11 22:00:00,23.2,43.2,1.2104,2.4,136.0,False,False
2004-07-11 23:00:00,22.7,43.9,1.1962,1.5,108.0,False,False
2004-07-12 00:00:00,21.6,44.0,1.1244,0.9,82.0,False,False
2004-07-12 01:00:00,20.7,46.4,1.1198,0.8,68.0,False,False
2004-07-12 02:00:00,21.2,46.2,1.1482,0.2,22.0,False,False
2004-07-12 03:00:00,22.7,42.3,1.1491,0.1,,False,False
2004-07-12 04:00:00,19.9,51.3,1.1803,,34.0,False,False
2004-07-12 05:00:00,20.0,51.8,1.1967,0.5,43.0,False,False
2004-07-12 06:00:00,18.5,57.4,1.2076,1.4,84.0,False,False
2004-07-12 07:00:00,19.6,54.3,1.2278,3.3,108.0,False,False
2004-07-12 08:00:00,21.3,49.7,1.2452,3.6,112.0,False,False
2004-07-12 09:00:00,21.7,46.3,1.1867,1.7,104.0,False,False
2004-07-12 10:00:00,23.4,39.4,1.1172,1.5,107.0,False,False
2004-07-12 11:00:00,25.7,33.0,1.0763,1.6,102.0,False,False
2004-07-12 12:00:00,28.5,27.3,1.0479,2.1,104.0,False,False
2004-07-12 13:00:00,27.0,27.9,0.9812,2.1,96.0,False,False
2004-07-12 14:00:00,24.2,36.9,1.0966,1.6,80.0,False,False
2004-07-12 15:00:00,26.0,34.9,1.1509,1.3,72.0,False,False
2004-07-12 16:00:00,24.8,33.1,1.0222,1.6,106.0,False,False
2004-07-12 17:00:00,24.0,36.3,1.0708,3.1,119.0,False,False
2004-07-12 18:00:00,23.6,35.5,1.0187,3.3,119.0,False,False
2004-07-12 19:00:00,23.6,35.7,1.0282,3.4,128.0,False,False
2004-07-12 20:00:00,23.3,34.5,0.9768,2.8,112.0,False,False
2004-07-12 21:00:00,22.5,36.8,0.988,1.5,95.0,False,False
2004-07-12 22:00:00,21.3,38.7,0.9686,1.3,85.0,False,False
2004-07-12 23:00:00,20.9,39.4,0.9596,1.6,101.0,False,False
2004-07-13 00:00:00,19.8,47.7,1.093,1.5,94.0,False,False
2004-07-13 01:00:00,19.3,51.4,1.1387,1.0,76.0,False,False
2004-07-13 02:00:00,18.4,53.4,1.117,0.5,50.0,False,False
2004-07-13 03:00:00,18.8,51.1,1.1,0.4,,False,False
2004-07-13 04:00:00,16.3,59.8,1.1042,0.6,51.0,False,False
2004-07-13 05:00:00,16.6,56.8,1.0629,0.7,42.0,False,False
2004-07-13 06:00:00,16.2,57.4,1.0515,1.3,62.0,False,False
2004-07-13 07:00:00,17.3,54.3,1.0631,4.0,111.0,False,False
2004-07-13 08:00:00,19.2,48.8,1.0751,5.0,129.0,False,False
2004-07-13 09:00:00,21.7,42.4,1.0859,3.6,135.0,False,False
2004-07-13 10:00:00,26.4,29.9,1.0138,2.8,139.0,False,False
2004-07-13 11:00:00,31.3,19.1,0.8634,2.6,134.0,False,False
2004-07-13 12:00:00,33.7,15.4,0.7913,2.7,141.0,False,False
2004-07-13 13:00:00,34.5,13.3,0.7158,2.3,112.0,False,False
2004-07-13 14:00:00,33.8,13.9,0.7172,2.0,105.0,False,False
2004-07-13 15:00:00,30.1,19.4,0.8157,1.3,72.0,False,False
2004-07-13 16:00:00,28.3,21.3,0.8054,1.7,90.0,False,False
2004-07-13 17:00:00,31.9,18.3,0.8523,2.8,126.0,False,False
2004-07-13 18:00:00,32.0,20.1,0.9364,3.8,154.0,False,False
2004-07-13 19:00:00,28.9,24.1,0.9495,4.9,173.0,False,False
2004-07-13 20:00:00,27.3,27.1,0.967,4.3,162.0,False,False
2004-07-13 21:00:00,26.0,28.5,0.9484,2.6,128.0,False,False
2004-07-13 22:00:00,25.2,28.6,0.9008,2.4,120.0,False,False
2004-07-13 23:00:00,24.3,31.1,0.9316,1.9,111.0,False,False
2004-07-14 00:00:00,23.6,33.8,0.9685,1.4,89.0,False,False
2004-07-14 01:00:00,23.0,33.8,0.9406,1.1,69.0,False,False
2004-07-14 02:00:00,22.2,38.4,1.0126,0.9,70.0,False,False
2004-07-14 03:00:00,20.4,42.6,1.0083,0.7,,False,False
2004-07-14 04:00:00,20.5,42.3,1.0091,0.5,59.0,False,False
2004-07-14 05:00:00,18.8,49.0,1.0505,0.8,73.0,False,False
2004-07-14 06:00:00,18.8,49.4,1.0624,1.3,89.0,False,False
2004-07-14 07:00:00,19.9,46.5,1.071,4.7,142.0,False,False
2004-07-14 08:00:00,22.1,41.7,1.098,4.6,145.0,False,False
2004-07-14 09:00:00,24.0,36.4,1.0706,3.7,156.0,False,False
2004-07-14 10:00:00,30.2,22.8,0.9616,2.8,148.0,False,False
2004-07-14 11:00:00,33.4,17.1,0.8627,1.8,122.0,False,False
2004-07-14 12:00:00,35.1,15.0,0.8381,1.9,106.0,False,False
2004-07-14 13:00:00,34.1,16.0,0.8408,2.0,106.0,False,False
2004-07-14 14:00:00,35.7,13.6,0.7836,2.0,127.0,False,False
2004-07-14 15:00:00,35.3,13.8,0.7767,2.1,113.0,False,False
2004-07-14 16:00:00,32.3,16.7,0.7946,2.1,136.0,False,False
2004-07-14 17:00:00,36.0,13.3,0.7773,3.2,153.0,False,False
2004-07-14 18:00:00,35.8,13.7,0.7868,4.0,172.0,False,False
2004-07-14 19:00:00,32.3,18.4,0.8753,4.6,190.0,False,False
2004-07-14 20:00:00,29.7,25.0,1.0246,3.0,160.0,False,False
2004-07-14 21:00:00,27.8,26.6,0.9748,2.9,159.0,False,False
2004-07-14 22:00:00,26.3,27.3,0.9238,1.9,123.0,False,False
2004-07-14 23:00:00,25.3,30.0,0.9508,1.4,101.0,False,False
2004-07-15 00:00:00,24.0,34.9,1.0271,2.1,116.0,False,False
2004-07-15 01:00:00,23.4,38.6,1.0968,1.2,80.0,False,False
2004-07-15 02:00:00,23.5,38.3,1.0972,0.6,51.0,False,False
2004-07-15 03:00:00,22.0,42.6,1.1146,0.4,,False,False
2004-07-15 04:00:00,21.6,44.0,1.1225,,37.0,False,False
2004-07-15 05:00:00,21.4,45.6,1.1493,0.4,46.0,False,False
2004-07-15 06:00:00,21.1,47.1,1.1641,0.7,64.0,False,False
2004-07-15 07:00:00,21.3,48.4,1.2119,2.3,108.0,False,False
2004-07-15 08:00:00,22.9,47.9,1.3208,4.0,151.0,False,False
2004-07-15 09:00:00,24.4,45.5,1.3721,2.8,153.0,False,False
2004-07-15 10:00:00,27.6,38.0,1.3818,1.6,116.0,False,False
2004-07-15 11:00:00,31.1,29.6,1.318,1.6,116.0,False,False
2004-07-15 12:00:00,33.4,24.7,1.2516,2.0,130.0,False,False
2004-07-15 13:00:00,35.7,18.9,1.0865,2.0,131.0,False,False
2004-07-15 14:00:00,36.2,18.1,1.0724,1.7,131.0,False,False
2004-07-15 15:00:00,37.1,17.7,1.094,2.0,135.0,False,False
2004-07-15 16:00:00,36.5,18.1,1.0887,2.2,152.0,False,False
2004-07-15 17:00:00,35.5,19.1,1.0888,3.2,198.0,False,False
2004-07-15 18:00:00,33.7,20.0,1.0275,3.6,183.0,False,False
2004-07-15 19:00:00,30.5,22.7,0.9763,3.8,175.0,False,False
2004-07-15 20:00:00,28.7,26.2,1.0144,4.8,193.0,False,False
2004-07-15 21:00:00,26.7,28.9,0.9981,2.8,140.0,False,False
2004-07-15 22:00:00,25.7,31.6,1.0285,2.6,128.0,False,False
2004-07-15 23:00:00,24.5,35.7,1.0807,1.9,100.0,False,False
2004-07-16 00:00:00,24.3,36.3,1.0852,1.7,97.0,False,False
2004-07-16 01:00:00,23.8,36.9,1.0748,1.0,67.0,False,False
2004-07-16 02:00:00,23.7,37.3,1.076,0.7,58.0,False,False
2004-07-16 03:00:00,22.2,40.6,1.0729,0.5,,False,False
2004-07-16 04:00:00,21.6,42.2,1.0762,0.4,45.0,False,False
2004-07-16 05:00:00,20.3,46.8,1.1,0.6,62.0,False,False
2004-07-16 06:00:00,20.7,45.9,1.1088,0.7,59.0,False,False
2004-07-16 07:00:00,20.5,47.7,1.1419,2.4,102.0,False,False
2004-07-16 08:00:00,22.4,46.6,1.247,4.4,154.0,False,False
2004-07-16 09:00:00,24.2,48.5,1.4452,3.1,157.0,False,False
2004-07-16 10:00:00,28.8,33.0,1.2825,2.0,138.0,False,False
2004-07-16 11:00:00,32.8,25.2,1.2325,2.1,142.0,False,False
2004-07-16 12:00:00,34.4,19.9,1.0647,2.1,125.0,False,False
2004-07-16 13:00:00,36.5,16.7,1.0045,2.1,120.0,False,False
2004-07-16 14:00:00,37.5,14.3,0.9099,2.2,150.0,False,False
2004-07-16 15:00:00,38.0,15.5,1.0119,1.6,120.0,False,False
2004-07-16 16:00:00,38.1,16.5,1.0828,2.4,173.0,False,False
2004-07-16 17:00:00,37.3,17.3,1.084,3.3,187.0,False,False
2004-07-16 18:00:00,35.9,17.7,1.0316,4.0,206.0,False,False
2004-07-16 19:00:00,32.4,21.5,1.0303,4.1,187.0,False,False
2004-07-16 20:00:00,30.3,25.6,1.0879,4.2,170.0,False,False
2004-07-16 21:00:00,28.5,27.8,1.0665,2.9,149.0,False,False
2004-07-16 22:00:00,26.9,30.5,1.0671,2.3,124.0,False,False
2004-07-16 23:00:00,25.7,33.5,1.0918,2.2,119.0,False,False
2004-07-17 00:00:00,24.7,36.9,1.1302,2.1,108.0,False,False
2004-07-17 01:00:00,23.6,39.2,1.1306,1.6,93.0,False,False
2004-07-17 02:00:00,22.2,43.0,1.1363,1.2,77.0,False,False
2004-07-17 03:00:00,21.2,45.8,1.1353,1.2,,False,False
2004-07-17 04:00:00,21.3,45.9,1.1471,0.9,76.0,False,False
2004-07-17 05:00:00,21.6,45.0,1.151,0.6,58.0,False,False
2004-07-17 06:00:00,21.3,46.5,1.1608,0.7,63.0,False,False
2004-07-17 07:00:00,21.1,46.9,1.1585,1.3,75.0,False,False
2004-07-17 08:00:00,22.8,43.0,1.1731,2.0,111.0,False,False
2004-07-17 09:00:00,25.0,38.3,1.198,1.9,116.0,False,False
2004-07-17 10:00:00,30.9,26.9,1.1835,2.2,138.0,False,False
2004-07-17 11:00:00,35.1,19.2,1.0664,1.9,117.0,False,False
2004-07-17 12:00:00,36.9,17.2,1.0576,1.5,94.0,False,False
2004-07-17 13:00:00,39.3,13.9,0.9715,1.4,91.0,False,False
2004-07-17 14:00:00,40.3,12.6,0.9302,1.0,60.0,False,False
2004-07-17 15:00:00,39.7,13.5,0.965,1.0,66.0,False,False
2004-07-17 16:00:00,41.1,13.1,1.0124,1.4,87.0,False,False
2004-07-17 17:00:00,40.1,14.9,1.0828,1.6,106.0,False,False
2004-07-17 18:00:00,37.4,17.0,1.0757,1.6,94.0,False,False
2004-07-17 19:00:00,34.0,19.2,1.0073,2.1,112.0,False,False
2004-07-17 20:00:00,31.7,21.6,0.9959,2.0,120.0,False,False
2004-07-17 21:00:00,29.7,24.2,0.9926,1.9,106.0,False,False
2004-07-17 22:00:00,27.9,27.6,1.0252,2.3,112.0,False,False
2004-07-17 23:00:00,26.8,29.9,1.0402,2.4,120.0,False,False
2004-07-18 00:00:00,25.8,33.0,1.0826,2.2,114.0,False,False
2004-07-18 01:00:00,26.3,33.1,1.1199,1.2,70.0,False,False
2004-07-18 02:00:00,24.3,38.1,1.1398,1.1,64.0,False,False
2004-07-18 03:00:00,24.7,36.4,1.1158,0.8,,False,False
2004-07-18 04:00:00,23.3,39.5,1.1176,,55.0,False,False
2004-07-18 05:00:00,21.1,45.6,1.1246,0.6,50.0,False,False
2004-07-18 06:00:00,20.2,48.5,1.1319,0.7,62.0,False,False
2004-07-18 07:00:00,21.3,45.5,1.1405,0.4,53.0,False,False
2004-07-18 08:00:00,22.6,31.0,0.8372,0.6,85.0,False,False
2004-07-18 09:00:00,25.7,34.8,1.1292,0.9,102.0,False,False
2004-07-18 10:00:00,31.6,23.8,1.0842,0.9,97.0,False,False
2004-07-18 11:00:00,36.3,16.3,0.9727,0.8,91.0,False,False
2004-07-18 12:00:00,37.9,15.0,0.9728,0.4,62.0,False,False
2004-07-18 13:00:00,39.4,13.7,0.9639,0.3,57.0,False,False
2004-07-18 14:00:00,40.2,12.3,0.8983,0.1,40.0,False,True
2004-07-18 15:00:00,41.3,11.9,0.9252,0.5,60.0,False,False
2004-07-18 16:00:00,41.4,11.8,0.9282,0.4,70.0,False,False
2004-07-18 17:00:00,40.1,13.6,0.9953,0.3,53.0,False,False
2004-07-18 18:00:00,37.6,16.4,1.0458,0.4,54.0,False,False
2004-07-18 19:00:00,33.9,20.3,1.0522,0.6,58.0,False,False
2004-07-18 20:00:00,31.6,22.9,1.0469,0.8,73.0,False,False
2004-07-18 21:00:00,29.7,24.8,1.016,1.2,99.0,False,False
2004-07-18 22:00:00,29.0,27.0,1.063,1.6,102.0,False,False
2004-07-18 23:00:00,27.9,30.4,1.1249,1.2,101.0,False,False
2004-07-19 00:00:00,28.0,30.6,1.1396,0.5,77.0,False,False
2004-07-19 01:00:00,26.8,32.3,1.1235,0.3,55.0,False,False
2004-07-19 02:00:00,26.6,33.0,1.1338,0.1,51.0,False,False
2004-07-19 03:00:00,23.7,38.6,1.1159,,,False,False
2004-07-19 04:00:00,22.2,42.8,1.1317,0.1,50.0,False,False
2004-07-19 05:00:00,21.2,46.3,1.1501,0.3,75.0,False,False
2004-07-19 06:00:00,21.4,46.5,1.172,0.8,89.0,False,False
2004-07-19 07:00:00,22.9,43.0,1.1826,2.3,112.0,False,False
2004-07-19 08:00:00,25.2,38.6,1.2215,3.4,142.0,False,False
2004-07-19 09:00:00,27.1,34.9,1.231,2.5,145.0,False,False
2004-07-19 10:00:00,32.4,24.8,1.1886,2.4,165.0,False,False
2004-07-19 11:00:00,36.8,18.0,1.0945,2.1,159.0,False,False
2004-07-19 12:00:00,39.1,16.0,1.11,,159.0,False,False
2004-07-19 13:00:00,39.2,16.4,1.1439,,131.0,False,False
2004-07-19 14:00:00,40.5,14.9,1.111,,123.0,False,False
2004-07-19 15:00:00,41.4,13.8,1.0786,,129.0,False,False
2004-07-19 16:00:00,40.5,14.9,1.114,,126.0,False,False
2004-07-19 17:00:00,39.6,17.0,1.2064,,149.0,False,False
2004-07-19 18:00:00,37.7,19.8,1.2715,,200.0,False,False
2004-07-19 19:00:00,34.3,24.2,1.2857,,174.0,False,False
2004-07-19 20:00:00,31.7,28.1,1.2912,,131.0,False,False
2004-07-19 21:00:00,30.2,30.8,1.3008,,135.0,False,False
2004-07-19 22:00:00,29.4,33.0,1.3343,,134.0,False,False
2004-07-19 23:00:00,29.2,33.1,1.3202,,96.0,False,False
2004-07-20 00:00:00,27.6,36.6,1.332,,94.0,False,False
2004-07-20 01:00:00,27.2,36.9,1.3147,,79.0,False,False
2004-07-20 02:00:00,25.4,41.0,1.3079,,79.0,False,False
2004-07-20 03:00:00,25.2,41.5,1.3106,,,False,False
2004-07-20 04:00:00,23.4,47.4,1.3475,,89.0,False,False
2004-07-20 05:00:00,25.1,44.0,1.3794,,69.0,False,False
2004-07-20 06:00:00,23.9,46.5,1.3637,,91.0,False,False
2004-07-20 07:00:00,24.8,43.2,1.3387,,135.0,False,False
2004-07-20 08:00:00,27.0,38.7,1.361,,166.0,False,False
2004-07-20 09:00:00,29.4,33.6,1.3526,,189.0,False,False
2004-07-20 10:00:00,34.8,23.4,1.2781,,193.0,False,False
2004-07-20 11:00:00,38.1,18.5,1.2108,,164.0,False,False
2004-07-20 12:00:00,38.9,18.0,1.2318,,139.0,False,False
2004-07-20 13:00:00,39.8,16.0,1.1444,,130.0,False,False
2004-07-20 14:00:00,41.7,12.5,0.9941,,129.0,False,False
2004-07-20 15:00:00,42.8,12.3,1.0326,,132.0,False,False
2004-07-20 16:00:00,41.4,14.2,1.1128,,101.0,False,False
2004-07-20 17:00:00,41.3,15.5,1.21,,145.0,False,False
2004-07-20 18:00:00,38.3,19.4,1.2851,,133.0,False,False
2004-07-20 19:00:00,34.7,23.3,1.2653,,110.0,False,False
2004-07-20 20:00:00,32.6,26.3,1.2754,,126.0,False,False
2004-07-20 21:00:00,30.9,29.0,1.275,,102.0,False,False
2004-07-20 22:00:00,30.1,30.2,1.2711,,104.0,False,False
2004-07-20 23:00:00,29.0,33.4,1.3149,,112.0,False,False
2004-07-21 00:00:00,28.3,36.8,1.3906,,89.0,False,False
2004-07-21 01:00:00,27.6,38.2,1.3911,,67.0,False,False
2004-07-21 02:00:00,25.8,43.1,1.4113,,63.0,False,False
2004-07-21 03:00:00,27.4,39.1,1.4072,,,False,False
2004-07-21 04:00:00,26.3,40.9,1.3803,,34.0,False,False
2004-07-21 05:00:00,23.3,50.1,1.41,,73.0,False,False
2004-07-21 06:00:00,23.1,49.7,1.3863,,76.0,False,False
2004-07-21 07:00:00,24.2,46.4,1.3834,,102.0,False,False
2004-07-21 08:00:00,25.8,42.2,1.3774,,140.0,False,False
2004-07-21 09:00:00,28.1,37.3,1.3922,,150.0,False,False
2004-07-21 10:00:00,33.9,26.8,1.397,,194.0,False,False
2004-07-21 11:00:00,38.0,17.2,1.1227,,162.0,False,False
2004-07-21 12:00:00,38.9,15.9,1.0896,,138.0,False,False
2004-07-21 13:00:00,40.4,15.0,1.1125,,123.0,False,False
2004-07-21 14:00:00,40.1,15.2,1.1065,,86.0,False,False
2004-07-21 15:00:00,42.0,14.2,1.1517,,107.0,False,False
2004-07-21 16:00:00,42.7,14.4,1.2092,,106.0,False,False
2004-07-21 17:00:00,41.6,14.5,1.1483,,99.0,False,False
2004-07-21 18:00:00,39.6,18.8,1.3413,4.1,140.0,False,False
2004-07-21 19:00:00,36.1,25.5,1.4949,3.8,163.0,False,False
2004-07-21 20:00:00,33.3,29.9,1.5079,3.4,144.0,False,False
2004-07-21 21:00:00,31.2,33.2,1.4831,2.9,120.0,False,False
2004-07-21 22:00:00,30.1,35.8,1.5034,3.1,120.0,False,False
2004-07-21 23:00:00,28.9,39.1,1.537,3.5,106.0,False,False
2004-07-22 00:00:00,27.8,43.3,1.5929,2.4,95.0,False,False
2004-07-22 01:00:00,26.9,46.1,1.608,1.6,70.0,False,False
2004-07-22 02:00:00,26.4,47.1,1.5947,1.3,67.0,False,False
2004-07-22 03:00:00,25.2,51.4,1.621,0.9,,False,False
2004-07-22 04:00:00,23.8,55.4,1.6073,1.0,70.0,False,False
2004-07-22 05:00:00,24.9,50.6,1.5755,0.8,50.0,False,False
2004-07-22 06:00:00,25.0,49.2,1.5418,1.1,60.0,False,False
2004-07-22 07:00:00,24.7,50.9,1.5593,4.4,127.0,False,False
2004-07-22 08:00:00,26.4,46.3,1.5722,,149.0,False,False
2004-07-22 09:00:00,28.1,42.0,1.5735,,158.0,False,False
2004-07-22 10:00:00,34.0,29.9,1.5614,3.3,190.0,False,False
2004-07-22 11:00:00,37.3,22.9,1.4373,2.1,127.0,False,False
2004-07-22 12:00:00,40.1,19.0,1.3849,2.1,130.0,False,False
2004-07-22 13:00:00,42.0,15.8,1.2759,2.0,125.0,False,False
2004-07-22 14:00:00,42.8,14.3,1.2003,1.5,113.0,False,False
2004-07-22 15:00:00,44.3,13.0,1.183,2.1,143.0,True,False
2004-07-22 16:00:00,44.6,12.6,1.1684,2.3,157.0,True,False
2004-07-22 17:00:00,43.4,14.8,1.2882,2.8,170.0,True,False
2004-07-22 18:00:00,40.6,18.2,1.368,3.6,187.0,False,False
2004-07-22 19:00:00,37.1,21.3,1.3223,4.0,181.0,False,False
2004-07-22 20:00:00,34.5,25.5,1.368,3.7,158.0,False,False
2004-07-22 21:00:00,32.2,30.4,1.4433,2.5,112.0,False,False
2004-07-22 22:00:00,30.4,35.4,1.5144,2.3,100.0,False,False
2004-07-22 23:00:00,29.4,38.7,1.5581,2.5,105.0,False,False
2004-07-23 00:00:00,28.6,38.7,1.4921,2.7,107.0,False,False
2004-07-23 01:00:00,27.7,40.5,1.4835,1.3,72.0,False,False
2004-07-23 02:00:00,28.0,39.8,1.4803,0.8,59.0,False,False
2004-07-23 03:00:00,24.8,48.5,1.4953,0.9,,False,False
2004-07-23 04:00:00,25.6,45.8,1.4801,0.5,55.0,False,False
2004-07-23 05:00:00,23.6,51.5,1.4852,0.8,70.0,False,False
2004-07-23 06:00:00,25.1,46.5,1.4615,1.0,59.0,False,False
2004-07-23 07:00:00,24.5,48.3,1.4593,2.9,95.0,False,False
2004-07-23 08:00:00,26.6,42.8,1.4675,3.8,120.0,False,False
2004-07-23 09:00:00,29.0,37.6,1.4866,3.5,133.0,False,False
2004-07-23 10:00:00,34.2,28.5,1.5071,2.4,133.0,False,False
2004-07-23 11:00:00,37.3,22.9,1.4369,1.8,120.0,False,False
2004-07-23 12:00:00,40.1,17.5,1.2721,2.1,132.0,False,False
2004-07-23 13:00:00,42.2,14.6,1.192,2.1,135.0,False,False
2004-07-23 14:00:00,41.9,15.2,1.2173,1.5,121.0,False,False
2004-07-23 15:00:00,43.1,13.8,1.1803,1.5,123.0,False,False
2004-07-23 16:00:00,42.8,13.8,1.1681,1.8,129.0,False,False
2004-07-23 17:00:00,41.1,16.5,1.2701,2.1,129.0,False,False
2004-07-23 18:00:00,38.7,20.3,1.3743,3.0,156.0,False,False
2004-07-23 19:00:00,35.8,24.1,1.3924,2.8,131.0,False,False
2004-07-23 20:00:00,33.1,28.3,1.4121,2.5,115.0,False,False
2004-07-23 21:00:00,30.1,33.9,1.4257,1.4,79.0,False,False
2004-07-23 22:00:00,29.0,36.6,1.4431,1.7,86.0,False,False
2004-07-23 23:00:00,28.5,38.4,1.468,1.8,91.0,False,False
2004-07-24 00:00:00,27.8,39.9,1.4682,2.4,99.0,False,False
2004-07-24 01:00:00,27.0,42.8,1.503,1.9,83.0,False,False
2004-07-24 02:00:00,26.4,44.5,1.5119,1.4,74.0,False,False
2004-07-24 03:00:00,25.8,46.6,1.5269,0.8,,False,False
2004-07-24 04:00:00,25.1,48.5,1.5266,0.7,64.0,False,False
2004-07-24 05:00:00,24.6,52.2,1.5881,0.8,61.0,False,False
2004-07-24 06:00:00,24.4,50.5,1.5243,0.7,62.0,False,False
2004-07-24 07:00:00,25.2,49.1,1.5546,1.0,65.0,False,False
2004-07-24 08:00:00,26.6,50.8,1.7419,1.7,79.0,False,False
2004-07-24 09:00:00,28.0,46.9,1.748,1.9,90.0,False,False
2004-07-24 10:00:00,32.7,34.5,1.6798,2.3,116.0,False,False
2004-07-24 11:00:00,36.6,26.5,1.599,1.7,89.0,False,False
2004-07-24 12:00:00,37.8,26.3,1.6951,1.3,68.0,False,False
2004-07-24 13:00:00,38.3,27.1,1.797,1.2,53.0,False,False
2004-07-24 14:00:00,35.4,32.4,1.837,0.8,34.0,False,False
2004-07-24 15:00:00,37.3,28.8,1.8087,0.9,38.0,False,False
2004-07-24 16:00:00,36.6,28.2,1.697,1.1,53.0,False,False
2004-07-24 17:00:00,35.1,29.6,1.6452,1.2,62.0,False,False
2004-07-24 18:00:00,32.3,33.4,1.59,1.3,82.0,False,False
2004-07-24 19:00:00,29.9,37.9,1.5745,1.4,88.0,False,False
2004-07-24 20:00:00,28.2,41.9,1.5776,1.2,70.0,False,False
2004-07-24 21:00:00,27.2,45.9,1.6316,0.9,53.0,False,False
2004-07-24 22:00:00,27.3,45.7,1.6308,1.1,57.0,False,False
2004-07-24 23:00:00,27.0,47.1,1.6573,1.5,73.0,False,False
2004-07-25 00:00:00,23.7,69.3,2.0042,1.7,83.0,False,False
2004-07-25 01:00:00,23.8,63.5,1.8495,0.9,52.0,False,False
2004-07-25 02:00:00,24.7,56.9,1.739,0.7,52.0,False,False
2004-07-25 03:00:00,25.0,53.1,1.6541,0.4,,False,False
2004-07-25 04:00:00,24.1,59.6,1.7657,,26.0,False,False
2004-07-25 05:00:00,22.5,69.1,1.8578,0.3,17.0,False,False
2004-07-25 06:00:00,23.4,64.4,1.835,0.4,28.0,False,False
2004-07-25 07:00:00,24.4,57.9,1.7476,0.4,29.0,False,False
2004-07-25 08:00:00,24.5,56.9,1.7225,0.5,37.0,False,False
2004-07-25 09:00:00,24.9,54.8,1.7063,0.5,31.0,False,False
2004-07-25 10:00:00,27.0,47.4,1.6661,0.7,46.0,False,False
2004-07-25 11:00:00,27.6,43.7,1.5877,0.9,66.0,False,False
2004-07-25 12:00:00,28.2,42.6,1.6062,0.8,54.0,False,False
2004-07-25 13:00:00,29.1,40.8,1.6203,0.8,50.0,False,False
2004-07-25 14:00:00,29.8,38.6,1.5911,0.7,44.0,False,False
2004-07-25 15:00:00,31.5,34.5,1.5666,0.8,52.0,False,False
2004-07-25 16:00:00,31.2,36.3,1.6217,0.7,37.0,False,False
2004-07-25 17:00:00,30.0,41.3,1.7259,0.8,51.0,False,False
2004-07-25 18:00:00,27.6,47.5,1.7266,1.2,78.0,False,False
2004-07-25 19:00:00,28.8,41.3,1.6164,1.6,90.0,False,False
2004-07-25 20:00:00,28.5,41.6,1.5959,1.6,110.0,False,False
2004-07-25 21:00:00,27.7,43.4,1.5833,1.5,86.0,False,False
2004-07-25 22:00:00,27.3,44.1,1.5751,1.5,88.0,False,False
2004-07-25 23:00:00,26.9,45.5,1.5926,1.5,91.0,False,False
2004-07-26 00:00:00,26.6,47.2,1.616,1.5,93.0,False,False
2004-07-26 01:00:00,26.0,48.0,1.5882,1.2,68.0,False,False
2004-07-26 02:00:00,26.2,45.7,1.5324,0.8,48.0,False,False
2004-07-26 03:00:00,25.9,46.3,1.524,,,False,False
2004-07-26 04:00:00,25.6,46.8,1.5111,,22.0,False,False
2004-07-26 05:00:00,25.3,47.6,1.5159,,59.0,False,False
2004-07-26 06:00:00,25.4,48.5,1.5507,,102.0,False,False
2004-07-26 07:00:00,26.5,46.3,1.5768,,116.0,False,False
2004-07-26 08:00:00,27.9,42.7,1.5754,,109.0,False,False
2004-07-26 09:00:00,28.8,38.9,1.5184,,98.0,False,False
2004-07-26 10:00:00,31.7,31.5,1.4487,,97.0,False,False
2004-07-26 11:00:00,33.9,26.9,1.3964,,97.0,False,False
2004-07-26 12:00:00,34.7,26.5,1.4408,,90.0,False,False
2004-07-26 13:00:00,35.4,24.8,1.4017,,92.0,False,False
2004-07-26 14:00:00,35.2,24.1,1.351,,76.0,False,False
2004-07-26 15:00:00,36.3,22.8,1.3564,,97.0,False,False
2004-07-26 16:00:00,35.4,23.8,1.3443,,101.0,False,False
2004-07-26 17:00:00,34.6,23.5,1.2691,,118.0,False,False
2004-07-26 18:00:00,33.0,28.2,1.3921,,129.0,False,False
2004-07-26 19:00:00,32.5,27.9,1.3373,,131.0,False,False
2004-07-26 20:00:00,30.5,29.9,1.2875,,130.0,False,False
2004-07-26 21:00:00,29.1,33.1,1.3126,,106.0,False,False
2004-07-26 22:00:00,28.4,35.8,1.3665,,92.0,False,False
2004-07-26 23:00:00,27.7,37.9,1.3842,,97.0,False,False
2004-07-27 00:00:00,28.3,35.5,1.3414,,80.0,False,False
2004-07-27 01:00:00,27.1,38.6,1.3632,,40.0,False,False
2004-07-27 02:00:00,25.8,40.9,1.3377,,49.0,False,False
2004-07-27 03:00:00,26.0,40.6,1.3467,,,False,False
2004-07-27 04:00:00,24.6,43.4,1.3248,,46.0,False,False
2004-07-27 05:00:00,25.1,42.3,1.326,,37.0,False,False
2004-07-27 06:00:00,23.1,48.8,1.3638,,92.0,False,False
2004-07-27 07:00:00,24.7,46.8,1.4337,,115.0,False,False
2004-07-27 08:00:00,24.6,45.1,1.3714,,102.0,False,False
2004-07-27 09:00:00,26.2,38.5,1.2932,,104.0,False,False
2004-07-27 10:00:00,29.3,31.0,1.2445,,109.0,False,False
2004-07-27 11:00:00,31.2,26.6,1.192,,108.0,False,False
2004-07-27 12:00:00,31.1,26.2,1.1619,,90.0,False,False
2004-07-27 13:00:00,31.7,26.4,1.2153,,81.0,False,False
2004-07-27 14:00:00,31.7,25.6,1.179,,87.0,False,False
2004-07-27 15:00:00,32.6,22.5,1.0901,,82.0,False,False
2004-07-27 16:00:00,32.8,22.2,1.0835,,99.0,False,False
2004-07-27 17:00:00,32.4,22.4,1.0701,,119.0,False,False
2004-07-27 18:00:00,31.4,22.7,1.027,,128.0,False,False
2004-07-27 19:00:00,28.4,24.7,0.9404,,111.0,False,False
2004-07-27 20:00:00,27.7,24.2,0.882,,114.0,False,False
2004-07-27 21:00:00,26.1,28.3,0.9456,,100.0,False,False
2004-07-27 22:00:00,25.3,28.4,0.9041,,88.0,False,False
2004-07-27 23:00:00,25.2,27.7,0.874,,78.0,False,False
2004-07-28 00:00:00,24.5,28.0,0.8489,,101.0,False,False
2004-07-28 01:00:00,23.6,31.9,0.9195,,77.0,False,False
2004-07-28 02:00:00,22.8,34.7,0.9514,,78.0,False,False
2004-07-28 03:00:00,23.6,33.2,0.9577,,,False,False
2004-07-28 04:00:00,20.5,41.2,0.9802,,65.0,False,False
2004-07-28 05:00:00,20.6,41.5,0.9982,,74.0,False,False
2004-07-28 06:00:00,20.2,42.5,0.9949,,83.0,False,False
2004-07-28 07:00:00,20.9,40.4,0.9884,,96.0,False,False
2004-07-28 08:00:00,22.4,38.0,1.0201,,120.0,False,False
2004-07-28 09:00:00,26.0,29.7,0.9831,,147.0,False,False
2004-07-28 10:00:00,31.4,18.6,0.8398,,148.0,False,False
2004-07-28 11:00:00,34.2,15.8,0.8371,,91.0,False,False
2004-07-28 12:00:00,35.4,15.3,0.8649,,94.0,False,False
2004-07-28 13:00:00,34.6,15.5,0.8435,,95.0,False,False
2004-07-28 14:00:00,33.9,16.2,0.8454,,92.0,False,False
2004-07-28 15:00:00,35.3,15.0,0.8463,,113.0,False,False
2004-07-28 16:00:00,36.8,13.7,0.8335,,111.0,False,False
2004-07-28 17:00:00,34.4,16.4,0.8761,,166.0,False,False
2004-07-28 18:00:00,35.3,16.8,0.9448,,,False,False
2004-07-28 19:00:00,32.3,20.7,0.9875,,143.0,False,False
2004-07-28 20:00:00,29.6,26.1,1.0682,,131.0,False,False
2004-07-28 21:00:00,28.6,27.2,1.048,,102.0,False,False
2004-07-28 22:00:00,27.6,27.4,0.9926,,94.0,False,False
2004-07-28 23:00:00,26.3,29.0,0.9807,,96.0,False,False
2004-07-29 00:00:00,25.4,30.1,0.9602,,88.0,False,False
2004-07-29 01:00:00,24.7,32.1,0.9878,,72.0,False,False
2004-07-29 02:00:00,25.7,30.9,1.0048,,33.0,False,False
2004-07-29 03:00:00,25.1,32.6,1.0203,,,False,False
2004-07-29 04:00:00,23.9,34.4,1.0079,,33.0,False,False
2004-07-29 05:00:00,21.4,40.3,1.0157,,60.0,False,False
2004-07-29 06:00:00,21.2,41.2,1.0246,,72.0,False,False
2004-07-29 07:00:00,21.6,40.9,1.0468,,97.0,False,False
2004-07-29 08:00:00,24.0,36.6,1.0763,,136.0,False,False
2004-07-29 09:00:00,26.8,29.5,1.0209,,140.0,False,False
2004-07-29 10:00:00,31.8,19.4,0.8936,,171.0,False,False
2004-07-29 11:00:00,34.4,16.6,0.8892,,150.0,False,False
2004-07-29 12:00:00,35.3,16.7,0.9402,,117.0,False,False
2004-07-29 13:00:00,36.4,16.8,1.0033,,106.0,False,False
2004-07-29 14:00:00,34.8,19.5,1.0667,,95.0,False,False
2004-07-29 15:00:00,38.6,16.1,1.0853,,137.0,False,False
2004-07-29 16:00:00,38.5,16.5,1.1037,,129.0,False,False
2004-07-29 17:00:00,37.4,18.1,1.1467,,135.0,False,False
2004-07-29 18:00:00,35.7,19.8,1.1399,,127.0,False,False
2004-07-29 19:00:00,32.0,24.9,1.1663,,122.0,False,False
2004-07-29 20:00:00,29.7,28.1,1.1544,,118.0,False,False
2004-07-29 21:00:00,28.5,32.1,1.2296,,135.0,False,False
2004-07-29 22:00:00,27.6,40.5,1.4715,,134.0,False,False
2004-07-29 23:00:00,26.3,45.6,1.5349,,105.0,False,False
2004-07-30 00:00:00,25.7,46.1,1.5025,,104.0,False,False
2004-07-30 01:00:00,25.1,46.3,1.4486,,81.0,False,False
2004-07-30 02:00:00,23.5,51.3,1.467,,69.0,False,False
2004-07-30 03:00:00,23.1,52.1,1.4518,,,False,False
2004-07-30 04:00:00,23.7,51.2,1.4795,,51.0,False,False
2004-07-30 05:00:00,23.0,52.2,1.4516,,52.0,False,False
2004-07-30 06:00:00,23.0,49.9,1.3849,,48.0,False,False
2004-07-30 07:00:00,23.0,50.9,1.4105,,105.0,False,False
2004-07-30 08:00:00,24.4,49.3,1.4814,,150.0,False,False
2004-07-30 09:00:00,26.8,46.6,1.6157,,160.0,False,False
2004-07-30 10:00:00,32.2,32.6,1.5412,,167.0,False,False
2004-07-30 11:00:00,34.8,26.0,1.4241,,141.0,False,False
2004-07-30 12:00:00,36.1,24.8,1.4628,,104.0,False,False
2004-07-30 13:00:00,37.7,21.8,1.3977,,101.0,False,False
2004-07-30 14:00:00,36.9,21.8,1.3384,,118.0,False,False
2004-07-30 15:00:00,39.1,18.7,1.2884,,121.0,False,False
2004-07-30 16:00:00,39.3,18.9,1.318,,124.0,False,False
2004-07-30 17:00:00,38.2,21.8,1.4312,,127.0,False,False
2004-07-30 18:00:00,36.6,23.3,1.4042,,137.0,False,False
2004-07-30 19:00:00,33.3,28.7,1.4454,,137.0,False,False
2004-07-30 20:00:00,30.9,34.2,1.5064,,135.0,False,False
2004-07-30 21:00:00,29.1,38.9,1.5384,,118.0,False,False
2004-07-30 22:00:00,28.1,40.3,1.5086,,111.0,False,False
2004-07-30 23:00:00,27.0,41.6,1.4596,,85.0,False,False
2004-07-31 00:00:00,,,,,158.0,False,False
2004-07-31 01:00:00,25.7,46.8,1.523,,77.0,False,False
2004-07-31 02:00:00,25.1,51.1,1.6044,,56.0,False,False
2004-07-31 03:00:00,23.7,56.5,1.6341,,,False,False
2004-07-31 04:00:00,23.8,55.3,1.6068,,37.0,False,False
2004-07-31 05:00:00,23.7,54.6,1.5823,0.8,49.0,False,False
2004-07-31 06:00:00,22.6,58.8,1.5903,1.2,71.0,False,False
2004-07-31 07:00:00,24.0,53.4,1.5748,1.0,71.0,False,False
2004-07-31 08:00:00,25.2,51.0,1.6131,1.5,86.0,False,False
2004-07-31 09:00:00,27.3,47.1,1.6807,2.8,125.0,False,False
2004-07-31 10:00:00,32.8,33.4,1.633,3.4,160.0,False,False
2004-07-31 11:00:00,36.0,28.0,1.6304,3.3,174.0,False,False
2004-07-31 12:00:00,38.5,23.8,1.5944,2.9,146.0,False,False
2004-07-31 13:00:00,39.8,20.5,1.4687,2.2,127.0,False,False
2004-07-31 14:00:00,38.1,22.0,1.4402,1.6,114.0,False,False
2004-07-31 15:00:00,40.0,20.0,1.4517,0.9,65.0,False,False
2004-07-31 16:00:00,40.4,19.8,1.4724,1.1,77.0,False,False
2004-07-31 17:00:00,39.1,20.7,1.427,1.0,68.0,False,False
2004-07-31 18:00:00,37.3,24.3,1.5222,1.3,92.0,False,False
2004-07-31 19:00:00,34.0,30.9,1.6158,1.6,104.0,False,False
2004-07-31 20:00:00,31.8,34.5,1.5911,1.8,114.0,False,False
2004-07-31 21:00:00,30.1,37.7,1.5799,2.2,105.0,False,False
2004-07-31 22:00:00,28.6,42.3,1.6251,1.8,85.0,False,False
2004-07-31 23:00:00,27.7,44.6,1.6304,2.3,92.0,False,False
2004-08-01 00:00:00,26.6,47.5,1.6265,2.0,82.0,False,False
2004-08-01 01:00:00,25.7,50.7,1.6491,1.8,70.0,False,False
2004-08-01 02:00:00,25.1,53.9,1.689,0.9,40.0,False,False
2004-08-01 03:00:00,24.8,58.7,1.8089,0.5,,False,False
2004-08-01 04:00:00,23.5,63.6,1.8223,0.6,26.0,False,False
2004-08-01 05:00:00,24.3,59.4,1.7838,0.4,21.0,False,False
2004-08-01 06:00:00,23.3,62.0,1.7547,0.4,30.0,False,False
2004-08-01 07:00:00,24.1,63.1,1.8619,0.4,21.0,False,False
2004-08-01 08:00:00,25.0,60.7,1.892,0.8,35.0,False,False
2004-08-01 09:00:00,27.3,52.4,1.8707,0.8,36.0,False,False
2004-08-01 10:00:00,32.4,37.3,1.7808,0.9,48.0,False,False
2004-08-01 11:00:00,35.4,31.3,1.7736,0.7,39.0,False,False
2004-08-01 12:00:00,37.4,28.2,1.7808,0.6,34.0,False,False
2004-08-01 13:00:00,39.2,20.2,1.4104,0.5,33.0,False,False
2004-08-01 14:00:00,38.1,18.5,1.2141,0.6,42.0,False,False
2004-08-01 15:00:00,40.2,17.7,1.2989,0.7,85.0,False,False
2004-08-01 16:00:00,39.7,19.1,1.3646,0.9,92.0,False,False
2004-08-01 17:00:00,38.5,19.8,1.326,0.9,84.0,False,False
2004-08-01 18:00:00,36.6,24.6,1.4872,1.2,100.0,False,False
2004-08-01 19:00:00,33.1,32.7,1.62,1.4,95.0,False,False
2004-08-01 20:00:00,30.7,38.7,1.678,1.5,77.0,False,False
2004-08-01 21:00:00,29.5,42.7,1.7316,1.7,85.0,False,False
2004-08-01 22:00:00,27.8,52.6,1.9398,1.7,83.0,False,False
2004-08-01 23:00:00,27.4,55.5,1.9998,1.7,88.0,False,False
2004-08-02 00:00:00,27.3,57.1,2.0426,1.9,68.0,False,False
2004-08-02 01:00:00,26.7,60.1,2.067,1.2,97.0,False,False
2004-08-02 02:00:00,26.2,61.6,2.0575,0.7,51.0,False,False
2004-08-02 03:00:00,25.5,62.8,2.0236,0.3,,False,False
2004-08-02 04:00:00,25.5,61.8,1.9831,0.2,5.0,False,True
2004-08-02 05:00:00,25.1,62.4,1.9602,0.4,35.0,False,False
2004-08-02 06:00:00,24.6,62.7,1.9158,0.8,56.0,False,False
2004-08-02 07:00:00,25.7,58.9,1.9156,1.9,110.0,False,False
2004-08-02 08:00:00,27.1,54.4,1.9206,,,False,False
2004-08-02 09:00:00,28.4,50.7,1.9329,1.9,124.0,False,False
2004-08-02 10:00:00,32.7,36.9,1.7953,1.9,115.0,False,False
2004-08-02 11:00:00,34.0,32.7,1.7146,1.9,119.0,False,False
2004-08-02 12:00:00,35.6,29.2,1.6684,1.7,107.0,False,False
2004-08-02 13:00:00,37.1,25.6,1.5868,1.4,99.0,False,False
2004-08-02 14:00:00,36.1,26.4,1.5505,1.2,95.0,False,False
2004-08-02 15:00:00,37.9,23.8,1.5392,1.4,105.0,False,False
2004-08-02 16:00:00,38.0,22.2,1.4483,1.4,117.0,False,False
2004-08-02 17:00:00,36.9,22.7,1.3887,1.9,157.0,False,False
2004-08-02 18:00:00,35.5,25.7,1.4626,2.2,173.0,False,False
2004-08-02 19:00:00,32.8,32.2,1.5779,1.9,139.0,False,False
2004-08-02 20:00:00,30.5,38.2,1.6376,1.7,116.0,False,False
2004-08-02 21:00:00,28.8,43.5,1.6989,1.2,91.0,False,False
2004-08-02 22:00:00,28.0,46.2,1.721,0.3,98.0,False,False
2004-08-02 23:00:00,27.1,49.4,1.7398,0.1,93.0,False,False
2004-08-03 00:00:00,26.4,52.2,1.7708,0.1,74.0,False,False
2004-08-03 01:00:00,26.2,52.3,1.7561,,50.0,False,False
2004-08-03 02:00:00,27.1,47.4,1.6809,,36.0,False,False
2004-08-03 03:00:00,28.0,45.2,1.6832,,,False,False
2004-08-03 04:00:00,25.8,50.9,1.6605,,55.0,False,False
2004-08-03 05:00:00,27.2,47.2,1.6803,,86.0,False,False
2004-08-03 06:00:00,27.0,48.3,1.6946,,137.0,False,False
2004-08-03 07:00:00,25.9,51.5,1.7,,140.0,False,False
2004-08-03 08:00:00,27.4,48.6,1.7447,,142.0,False,False
2004-08-03 09:00:00,29.1,45.5,1.7998,,185.0,False,False
2004-08-03 10:00:00,32.8,36.9,1.803,,173.0,False,False
2004-08-03 11:00:00,34.7,32.1,1.741,,158.0,False,False
2004-08-03 12:00:00,33.7,35.1,1.8022,,127.0,False,False
2004-08-03 13:00:00,35.1,32.4,1.7996,,111.0,False,False
2004-08-03 14:00:00,35.4,30.9,1.7505,,114.0,False,False
2004-08-03 15:00:00,36.5,28.7,1.7256,,109.0,False,False
2004-08-03 16:00:00,38.0,24.7,1.6073,,,False,False
2004-08-03 17:00:00,37.5,24.4,1.5515,,137.0,False,False
2004-08-03 18:00:00,35.5,28.9,1.6468,,134.0,False,False
2004-08-03 19:00:00,31.9,37.5,1.7442,,114.0,False,False
2004-08-03 20:00:00,30.1,45.0,1.8891,,100.0,False,False
2004-08-03 21:00:00,28.8,48.9,1.9105,,92.0,False,False
2004-08-03 22:00:00,28.8,48.8,1.9039,,97.0,False,False
2004-08-03 23:00:00,28.0,49.0,1.8237,,111.0,False,False
2004-08-04 00:00:00,27.5,51.5,1.8664,,89.0,False,False
2004-08-04 01:00:00,27.3,51.5,1.844,,87.0,False,False
2004-08-04 02:00:00,26.7,53.3,1.8366,,69.0,False,False
2004-08-04 03:00:00,25.9,55.1,1.8117,,,False,False
2004-08-04 04:00:00,27.0,51.8,1.8147,,,False,False
2004-08-04 05:00:00,26.8,50.9,1.7693,,,False,False
2004-08-04 06:00:00,25.0,57.0,1.7792,,,False,False
2004-08-04 07:00:00,26.2,52.8,1.7729,,,False,False
2004-08-04 08:00:00,28.3,47.6,1.7981,,,False,False
2004-08-04 09:00:00,29.9,42.1,1.7474,,,False,False
2004-08-04 10:00:00,33.0,35.4,1.7504,,,False,False
2004-08-04 11:00:00,35.6,30.6,1.7493,,,False,False
2004-08-04 12:00:00,37.1,27.9,1.7309,,,False,False
2004-08-04 13:00:00,37.9,25.7,1.6651,,,False,False
2004-08-04 14:00:00,37.2,23.6,1.4764,,,False,False
2004-08-04 15:00:00,39.1,21.7,1.5031,,,False,False
2004-08-04 16:00:00,39.3,22.0,1.5366,,,False,False
2004-08-04 17:00:00,38.2,23.8,1.5666,,,False,False
2004-08-04 18:00:00,34.0,33.2,1.7395,,,False,False
2004-08-04 19:00:00,25.5,58.6,1.8891,,,False,False
2004-08-04 20:00:00,27.2,46.0,1.6376,,,False,False
2004-08-04 21:00:00,27.6,45.2,1.6479,,,False,False
2004-08-04 22:00:00,25.4,52.7,1.6867,,,False,False
2004-08-04 23:00:00,26.1,49.4,1.6491,,,False,False
2004-08-05 00:00:00,25.0,53.6,1.6721,,,False,False
2004-08-05 01:00:00,25.4,52.9,1.698,,,False,False
2004-08-05 02:00:00,25.4,54.4,1.7384,,,False,False
2004-08-05 03:00:00,25.4,54.6,1.7432,,,False,False
2004-08-05 04:00:00,24.5,57.1,1.7327,,,False,False
2004-08-05 05:00:00,22.8,63.7,1.7392,,,False,False
2004-08-05 06:00:00,22.6,64.1,1.7358,,,False,False
2004-08-05 07:00:00,24.3,58.0,1.7429,,,False,False
2004-08-05 08:00:00,26.5,50.4,1.7215,,,False,False
2004-08-05 09:00:00,28.1,45.4,1.697,,,False,False
2004-08-05 10:00:00,31.7,36.7,1.6843,,,False,False
2004-08-05 11:00:00,35.8,28.7,1.6626,,115.0,False,False
2004-08-05 12:00:00,36.8,27.2,1.6623,,108.0,False,False
2004-08-05 13:00:00,38.3,24.5,1.622,,86.0,False,False
2004-08-05 14:00:00,34.2,30.8,1.6299,,84.0,False,False
2004-08-05 15:00:00,28.7,51.4,1.9871,,97.0,False,False
2004-08-05 16:00:00,23.9,69.1,2.0202,,102.0,False,False
2004-08-05 17:00:00,21.5,78.8,1.9939,,102.0,False,False
2004-08-05 18:00:00,21.6,78.5,1.994,,99.0,False,False
2004-08-05 19:00:00,21.5,78.4,1.9818,,97.0,False,False
2004-08-05 20:00:00,20.8,80.9,1.9637,,101.0,False,False
2004-08-05 21:00:00,20.7,81.8,1.9717,,92.0,False,False
2004-08-05 22:00:00,23.1,70.1,1.9582,,70.0,False,False
2004-08-05 23:00:00,22.7,68.4,1.8627,,72.0,False,False
2004-08-06 00:00:00,22.1,72.6,1.9105,,80.0,False,False
2004-08-06 01:00:00,21.8,74.1,1.915,,71.0,False,False
2004-08-06 02:00:00,21.9,72.8,1.8944,,69.0,False,False
2004-08-06 03:00:00,21.7,73.2,1.8763,,,False,False
2004-08-06 04:00:00,21.4,75.5,1.9033,,55.0,False,False
2004-08-06 05:00:00,21.4,75.5,1.9069,0.7,57.0,False,False
2004-08-06 06:00:00,21.9,74.9,1.9396,1.2,56.0,False,False
2004-08-06 07:00:00,22.0,75.9,1.9817,2.3,72.0,False,False
2004-08-06 08:00:00,22.5,74.9,2.019,3.0,84.0,False,False
2004-08-06 09:00:00,24.5,66.2,2.0011,2.9,97.0,False,False
2004-08-06 10:00:00,25.6,61.2,1.9808,2.6,107.0,False,False
2004-08-06 11:00:00,29.3,48.4,1.9367,2.6,117.0,False,False
2004-08-06 12:00:00,33.5,36.0,1.8395,2.6,120.0,False,False
2004-08-06 13:00:00,35.6,29.8,1.7045,2.1,110.0,False,False
2004-08-06 14:00:00,33.7,33.4,1.7186,1.7,104.0,False,False
2004-08-06 15:00:00,34.1,33.3,1.7509,1.9,110.0,False,False
2004-08-06 16:00:00,31.5,43.5,1.9797,2.5,111.0,False,False
2004-08-06 17:00:00,32.5,40.6,1.9481,1.1,64.0,False,False
2004-08-06 18:00:00,29.8,45.2,1.8642,2.1,92.0,False,False
2004-08-06 19:00:00,27.7,49.9,1.8189,2.6,114.0,False,False
2004-08-06 20:00:00,26.4,54.6,1.8459,2.6,116.0,False,False
2004-08-06 21:00:00,25.5,58.0,1.8611,1.7,94.0,False,False
2004-08-06 22:00:00,25.1,59.9,1.8797,1.5,77.0,False,False
2004-08-06 23:00:00,24.1,63.5,1.8828,1.8,74.0,False,False
2004-08-07 00:00:00,23.8,65.0,1.8897,1.4,62.0,False,False
2004-08-07 01:00:00,23.4,64.9,1.843,1.2,57.0,False,False
2004-08-07 02:00:00,24.4,58.6,1.7714,0.7,45.0,False,False
2004-08-07 03:00:00,23.3,63.3,1.7895,0.6,,False,False
2004-08-07 04:00:00,21.9,67.1,1.7414,0.7,49.0,False,False
2004-08-07 05:00:00,23.6,61.2,1.7588,0.5,45.0,False,False
2004-08-07 06:00:00,22.6,63.4,1.7136,0.6,44.0,False,False
2004-08-07 07:00:00,22.9,62.6,1.7253,0.9,43.0,False,False
2004-08-07 08:00:00,23.3,61.8,1.7504,1.2,51.0,False,False
2004-08-07 09:00:00,25.4,56.2,1.7961,2.0,84.0,False,False
2004-08-07 10:00:00,30.6,41.9,1.8104,1.9,96.0,False,False
2004-08-07 11:00:00,33.5,34.0,1.73,1.7,88.0,False,False
2004-08-07 12:00:00,35.5,29.8,1.7004,1.2,67.0,False,False
2004-08-07 13:00:00,37.5,24.7,1.5637,1.1,64.0,False,False
2004-08-07 14:00:00,35.1,25.2,1.402,1.0,54.0,False,False
2004-08-07 15:00:00,38.1,21.1,1.3863,1.0,56.0,False,False
2004-08-07 16:00:00,38.5,21.8,1.4653,1.0,68.0,False,False
2004-08-07 17:00:00,36.8,29.5,1.8037,1.2,67.0,False,False
2004-08-07 18:00:00,34.9,33.4,1.8384,1.6,95.0,False,False
2004-08-07 19:00:00,32.2,37.4,1.7655,1.6,86.0,False,False
2004-08-07 20:00:00,29.7,41.7,1.7081,1.6,93.0,False,False
2004-08-07 21:00:00,27.7,47.4,1.7344,1.3,68.0,False,False
2004-08-07 22:00:00,27.3,49.4,1.7602,1.9,95.0,False,False
2004-08-07 23:00:00,26.3,51.3,1.7251,1.9,93.0,False,False
2004-08-08 00:00:00,25.7,54.1,1.7546,1.5,69.0,False,False
2004-08-08 01:00:00,25.4,55.1,1.7628,1.1,55.0,False,False
2004-08-08 02:00:00,24.9,57.3,1.7822,0.8,39.0,False,False
2004-08-08 03:00:00,24.1,61.8,1.8339,0.9,,False,False
2004-08-08 04:00:00,23.9,61.2,1.7871,0.6,33.0,False,False
2004-08-08 05:00:00,23.8,61.3,1.7881,0.6,29.0,False,False
2004-08-08 06:00:00,23.4,61.7,1.7495,0.7,36.0,False,False
2004-08-08 07:00:00,24.3,58.4,1.7508,0.6,38.0,False,False
2004-08-08 08:00:00,25.1,56.6,1.7798,1.0,47.0,False,False
2004-08-08 09:00:00,27.3,51.3,1.835,1.2,64.0,False,False
2004-08-08 10:00:00,29.5,45.9,1.8662,1.0,49.0,False,False
2004-08-08 11:00:00,27.6,52.4,1.9055,1.3,64.0,False,False
2004-08-08 12:00:00,25.4,68.0,2.1806,1.4,79.0,False,False
2004-08-08 13:00:00,32.2,40.3,1.8999,0.8,45.0,False,False
2004-08-08 14:00:00,31.6,38.9,1.7838,0.6,30.0,False,False
2004-08-08 15:00:00,33.0,37.3,1.8481,0.7,35.0,False,False
2004-08-08 16:00:00,35.1,32.1,1.7841,0.8,37.0,False,False
2004-08-08 17:00:00,35.0,31.1,1.7173,0.9,46.0,False,False
2004-08-08 18:00:00,33.8,32.1,1.6596,1.0,54.0,False,False
2004-08-08 19:00:00,31.1,38.8,1.7295,1.5,79.0,False,False
2004-08-08 20:00:00,29.0,46.1,1.8141,1.5,79.0,False,False
2004-08-08 21:00:00,28.1,50.6,1.8969,1.7,98.0,False,False
2004-08-08 22:00:00,27.1,54.7,1.9284,1.9,93.0,False,False
2004-08-08 23:00:00,26.6,56.4,1.9349,1.7,89.0,False,False
2004-08-09 00:00:00,25.8,60.4,1.9759,1.2,57.0,False,False
2004-08-09 01:00:00,25.5,61.6,1.9804,1.1,51.0,False,False
2004-08-09 02:00:00,24.9,63.5,1.9647,0.8,39.0,False,False
2004-08-09 03:00:00,24.3,65.1,1.9475,0.5,,False,False
2004-08-09 04:00:00,23.8,65.7,1.9079,,30.0,False,False
2004-08-09 05:00:00,23.2,68.0,1.9045,0.7,46.0,False,False
2004-08-09 06:00:00,23.2,67.5,1.899,1.2,55.0,False,False
2004-08-09 07:00:00,24.3,63.3,1.8929,2.3,63.0,False,False
2004-08-09 08:00:00,25.5,59.7,1.9193,2.5,42.0,False,False
2004-08-09 09:00:00,27.7,52.5,1.9138,2.4,5.0,False,False
2004-08-09 10:00:00,31.8,38.9,1.8005,1.4,39.0,False,False
2004-08-09 11:00:00,32.7,34.1,1.6592,1.2,39.0,False,False
2004-08-09 12:00:00,34.3,31.5,1.6745,1.6,71.0,False,False
2004-08-09 13:00:00,34.2,31.5,1.6675,1.4,65.0,False,False
2004-08-09 14:00:00,33.9,32.3,1.6809,1.2,71.0,False,False
2004-08-09 15:00:00,34.4,31.9,1.7005,1.5,72.0,False,False
2004-08-09 16:00:00,,,,1.4,76.0,False,False
2004-08-09 17:00:00,,,,1.5,75.0,False,False
2004-08-09 18:00:00,,,,1.7,86.0,False,False
2004-08-09 19:00:00,,,,2.2,96.0,False,False
2004-08-09 20:00:00,29.8,41.7,1.7167,1.9,95.0,False,False
2004-08-09 21:00:00,28.8,45.9,1.7884,1.6,74.0,False,False
2004-08-09 22:00:00,28.2,51.1,1.9221,1.5,76.0,False,False
2004-08-09 23:00:00,27.5,54.4,1.9705,1.4,66.0,False,False
2004-08-10 00:00:00,27.4,55.0,1.9827,1.0,49.0,False,False
2004-08-10 01:00:00,28.1,51.6,1.9269,0.7,29.0,False,False
2004-08-10 02:00:00,26.3,56.5,1.9027,0.5,11.0,False,False
2004-08-10 03:00:00,24.4,65.0,1.9612,0.5,,False,False
2004-08-10 04:00:00,24.4,63.6,1.9218,0.5,25.0,False,False
2004-08-10 05:00:00,23.5,67.4,1.9305,0.7,34.0,False,False
2004-08-10 06:00:00,23.4,65.7,1.872,1.2,42.0,False,False
2004-08-10 07:00:00,24.5,61.3,1.8522,2.2,47.0,False,False
2004-08-10 08:00:00,26.0,55.8,1.8536,2.9,62.0,False,False
2004-08-10 09:00:00,28.5,48.5,1.8607,2.6,81.0,False,False
2004-08-10 10:00:00,33.6,35.7,1.8229,2.6,90.0,False,False
2004-08-10 11:00:00,36.5,28.9,1.7359,2.2,95.0,False,False
2004-08-10 12:00:00,39.0,23.7,1.6346,1.5,86.0,False,False
2004-08-10 13:00:00,38.8,23.7,1.6093,0.9,64.0,False,False
2004-08-10 14:00:00,38.0,24.0,1.5686,1.0,62.0,False,False
2004-08-10 15:00:00,40.5,23.3,1.7416,1.1,75.0,False,False
2004-08-10 16:00:00,39.8,25.4,1.8213,1.2,88.0,False,False
2004-08-10 17:00:00,39.6,23.3,1.6535,1.8,126.0,False,False
2004-08-10 18:00:00,38.8,24.7,1.6772,1.8,96.0,False,False
2004-08-10 19:00:00,34.7,35.9,1.9528,1.7,79.0,False,False
2004-08-10 20:00:00,32.3,43.6,2.07,1.7,67.0,False,False
2004-08-10 21:00:00,30.7,48.1,2.0821,1.6,62.0,False,False
2004-08-10 22:00:00,29.5,50.6,2.0492,1.7,64.0,False,False
2004-08-10 23:00:00,28.8,52.0,2.0297,1.8,63.0,False,False
2004-08-11 00:00:00,28.2,55.0,2.0697,1.5,60.0,False,False
2004-08-11 01:00:00,27.2,59.1,2.0997,1.2,49.0,False,False
2004-08-11 02:00:00,26.7,60.7,2.0977,0.8,36.0,False,False
2004-08-11 03:00:00,26.9,60.3,2.1074,0.5,,False,False
2004-08-11 04:00:00,26.4,61.6,2.0931,0.5,24.0,False,True
2004-08-11 05:00:00,25.9,63.6,2.102,0.7,32.0,False,False
2004-08-11 06:00:00,26.1,63.7,2.117,1.1,42.0,False,False
2004-08-11 07:00:00,26.8,60.5,2.1008,1.4,42.0,False,False
2004-08-11 08:00:00,27.9,56.5,2.0895,1.7,51.0,False,False
2004-08-11 09:00:00,29.8,51.1,2.1054,1.8,58.0,False,False
2004-08-11 10:00:00,33.6,41.0,2.0995,1.8,67.0,False,False
2004-08-11 11:00:00,35.1,38.1,2.1144,1.7,68.0,False,False
2004-08-11 12:00:00,36.2,34.9,2.0578,1.3,56.0,False,False
2004-08-11 13:00:00,38.0,30.7,2.0022,1.3,47.0,False,False
2004-08-11 14:00:00,36.6,30.8,1.8617,1.0,46.0,False,False
2004-08-11 15:00:00,38.8,25.4,1.7282,1.0,50.0,False,False
2004-08-11 16:00:00,38.7,25.8,1.7426,1.4,65.0,False,False
2004-08-11 17:00:00,37.4,29.9,1.8848,1.6,69.0,False,False
2004-08-11 18:00:00,36.2,31.1,1.8371,1.4,63.0,False,False
2004-08-11 19:00:00,33.8,34.5,1.7788,1.7,69.0,False,False
2004-08-11 20:00:00,31.4,40.7,1.8377,1.4,57.0,False,False
2004-08-11 21:00:00,30.8,45.0,1.9733,1.5,59.0,False,False
2004-08-11 22:00:00,29.4,50.0,2.0181,1.4,54.0,False,False
2004-08-11 23:00:00,28.1,54.1,2.029,1.5,57.0,False,False
2004-08-12 00:00:00,27.3,57.8,2.0646,1.6,46.0,False,False
2004-08-12 01:00:00,26.7,60.6,2.0942,1.2,65.0,False,False
2004-08-12 02:00:00,25.9,64.5,2.1247,0.9,62.0,False,False
2004-08-12 03:00:00,25.6,63.5,2.0566,0.6,,False,False
2004-08-12 04:00:00,26.7,61.0,2.101,,25.0,False,False
2004-08-12 05:00:00,25.8,64.6,2.1195,0.7,37.0,False,False
2004-08-12 06:00:00,26.5,60.6,2.063,0.7,41.0,False,False
2004-08-12 07:00:00,26.4,61.7,2.0929,1.7,60.0,False,False
2004-08-12 08:00:00,27.5,60.1,2.1719,2.2,65.0,False,False
2004-08-12 09:00:00,29.4,53.1,2.1362,1.9,71.0,False,False
2004-08-12 10:00:00,33.4,39.9,2.0177,1.5,61.0,False,False
2004-08-12 11:00:00,33.2,39.2,1.9642,1.6,65.0,False,False
2004-08-12 12:00:00,34.5,35.1,1.8856,1.3,54.0,False,False
2004-08-12 13:00:00,37.1,30.5,1.8962,1.1,58.0,False,False
2004-08-12 14:00:00,35.9,32.1,1.8697,1.0,56.0,False,False
2004-08-12 15:00:00,37.3,28.0,1.7537,1.0,60.0,False,False
2004-08-12 16:00:00,38.1,26.3,1.7252,1.1,69.0,False,False
2004-08-12 17:00:00,37.1,27.2,1.6844,1.3,67.0,False,False
2004-08-12 18:00:00,35.2,31.2,1.7485,1.5,79.0,False,False
2004-08-12 19:00:00,32.1,38.7,1.819,1.6,86.0,False,False
2004-08-12 20:00:00,30.3,45.1,1.9129,1.5,79.0,False,False
2004-08-12 21:00:00,29.3,50.2,2.0127,1.3,67.0,False,False
2004-08-12 22:00:00,28.6,53.7,2.0691,1.2,65.0,False,False
2004-08-12 23:00:00,27.8,57.4,2.1107,1.6,67.0,False,False
2004-08-13 00:00:00,27.4,59.4,2.1395,1.4,62.0,False,False
2004-08-13 01:00:00,27.2,59.3,2.1059,1.1,48.0,False,False
2004-08-13 02:00:00,26.7,61.0,2.1005,0.7,33.0,False,False
2004-08-13 03:00:00,26.0,62.7,2.0737,0.4,,False,False
2004-08-13 04:00:00,25.4,63.1,2.0184,0.5,11.0,False,True
2004-08-13 05:00:00,26.1,60.3,2.012,0.5,34.0,False,False
2004-08-13 06:00:00,25.2,67.1,2.1164,0.8,52.0,False,False
2004-08-13 07:00:00,26.0,61.9,2.0511,1.6,80.0,False,False
2004-08-13 08:00:00,27.0,57.5,2.0183,1.6,86.0,False,False
2004-08-13 09:00:00,30.5,44.4,1.9076,1.4,77.0,False,False
2004-08-13 10:00:00,33.4,35.1,1.781,1.5,93.0,False,False
2004-08-13 11:00:00,35.7,29.0,1.6716,1.2,109.0,False,False
2004-08-13 12:00:00,35.8,27.7,1.6041,1.1,89.0,False,False
2004-08-13 13:00:00,36.3,27.4,1.6264,0.8,71.0,False,False
2004-08-13 14:00:00,33.6,28.8,1.4695,0.7,56.0,False,False
2004-08-13 15:00:00,35.2,20.5,1.1418,0.7,68.0,False,False
2004-08-13 16:00:00,35.0,22.4,1.2371,0.7,61.0,False,False
2004-08-13 17:00:00,34.0,25.2,1.314,1.0,70.0,False,False
2004-08-13 18:00:00,32.0,28.2,1.3204,1.0,76.0,False,False
2004-08-13 19:00:00,29.4,34.4,1.3899,1.2,78.0,False,False
2004-08-13 20:00:00,28.1,41.1,1.535,1.1,80.0,False,False
2004-08-13 21:00:00,26.9,47.5,1.6595,1.0,71.0,False,False
2004-08-13 22:00:00,26.6,50.4,1.724,1.2,74.0,False,False
2004-08-13 23:00:00,25.9,52.9,1.7478,1.4,90.0,False,False
2004-08-14 00:00:00,25.4,54.6,1.7483,1.3,78.0,False,False
2004-08-14 01:00:00,25.1,55.7,1.7471,1.0,63.0,False,False
2004-08-14 02:00:00,25.1,55.3,1.733,0.6,42.0,False,False
2004-08-14 03:00:00,25.0,56.0,1.7428,0.4,,False,False
2004-08-14 04:00:00,25.2,55.0,1.7405,0.4,27.0,False,False
2004-08-14 05:00:00,25.6,53.5,1.7291,0.4,29.0,False,False
2004-08-14 06:00:00,24.7,55.9,1.7114,0.5,41.0,False,False
2004-08-14 07:00:00,24.0,57.2,1.6835,1.1,61.0,False,False
2004-08-14 08:00:00,25.0,53.2,1.663,1.2,68.0,False,False
2004-08-14 09:00:00,28.0,43.4,1.6162,0.9,58.0,False,False
2004-08-14 10:00:00,31.6,35.5,1.6269,0.9,52.0,False,False
2004-08-14 11:00:00,35.0,29.0,1.6017,1.0,57.0,False,False
2004-08-14 12:00:00,35.3,27.6,1.5512,0.8,51.0,False,False
2004-08-14 13:00:00,36.2,24.1,1.4235,0.8,53.0,False,False
2004-08-14 14:00:00,34.8,24.5,1.3373,0.7,49.0,False,False
2004-08-14 15:00:00,38.2,19.6,1.2915,0.7,44.0,False,False
2004-08-14 16:00:00,38.9,20.3,1.382,0.7,48.0,False,False
2004-08-14 17:00:00,36.9,27.1,1.6683,0.7,46.0,False,False
2004-08-14 18:00:00,35.2,32.1,1.7898,0.9,56.0,False,False
2004-08-14 19:00:00,32.0,38.2,1.788,1.2,73.0,False,False
2004-08-14 20:00:00,29.8,41.8,1.7269,1.4,85.0,False,False
2004-08-14 21:00:00,28.2,45.9,1.7272,1.2,72.0,False,False
2004-08-14 22:00:00,27.1,48.2,1.7075,1.0,53.0,False,False
2004-08-14 23:00:00,26.7,49.5,1.7048,0.9,47.0,False,False
2004-08-15 00:00:00,26.1,50.8,1.6917,0.7,37.0,False,False
2004-08-15 01:00:00,25.7,52.5,1.7077,0.5,34.0,False,False
2004-08-15 02:00:00,24.8,55.4,1.7054,0.5,33.0,False,False
2004-08-15 03:00:00,23.8,57.5,1.6723,0.4,,False,False
2004-08-15 04:00:00,22.4,62.2,1.6648,,27.0,False,False
2004-08-15 05:00:00,22.5,61.8,1.6654,0.4,27.0,False,False
2004-08-15 06:00:00,22.7,59.2,1.6139,0.4,27.0,False,False
2004-08-15 07:00:00,23.0,58.4,1.6223,0.5,28.0,False,False
2004-08-15 08:00:00,23.9,56.3,1.6489,0.7,36.0,False,False
2004-08-15 09:00:00,26.3,50.1,1.6889,1.1,59.0,False,False
2004-08-15 10:00:00,32.1,34.0,1.6039,1.0,56.0,False,False
2004-08-15 11:00:00,35.8,25.7,1.4861,1.2,70.0,False,False
2004-08-15 12:00:00,38.3,19.8,1.3067,1.1,36.0,False,False
2004-08-15 13:00:00,37.3,20.5,1.286,0.6,17.0,False,False
2004-08-15 14:00:00,36.3,18.4,1.0976,0.4,14.0,False,False
2004-08-15 15:00:00,36.8,16.9,1.0347,0.4,24.0,False,False
2004-08-15 16:00:00,37.9,15.9,1.0296,0.5,36.0,False,False
2004-08-15 17:00:00,36.7,17.1,1.0398,0.6,43.0,False,False
2004-08-15 18:00:00,33.8,21.9,1.1303,0.8,60.0,False,False
2004-08-15 19:00:00,32.6,24.6,1.1885,1.0,81.0,False,False
2004-08-15 20:00:00,30.6,28.4,1.2247,1.1,87.0,False,False
2004-08-15 21:00:00,29.4,30.5,1.2288,1.1,85.0,False,False
2004-08-15 22:00:00,28.4,34.4,1.314,1.6,91.0,False,False
2004-08-15 23:00:00,28.3,34.1,1.2951,0.9,55.0,False,False
2004-08-16 00:00:00,27.8,35.2,1.2968,0.7,42.0,False,False
2004-08-16 01:00:00,25.3,39.7,1.2656,0.7,43.0,False,False
2004-08-16 02:00:00,24.5,41.5,1.2589,0.5,20.0,False,False
2004-08-16 03:00:00,24.8,39.8,1.2231,0.4,,False,False
2004-08-16 04:00:00,23.3,41.9,1.1856,0.3,23.0,False,False
2004-08-16 05:00:00,21.5,45.6,1.1558,0.4,43.0,False,False
2004-08-16 06:00:00,21.3,47.0,1.1793,0.9,68.0,False,False
2004-08-16 07:00:00,22.2,45.0,1.1867,1.3,62.0,False,False
2004-08-16 08:00:00,23.6,40.8,1.1746,1.6,65.0,False,False
2004-08-16 09:00:00,27.1,32.4,1.1462,2.1,93.0,False,False
2004-08-16 10:00:00,33.4,20.1,1.0142,2.0,110.0,False,False
2004-08-16 11:00:00,35.3,17.0,0.9546,1.4,106.0,False,False
2004-08-16 12:00:00,37.4,14.7,0.9295,1.4,77.0,False,False
2004-08-16 13:00:00,38.6,14.6,0.9821,0.9,60.0,False,False
2004-08-16 14:00:00,35.8,17.8,1.0274,0.8,67.0,False,False
2004-08-16 15:00:00,38.4,16.4,1.0957,0.8,57.0,False,False
2004-08-16 16:00:00,39.7,15.3,1.0963,1.0,60.0,False,False
2004-08-16 17:00:00,38.8,15.8,1.0706,1.3,69.0,False,False
2004-08-16 18:00:00,35.2,22.3,1.2467,1.3,77.0,False,False
2004-08-16 19:00:00,31.7,28.2,1.2962,1.3,77.0,False,False
2004-08-16 20:00:00,30.4,30.9,1.3219,1.6,87.0,False,False
2004-08-16 21:00:00,29.5,32.1,1.3005,1.4,88.0,False,False
2004-08-16 22:00:00,28.0,34.9,1.2989,1.3,84.0,False,False
2004-08-16 23:00:00,28.2,36.6,1.3722,1.0,65.0,False,False
2004-08-17 00:00:00,26.5,40.7,1.3873,0.9,54.0,False,False
2004-08-17 01:00:00,28.3,36.7,1.3878,0.6,37.0,False,False
2004-08-17 02:00:00,25.7,43.8,1.4233,0.5,36.0,False,False
2004-08-17 03:00:00,24.3,49.0,1.4666,0.5,,False,False
2004-08-17 04:00:00,24.3,48.3,1.4449,0.4,29.0,False,False
2004-08-17 05:00:00,23.6,49.2,1.4153,0.4,25.0,False,False
2004-08-17 06:00:00,22.2,53.9,1.4201,1.0,41.0,False,False
2004-08-17 07:00:00,22.5,52.3,1.41,2.2,68.0,False,False
2004-08-17 08:00:00,24.3,47.8,1.4321,2.5,82.0,False,False
2004-08-17 09:00:00,27.3,40.7,1.4548,2.3,137.0,False,False
2004-08-17 10:00:00,33.3,28.2,1.4189,2.0,119.0,False,False
2004-08-17 11:00:00,35.3,23.1,1.2989,,,False,False
2004-08-17 12:00:00,36.1,21.3,1.2502,,,False,False
2004-08-17 13:00:00,38.5,18.0,1.2055,,,False,False
2004-08-17 14:00:00,36.5,20.8,1.2446,,,False,False
2004-08-17 15:00:00,38.8,19.1,1.3035,,,False,False
2004-08-17 16:00:00,38.8,19.8,1.3513,,,False,False
2004-08-17 17:00:00,38.1,19.7,1.2928,,,False,False
2004-08-17 18:00:00,36.1,20.7,1.2151,,,False,False
2004-08-17 19:00:00,32.8,24.3,1.1894,,,False,False
2004-08-17 20:00:00,30.4,29.8,1.2712,,,False,False
2004-08-17 21:00:00,29.1,33.6,1.3314,,,False,False
2004-08-17 22:00:00,28.6,35.7,1.3726,,,False,False
2004-08-17 23:00:00,28.0,36.1,1.3425,,,False,False
2004-08-18 00:00:00,25.8,39.5,1.2949,,,False,False
2004-08-18 01:00:00,25.1,40.1,1.2544,,,False,False
2004-08-18 02:00:00,24.4,42.5,1.2854,,,False,False
2004-08-18 03:00:00,23.0,46.2,1.2783,,,False,False
2004-08-18 04:00:00,22.5,46.7,1.261,,,False,False
2004-08-18 05:00:00,22.9,45.7,1.2621,,,False,False
2004-08-18 06:00:00,23.8,41.8,1.2149,,,False,False
2004-08-18 07:00:00,24.4,42.6,1.2866,,,False,False
2004-08-18 08:00:00,27.3,36.8,1.3189,,,False,False
2004-08-18 09:00:00,29.6,35.4,1.4426,,,False,False
2004-08-18 10:00:00,34.6,28.3,1.5338,,,False,False
2004-08-18 11:00:00,33.1,32.6,1.6188,,,False,False
2004-08-18 12:00:00,33.3,33.1,1.6642,,,False,False
2004-08-18 13:00:00,34.6,30.1,1.6296,,,False,False
2004-08-18 14:00:00,34.9,29.5,1.6275,,,False,False
2004-08-18 15:00:00,35.6,28.5,1.6293,,,False,False
2004-08-18 16:00:00,36.4,27.1,1.6226,1.4,71.0,False,False
2004-08-18 17:00:00,36.8,26.2,1.5984,1.7,78.0,False,False
2004-08-18 18:00:00,36.4,26.8,1.6038,1.5,72.0,False,False
2004-08-18 19:00:00,33.3,32.8,1.6527,1.7,74.0,False,False
2004-08-18 20:00:00,31.3,39.5,1.7798,1.6,70.0,False,False
2004-08-18 21:00:00,29.9,44.7,1.8511,1.4,55.0,False,False
2004-08-18 22:00:00,29.1,48.4,1.9186,1.4,54.0,False,False
2004-08-18 23:00:00,28.0,52.9,1.964,1.4,53.0,False,False
2004-08-19 00:00:00,27.7,53.0,1.9423,1.2,46.0,False,False
2004-08-19 01:00:00,27.7,52.6,1.9202,0.9,38.0,False,False
2004-08-19 02:00:00,28.3,49.5,1.8782,0.6,30.0,False,False
2004-08-19 03:00:00,28.8,49.0,1.9112,0.4,,False,False
2004-08-19 04:00:00,27.7,52.5,1.923,0.5,16.0,False,False
2004-08-19 05:00:00,27.5,53.0,1.9097,0.5,12.0,False,False
2004-08-19 06:00:00,27.1,54.4,1.9168,0.8,38.0,False,False
2004-08-19 07:00:00,27.6,52.1,1.8936,1.4,56.0,False,False
2004-08-19 08:00:00,29.0,48.5,1.9133,1.2,57.0,False,False
2004-08-19 09:00:00,31.0,42.9,1.8909,1.0,39.0,False,False
2004-08-19 10:00:00,32.5,39.4,1.8982,1.2,47.0,False,False
2004-08-19 11:00:00,36.9,30.9,1.8934,1.1,35.0,False,False
2004-08-19 12:00:00,36.2,30.6,1.8105,1.2,44.0,False,False
2004-08-19 13:00:00,37.7,27.7,1.778,1.1,43.0,False,False
2004-08-19 14:00:00,37.1,27.2,1.6874,1.0,34.0,False,False
2004-08-19 15:00:00,39.5,24.3,1.7216,1.0,36.0,False,False
2004-08-19 16:00:00,39.9,23.8,1.7127,1.2,44.0,False,False
2004-08-19 17:00:00,39.6,24.3,1.7255,1.7,63.0,False,False
2004-08-19 18:00:00,37.2,29.1,1.8185,1.7,60.0,False,False
2004-08-19 19:00:00,33.9,37.1,1.9264,1.7,66.0,False,False
2004-08-19 20:00:00,31.6,43.6,1.9944,1.7,68.0,False,False
2004-08-19 21:00:00,30.3,47.3,2.0034,,,False,False
2004-08-19 22:00:00,29.8,49.1,2.0248,,,False,False
2004-08-19 23:00:00,29.0,51.7,2.0375,,,False,False
2004-08-20 00:00:00,28.5,52.1,2.0036,,,False,False
2004-08-20 01:00:00,27.7,53.7,1.9661,,,False,False
2004-08-20 02:00:00,27.4,53.5,1.9267,,,False,False
2004-08-20 03:00:00,28.5,48.7,1.872,,,False,False
2004-08-20 04:00:00,28.9,48.4,1.8982,,,False,False
2004-08-20 05:00:00,27.1,54.8,1.9309,,,False,False
2004-08-20 06:00:00,26.1,59.0,1.9669,,,False,False
2004-08-20 07:00:00,26.7,58.0,2.0023,,,False,False
2004-08-20 08:00:00,27.9,54.9,2.0353,,,False,False
2004-08-20 09:00:00,29.7,50.5,2.0767,,,False,False
2004-08-20 10:00:00,32.2,41.4,1.9624,,,False,False
2004-08-20 11:00:00,35.6,32.2,1.8408,,,False,False
2004-08-20 12:00:00,35.7,31.4,1.8025,,,False,False
2004-08-20 13:00:00,35.5,34.9,1.9841,,,False,False
2004-08-20 14:00:00,35.0,35.5,1.962,,,False,False
2004-08-20 15:00:00,35.1,34.6,1.9255,,,False,False
2004-08-20 16:00:00,36.8,30.5,1.8572,,,False,False
2004-08-20 17:00:00,34.5,34.7,1.8667,,,False,False
2004-08-20 18:00:00,33.0,38.1,1.8813,,,False,False
2004-08-20 19:00:00,30.8,43.1,1.8761,,,False,False
2004-08-20 20:00:00,29.1,46.9,1.8652,,,False,False
2004-08-20 21:00:00,28.2,49.8,1.8795,,,False,False
2004-08-20 22:00:00,27.5,50.4,1.823,,,False,False
2004-08-20 23:00:00,27.3,49.1,1.7503,,,False,False
2004-08-21 00:00:00,26.7,46.7,1.6121,,,False,False
2004-08-21 01:00:00,26.0,45.0,1.4913,,,False,False
2004-08-21 02:00:00,25.0,47.3,1.4771,,,False,False
2004-08-21 03:00:00,25.3,44.3,1.4032,,,False,False
2004-08-21 04:00:00,24.3,46.3,1.3857,,,False,False
2004-08-21 05:00:00,24.8,43.4,1.3347,,,False,False
2004-08-21 06:00:00,24.5,40.6,1.2327,,,False,False
2004-08-21 07:00:00,25.7,36.9,1.1991,,,False,False
2004-08-21 08:00:00,26.8,35.0,1.2175,,,False,False
2004-08-21 09:00:00,28.0,34.9,1.3008,,,False,False
2004-08-21 10:00:00,29.0,34.1,1.3445,,,False,False
2004-08-21 11:00:00,30.4,30.8,1.3155,,,False,False
2004-08-21 12:00:00,32.4,26.3,1.2523,,,False,False
2004-08-21 13:00:00,31.0,28.9,1.277,,,False,False
2004-08-21 14:00:00,29.3,33.1,1.322,,,False,False
2004-08-21 15:00:00,26.9,35.2,1.2334,,,False,False
2004-08-21 16:00:00,28.1,34.2,1.2802,,,False,False
2004-08-21 17:00:00,28.5,29.4,1.1298,,,False,False
2004-08-21 18:00:00,27.3,31.0,1.111,,,False,False
2004-08-21 19:00:00,25.4,36.2,1.1562,,,False,False
2004-08-21 20:00:00,24.6,38.0,1.158,,,False,False
2004-08-21 21:00:00,24.3,41.6,1.2467,,,False,False
2004-08-21 22:00:00,24.9,40.8,1.2696,,,False,False
2004-08-21 23:00:00,23.8,44.7,1.3019,,,False,False
2004-08-22 00:00:00,22.8,49.8,1.367,,,False,False
2004-08-22 01:00:00,22.8,49.4,1.3568,,,False,False
2004-08-22 02:00:00,20.9,57.4,1.4037,,,False,False
2004-08-22 03:00:00,20.5,60.6,1.447,,,False,False
2004-08-22 04:00:00,19.6,63.7,1.4396,,,False,False
2004-08-22 05:00:00,19.4,64.5,1.4394,,,False,False
2004-08-22 06:00:00,18.6,67.4,1.4302,,,False,False
2004-08-22 07:00:00,19.6,63.7,1.4419,,,False,False
2004-08-22 08:00:00,21.7,56.4,1.4496,,,False,False
2004-08-22 09:00:00,25.2,47.4,1.4978,,,False,False
2004-08-22 10:00:00,30.4,34.1,1.4577,,,False,False
2004-08-22 11:00:00,33.4,25.1,1.2665,,,False,False
2004-08-22 12:00:00,35.5,18.2,1.0376,,,False,False
2004-08-22 13:00:00,35.1,15.7,0.8757,,,False,False
2004-08-22 14:00:00,33.3,17.1,0.8592,,,False,False
2004-08-22 15:00:00,36.6,11.8,0.7107,,,False,False
2004-08-22 16:00:00,38.3,10.0,0.6591,,,False,False
2004-08-22 17:00:00,37.3,10.9,0.6846,,,False,False
2004-08-22 18:00:00,34.6,20.0,1.0817,,,False,False
2004-08-22 19:00:00,30.4,28.2,1.204,,,False,False
2004-08-22 20:00:00,28.1,34.3,1.2821,,,False,False
2004-08-22 21:00:00,26.5,36.6,1.2484,,,False,False
2004-08-22 22:00:00,25.7,38.5,1.2548,,,False,False
2004-08-22 23:00:00,24.7,41.6,1.2751,,,False,False
2004-08-23 00:00:00,23.6,45.4,1.3067,,,False,False
2004-08-23 01:00:00,23.4,46.3,1.3134,,,False,False
2004-08-23 02:00:00,21.6,51.6,1.3171,,,False,False
2004-08-23 03:00:00,21.2,53.3,1.328,,,False,False
2004-08-23 04:00:00,20.6,55.1,1.3237,,,False,False
2004-08-23 05:00:00,22.1,49.6,1.3022,,,False,False
2004-08-23 06:00:00,21.1,51.6,1.2784,,,False,False
2004-08-23 07:00:00,21.8,48.6,1.2556,,,False,False
2004-08-23 08:00:00,21.7,49.1,1.2602,,,False,False
2004-08-23 09:00:00,25.3,41.7,1.3243,2.0,,False,False
2004-08-23 10:00:00,30.3,30.9,1.3096,,,False,False
2004-08-23 11:00:00,32.9,24.9,1.2269,1.6,83.0,False,False
2004-08-23 12:00:00,34.4,23.5,1.2541,1.3,64.0,False,False
2004-08-23 13:00:00,34.3,22.5,1.1974,1.0,50.0,False,False
2004-08-23 14:00:00,33.4,21.6,1.0927,0.9,53.0,False,False
2004-08-23 15:00:00,36.1,18.4,1.0827,1.0,57.0,False,False
2004-08-23 16:00:00,37.3,15.4,0.9692,1.1,55.0,False,False
2004-08-23 17:00:00,36.8,16.2,0.9922,1.5,70.0,False,False
2004-08-23 18:00:00,34.9,20.9,1.1463,1.5,68.0,False,False
2004-08-23 19:00:00,30.8,26.5,1.1603,1.6,73.0,False,False
2004-08-23 20:00:00,28.9,28.3,1.1078,1.7,92.0,False,False
2004-08-23 21:00:00,27.0,30.7,1.079,1.4,80.0,False,False
2004-08-23 22:00:00,26.6,30.6,1.0459,1.2,60.0,False,False
2004-08-23 23:00:00,26.0,33.1,1.0955,1.1,49.0,False,False
2004-08-24 00:00:00,24.1,37.9,1.1204,1.1,53.0,False,False
2004-08-24 01:00:00,22.2,43.1,1.1396,1.2,50.0,False,False
2004-08-24 02:00:00,22.8,41.3,1.1284,0.7,34.0,False,False
2004-08-24 03:00:00,21.2,43.8,1.088,0.5,,False,False
2004-08-24 04:00:00,21.7,42.6,1.0907,0.4,21.0,False,False
2004-08-24 05:00:00,20.2,47.1,1.1021,0.7,48.0,False,False
2004-08-24 06:00:00,20.1,47.8,1.1093,1.1,71.0,False,False
2004-08-24 07:00:00,20.6,45.5,1.0925,1.6,94.0,False,False
2004-08-24 08:00:00,22.4,41.1,1.0979,2.3,118.0,False,False
2004-08-24 09:00:00,25.0,36.6,1.143,1.6,105.0,False,False
2004-08-24 10:00:00,29.9,26.2,1.0891,2.0,122.0,False,False
2004-08-24 11:00:00,32.9,21.8,1.0714,1.6,121.0,False,False
2004-08-24 12:00:00,35.0,17.9,0.99,1.6,115.0,False,False
2004-08-24 13:00:00,34.6,18.2,0.9832,1.3,107.0,False,False
2004-08-24 14:00:00,33.8,22.8,1.1781,1.0,86.0,False,False
2004-08-24 15:00:00,36.3,19.5,1.1539,1.6,118.0,False,False
2004-08-24 16:00:00,38.3,17.9,1.181,2.0,129.0,False,False
2004-08-24 17:00:00,36.9,20.9,1.2864,1.7,90.0,False,False
2004-08-24 18:00:00,33.9,30.0,1.56,1.7,87.0,False,False
2004-08-24 19:00:00,29.8,43.4,1.7988,1.4,65.0,False,False
2004-08-24 20:00:00,27.5,50.4,1.8274,1.3,61.0,False,False
2004-08-24 21:00:00,27.5,50.4,1.8284,1.3,62.0,False,False
2004-08-24 22:00:00,28.1,48.0,1.7933,1.6,85.0,False,False
2004-08-24 23:00:00,26.9,49.6,1.7299,1.8,83.0,False,False
2004-08-25 00:00:00,26.0,48.0,1.5899,1.5,84.0,False,False
2004-08-25 01:00:00,24.9,50.6,1.5747,1.3,71.0,False,False
2004-08-25 02:00:00,23.7,53.2,1.5418,1.1,62.0,False,False
2004-08-25 03:00:00,24.5,50.9,1.5416,0.5,,False,False
2004-08-25 04:00:00,22.9,56.1,1.5492,0.6,40.0,False,False
2004-08-25 05:00:00,23.3,55.5,1.5636,0.7,50.0,False,False
2004-08-25 06:00:00,23.6,54.2,1.5583,1.1,78.0,False,False
2004-08-25 07:00:00,24.9,52.9,1.643,1.9,89.0,False,False
2004-08-25 08:00:00,26.4,50.8,1.7166,3.5,106.0,False,False
2004-08-25 09:00:00,28.1,47.4,1.7753,2.9,107.0,False,False
2004-08-25 10:00:00,30.2,43.2,1.823,2.2,93.0,False,False
2004-08-25 11:00:00,31.2,41.9,1.871,2.0,95.0,False,False
2004-08-25 12:00:00,33.9,36.0,1.8692,1.7,78.0,False,False
2004-08-25 13:00:00,33.9,34.1,1.7754,1.6,76.0,False,False
2004-08-25 14:00:00,34.4,30.6,1.6402,1.3,66.0,False,False
2004-08-25 15:00:00,35.3,28.5,1.6034,1.3,71.0,False,False
2004-08-25 16:00:00,36.3,28.3,1.6851,1.3,61.0,False,False
2004-08-25 17:00:00,35.3,29.4,1.6577,1.6,73.0,False,False
2004-08-25 18:00:00,32.5,34.1,1.6453,1.3,54.0,False,False
2004-08-25 19:00:00,29.1,42.1,1.6695,1.4,53.0,False,False
2004-08-25 20:00:00,27.8,35.6,1.3116,1.4,69.0,False,False
2004-08-25 21:00:00,27.0,30.0,1.0542,1.3,77.0,False,False
2004-08-25 22:00:00,26.3,37.3,1.2555,1.4,83.0,False,False
2004-08-25 23:00:00,25.2,40.8,1.2877,1.5,94.0,False,False
2004-08-26 00:00:00,24.3,43.3,1.2973,1.5,84.0,False,False
2004-08-26 01:00:00,23.3,45.3,1.2794,0.9,55.0,False,False
2004-08-26 02:00:00,24.1,44.0,1.3034,0.6,35.0,False,False
2004-08-26 03:00:00,23.8,44.8,1.3061,0.5,,False,False
2004-08-26 04:00:00,23.0,47.7,1.3232,,31.0,False,False
2004-08-26 05:00:00,23.7,46.7,1.3501,0.5,45.0,False,False
2004-08-26 06:00:00,,,,1.0,59.0,False,False
2004-08-26 07:00:00,,,,1.9,83.0,False,False
2004-08-26 08:00:00,,,,2.6,90.0,False,False
2004-08-26 09:00:00,,,,1.7,87.0,False,False
2004-08-26 10:00:00,,,,1.7,83.0,False,False
2004-08-26 11:00:00,,,,1.4,71.0,False,False
2004-08-26 12:00:00,,,,1.6,77.0,False,False
2004-08-26 13:00:00,,,,1.3,75.0,False,False
2004-08-26 14:00:00,,,,0.9,52.0,False,False
2004-08-26 15:00:00,,,,1.4,76.0,False,False
2004-08-26 16:00:00,,,,1.0,60.0,False,False
2004-08-26 17:00:00,,,,2.2,99.0,False,False
2004-08-26 18:00:00,,,,1.9,88.0,False,False
2004-08-26 19:00:00,,,,2.1,91.0,False,False
2004-08-26 20:00:00,,,,1.7,91.0,False,False
2004-08-26 21:00:00,,,,1.0,68.0,False,False
2004-08-26 22:00:00,,,,1.1,71.0,False,False
2004-08-26 23:00:00,,,,0.7,49.0,False,False
2004-08-27 00:00:00,,,,1.3,71.0,False,False
2004-08-27 01:00:00,,,,1.3,76.0,False,False
2004-08-27 02:00:00,,,,1.0,67.0,False,False
2004-08-27 03:00:00,,,,0.7,,False,False
2004-08-27 04:00:00,,,,0.6,58.0,False,False
2004-08-27 05:00:00,,,,0.7,53.0,False,False
2004-08-27 06:00:00,,,,1.1,52.0,False,False
2004-08-27 07:00:00,,,,2.4,68.0,False,False
2004-08-27 08:00:00,,,,2.4,69.0,False,False
2004-08-27 09:00:00,,,,2.3,83.0,False,False
2004-08-27 10:00:00,,,,2.2,99.0,False,False
2004-08-27 11:00:00,,,,1.8,101.0,False,False
2004-08-27 12:00:00,,,,2.0,104.0,False,False
2004-08-27 13:00:00,,,,1.5,89.0,False,False
2004-08-27 14:00:00,,,,1.4,88.0,False,False
2004-08-27 15:00:00,,,,1.5,89.0,False,False
2004-08-27 16:00:00,,,,1.6,92.0,False,False
2004-08-27 17:00:00,,,,1.9,109.0,False,False
2004-08-27 18:00:00,,,,2.0,107.0,False,False
2004-08-27 19:00:00,,,,2.3,116.0,False,False
2004-08-27 20:00:00,,,,2.4,124.0,False,False
2004-08-27 21:00:00,,,,1.8,112.0,False,False
2004-08-27 22:00:00,,,,1.7,99.0,False,False
2004-08-27 23:00:00,,,,1.2,85.0,False,False
2004-08-28 00:00:00,,,,0.8,69.0,False,False
2004-08-28 01:00:00,,,,0.7,58.0,False,False
2004-08-28 02:00:00,,,,0.6,49.0,False,False
2004-08-28 03:00:00,19.8,59.3,1.3505,0.6,,False,False
2004-08-28 04:00:00,20.0,59.3,1.3681,0.6,56.0,False,False
2004-08-28 05:00:00,22.5,48.6,1.3077,0.4,33.0,False,False
2004-08-28 06:00:00,19.5,57.0,1.2739,0.5,39.0,False,False
2004-08-28 07:00:00,19.6,56.1,1.2651,0.7,43.0,False,False
2004-08-28 08:00:00,20.7,53.3,1.287,1.2,62.0,False,False
2004-08-28 09:00:00,24.7,41.8,1.2839,1.7,81.0,False,False
2004-08-28 10:00:00,29.9,30.5,1.2616,1.8,102.0,False,False
2004-08-28 11:00:00,32.3,27.2,1.2933,1.5,86.0,False,False
2004-08-28 12:00:00,34.3,24.5,1.3021,1.2,37.0,False,False
2004-08-28 13:00:00,33.4,22.5,1.1398,1.1,64.0,False,False
2004-08-28 14:00:00,32.7,22.8,1.1069,,,False,False
2004-08-28 15:00:00,34.5,20.5,1.1028,,,False,False
2004-08-28 16:00:00,35.9,20.3,1.18,,,False,False
2004-08-28 17:00:00,35.8,23.0,1.3323,,,False,False
2004-08-28 18:00:00,33.5,29.0,1.4797,,,False,False
2004-08-28 19:00:00,29.8,39.6,1.6324,,,False,False
2004-08-28 20:00:00,27.9,43.1,1.6004,,,False,False
2004-08-28 21:00:00,27.3,44.5,1.5885,,,False,False
2004-08-28 22:00:00,26.0,47.6,1.5806,,,False,False
2004-08-28 23:00:00,25.3,52.9,1.6765,,,False,False
2004-08-29 00:00:00,24.5,56.3,1.7026,,,False,False
2004-08-29 01:00:00,23.5,59.8,1.7141,,,False,False
2004-08-29 02:00:00,22.6,62.6,1.6945,,,False,False
2004-08-29 03:00:00,21.8,64.6,1.6721,,,False,False
2004-08-29 04:00:00,21.0,66.9,1.6454,,,False,False
2004-08-29 05:00:00,21.2,66.4,1.6468,,,False,False
2004-08-29 06:00:00,21.0,66.5,1.6344,,,False,False
2004-08-29 07:00:00,21.3,64.1,1.6043,,,False,False
2004-08-29 08:00:00,22.7,58.1,1.5856,,,False,False
2004-08-29 09:00:00,25.1,51.8,1.6304,,,False,False
2004-08-29 10:00:00,29.5,39.0,1.5868,,,False,False
2004-08-29 11:00:00,32.3,31.8,1.5128,,,False,False
2004-08-29 12:00:00,33.6,28.9,1.4792,,,False,False
2004-08-29 13:00:00,31.9,28.2,1.3116,,,False,False
2004-08-29 14:00:00,32.5,25.9,1.2437,,,False,False
2004-08-29 15:00:00,34.1,23.4,1.2307,,,False,False
2004-08-29 16:00:00,36.2,21.4,1.2664,,,False,False
2004-08-29 17:00:00,35.6,22.6,1.2984,,,False,False
2004-08-29 18:00:00,33.6,25.7,1.3101,,,False,False
2004-08-29 19:00:00,29.9,35.2,1.4603,,,False,False
2004-08-29 20:00:00,28.3,39.2,1.4826,,,False,False
2004-08-29 21:00:00,27.0,43.0,1.5118,,,False,False
2004-08-29 22:00:00,26.2,46.8,1.5669,,,False,False
2004-08-29 23:00:00,25.1,51.5,1.621,,,False,False
2004-08-30 00:00:00,24.1,55.3,1.6363,,,False,False
2004-08-30 01:00:00,23.8,57.8,1.677,,,False,False
2004-08-30 02:00:00,23.7,56.2,1.6255,,,False,False
2004-08-30 03:00:00,24.8,52.2,1.6086,,,False,False
2004-08-30 04:00:00,22.9,59.4,1.6353,,,False,False
2004-08-30 05:00:00,22.0,62.3,1.6266,,,False,False
2004-08-30 06:00:00,21.5,64.0,1.6256,,,False,False
2004-08-30 07:00:00,22.6,60.3,1.6287,,,False,False
2004-08-30 08:00:00,23.8,56.5,1.64,,,False,False
2004-08-30 09:00:00,25.7,50.6,1.6475,,,False,False
2004-08-30 10:00:00,27.8,45.4,1.6751,,,False,False
2004-08-30 11:00:00,29.9,39.6,1.6397,,,False,False
2004-08-30 12:00:00,31.6,34.7,1.589,,,False,False
2004-08-30 13:00:00,31.5,34.4,1.5665,,,False,False
2004-08-30 14:00:00,31.2,35.0,1.5669,,,False,False
2004-08-30 15:00:00,33.0,31.4,1.5583,,,False,False
2004-08-30 16:00:00,33.8,29.2,1.5143,,,False,False
2004-08-30 17:00:00,33.0,29.5,1.4613,,,False,False
2004-08-30 18:00:00,32.3,30.2,1.4347,,,False,False
2004-08-30 19:00:00,28.4,38.4,1.4616,,,False,False
2004-08-30 20:00:00,26.9,43.2,1.5052,,,False,False
2004-08-30 21:00:00,26.0,43.6,1.4407,,,False,False
2004-08-30 22:00:00,25.0,47.6,1.4872,,,False,False
2004-08-30 23:00:00,24.6,50.9,1.5508,,,False,False
2004-08-31 00:00:00,24.0,55.6,1.6381,,,False,False
2004-08-31 01:00:00,23.5,58.3,1.6672,,,False,False
2004-08-31 02:00:00,22.7,60.8,1.6519,,,False,False
2004-08-31 03:00:00,24.1,55.5,1.6481,,,False,False
2004-08-31 04:00:00,22.5,60.9,1.6424,,,False,False
2004-08-31 05:00:00,22.0,64.5,1.6847,,,False,False
2004-08-31 06:00:00,22.3,62.9,1.6754,,,False,False
2004-08-31 07:00:00,23.1,60.0,1.6711,,,False,False
2004-08-31 08:00:00,24.7,55.1,1.6872,,,False,False
2004-08-31 09:00:00,27.7,46.1,1.6852,,,False,False
2004-08-31 10:00:00,29.8,38.8,1.6029,,,False,False
2004-08-31 11:00:00,31.5,32.6,1.478,,,False,False
2004-08-31 12:00:00,31.8,30.5,1.4083,,,False,False
2004-08-31 13:00:00,31.4,31.8,1.441,,,False,False
2004-08-31 14:00:00,32.5,28.7,1.3796,2.9,,False,False
2004-08-31 15:00:00,33.8,25.8,1.3338,1.9,101.0,False,False
2004-08-31 16:00:00,34.5,28.6,1.5393,1.4,71.0,False,False
2004-08-31 17:00:00,32.7,33.0,1.5987,2.0,82.0,False,False
2004-08-31 18:00:00,31.4,35.4,1.5972,2.7,104.0,False,False
2004-08-31 19:00:00,27.7,43.5,1.592,2.8,105.0,False,False
2004-08-31 20:00:00,26.2,47.8,1.5979,2.0,87.0,False,False
2004-08-31 21:00:00,25.7,48.7,1.5825,2.1,98.0,False,False
2004-08-31 22:00:00,25.2,50.1,1.58,2.0,105.0,False,False
2004-08-31 23:00:00,24.4,53.4,1.6031,1.8,104.0,False,False
2004-09-01 00:00:00,23.7,55.4,1.6031,1.9,96.0,False,False
2004-09-01 01:00:00,22.8,58.5,1.5992,1.3,79.0,False,False
2004-09-01 02:00:00,22.8,58.5,1.5985,0.7,61.0,False,False
2004-09-01 03:00:00,22.3,59.7,1.5889,0.5,,False,False
2004-09-01 04:00:00,20.8,64.9,1.571,0.5,48.0,False,False
2004-09-01 05:00:00,19.7,66.8,1.5184,0.6,63.0,False,False
2004-09-01 06:00:00,19.8,64.3,1.4678,1.3,92.0,False,False
2004-09-01 07:00:00,20.6,62.3,1.4915,3.6,99.0,False,False
2004-09-01 08:00:00,23.2,54.0,1.5143,4.9,117.0,False,False
2004-09-01 09:00:00,26.3,43.1,1.4542,3.9,142.0,False,False
2004-09-01 10:00:00,29.1,35.4,1.4008,2.2,121.0,False,False
2004-09-01 11:00:00,30.0,31.6,1.3176,1.9,122.0,False,False
2004-09-01 12:00:00,32.4,26.3,1.2594,2.2,108.0,False,False
2004-09-01 13:00:00,31.3,29.1,1.3054,2.0,80.0,False,False
2004-09-01 14:00:00,31.1,28.6,1.2718,1.7,93.0,False,False
2004-09-01 15:00:00,33.3,24.4,1.232,2.0,108.0,False,False
2004-09-01 16:00:00,35.5,21.2,1.2022,2.1,118.0,False,False
2004-09-01 17:00:00,34.6,22.0,1.189,3.2,149.0,False,False
2004-09-01 18:00:00,33.3,23.6,1.1842,4.0,171.0,False,False
2004-09-01 19:00:00,30.0,28.5,1.1896,4.4,154.0,False,False
2004-09-01 20:00:00,28.0,33.0,1.2264,3.0,122.0,False,False
2004-09-01 21:00:00,27.2,37.4,1.3279,2.2,126.0,False,False
2004-09-01 22:00:00,26.6,39.9,1.3657,1.7,121.0,False,False
2004-09-01 23:00:00,25.3,41.7,1.3247,1.9,125.0,False,False
2004-09-02 00:00:00,24.3,44.7,1.3432,2.0,126.0,False,False
2004-09-02 01:00:00,24.4,45.6,1.3779,1.5,96.0,False,False
2004-09-02 02:00:00,23.1,49.9,1.3891,0.8,73.0,False,False
2004-09-02 03:00:00,22.7,51.3,1.3977,0.6,,False,False
2004-09-02 04:00:00,21.8,54.1,1.4004,0.6,65.0,False,False
2004-09-02 05:00:00,21.0,56.9,1.3999,0.7,90.0,False,False
2004-09-02 06:00:00,21.8,55.5,1.4323,0.8,58.0,False,False
2004-09-02 07:00:00,21.6,57.2,1.4607,2.9,27.0,False,False
2004-09-02 08:00:00,22.8,54.2,1.4886,5.2,67.0,False,False
2004-09-02 09:00:00,26.2,45.0,1.5098,3.3,96.0,False,False
2004-09-02 10:00:00,30.8,34.8,1.5165,,,False,False
2004-09-02 11:00:00,34.1,28.8,1.5105,,,False,False
2004-09-02 12:00:00,35.9,24.7,1.437,,,False,False
2004-09-02 13:00:00,33.7,25.1,1.2915,,,False,False
2004-09-02 14:00:00,34.4,24.0,1.279,,,False,False
2004-09-02 15:00:00,36.4,20.3,1.214,,,False,False
2004-09-02 16:00:00,38.7,17.3,1.1729,,,False,False
2004-09-02 17:00:00,37.2,18.9,1.1774,,,False,False
2004-09-02 18:00:00,36.1,20.0,1.1767,,,False,False
2004-09-02 19:00:00,32.8,29.4,1.4344,,,False,False
2004-09-02 20:00:00,30.0,35.9,1.4958,,,False,False
2004-09-02 21:00:00,28.7,38.2,1.4794,,,False,False
2004-09-02 22:00:00,28.1,40.4,1.512,,,False,False
2004-09-02 23:00:00,27.4,41.4,1.4877,,,False,False
2004-09-03 00:00:00,26.4,44.0,1.4919,,,False,False
2004-09-03 01:00:00,24.9,47.9,1.4855,,,False,False
2004-09-03 02:00:00,24.0,50.3,1.476,,,False,False
2004-09-03 03:00:00,25.2,47.9,1.5129,,,False,False
2004-09-03 04:00:00,24.2,50.6,1.5011,,,False,False
2004-09-03 05:00:00,23.1,55.0,1.5357,,,False,False
2004-09-03 06:00:00,22.9,56.2,1.5522,,,False,False
2004-09-03 07:00:00,22.0,59.3,1.5523,,,False,False
2004-09-03 08:00:00,23.7,54.0,1.5627,,,False,False
2004-09-03 09:00:00,26.7,45.7,1.5747,,,False,False
2004-09-03 10:00:00,31.4,34.5,1.5599,,,False,False
2004-09-03 11:00:00,34.5,28.5,1.5324,,,False,False
2004-09-03 12:00:00,36.4,23.6,1.4064,,,False,False
2004-09-03 13:00:00,35.1,23.2,1.2884,,,False,False
2004-09-03 14:00:00,35.7,22.2,1.2765,,,False,False
2004-09-03 15:00:00,37.6,19.6,1.2534,,,False,False
2004-09-03 16:00:00,38.8,17.6,1.1979,,,False,False
2004-09-03 17:00:00,39.3,16.0,1.1138,4.6,,False,False
2004-09-03 18:00:00,37.0,23.6,1.4639,4.3,,False,False
2004-09-03 19:00:00,33.2,30.1,1.5095,4.9,,False,False
2004-09-03 20:00:00,31.0,33.1,1.462,4.0,,False,False
2004-09-03 21:00:00,29.5,33.4,1.3562,2.6,,False,False
2004-09-03 22:00:00,29.1,36.7,1.4502,1.3,,False,False
2004-09-03 23:00:00,27.8,40.7,1.5002,1.5,,False,False
2004-09-04 00:00:00,26.0,45.3,1.4999,2.2,,False,False
2004-09-04 01:00:00,25.8,45.4,1.487,1.2,,False,False
2004-09-04 02:00:00,25.4,45.9,1.4684,0.9,,False,False
2004-09-04 03:00:00,25.2,46.4,1.464,0.8,,False,False
2004-09-04 04:00:00,23.0,52.7,1.4568,0.8,,False,False
2004-09-04 05:00:00,22.1,54.5,1.4337,0.8,,False,False
2004-09-04 06:00:00,22.5,53.6,1.4422,1.0,,False,False
2004-09-04 07:00:00,22.0,55.4,1.4436,1.7,,False,False
2004-09-04 08:00:00,23.4,51.6,1.4639,1.9,,False,False
2004-09-04 09:00:00,26.7,43.0,1.4808,2.0,,False,False
2004-09-04 10:00:00,31.3,32.9,1.4771,2.2,,False,False
2004-09-04 11:00:00,34.8,27.1,1.4837,2.3,,False,False
2004-09-04 12:00:00,38.3,21.5,1.4263,2.3,,False,False
2004-09-04 13:00:00,37.1,21.2,1.3107,1.8,,False,False
2004-09-04 14:00:00,37.3,20.3,1.2771,1.4,,False,False
2004-09-04 15:00:00,38.3,19.3,1.2736,1.6,,False,False
2004-09-04 16:00:00,40.7,17.0,1.2793,2.3,,False,False
2004-09-04 17:00:00,39.5,18.5,1.3076,2.4,,False,False
2004-09-04 18:00:00,36.6,22.6,1.3664,2.1,,False,False
2004-09-04 19:00:00,32.8,28.2,1.3842,1.8,,False,False
2004-09-04 20:00:00,30.7,30.7,1.3338,1.7,,False,False
2004-09-04 21:00:00,30.1,28.7,1.2052,1.9,,False,False
2004-09-04 22:00:00,29.7,25.4,1.044,1.6,,False,False
2004-09-04 23:00:00,29.6,24.3,0.9889,2.6,,False,False
2004-09-05 00:00:00,28.0,29.1,1.0846,5.8,,False,False
2004-09-05 01:00:00,27.2,33.3,1.1788,3.0,,False,False
2004-09-05 02:00:00,27.5,30.9,1.1155,1.5,,False,False
2004-09-05 03:00:00,27.1,33.3,1.1762,0.9,,False,False
2004-09-05 04:00:00,26.4,35.1,1.1919,1.1,,False,False
2004-09-05 05:00:00,25.6,37.6,1.2131,0.9,,False,False
2004-09-05 06:00:00,25.4,38.6,1.2352,0.7,,False,False
2004-09-05 07:00:00,25.5,38.2,1.2296,0.6,,False,False
2004-09-05 08:00:00,27.0,34.3,1.2089,0.7,,False,False
2004-09-05 09:00:00,29.9,29.6,1.2296,0.8,,False,False
2004-09-05 10:00:00,31.9,26.8,1.2477,0.9,,False,False
2004-09-05 11:00:00,33.0,23.5,1.1583,1.0,,False,False
2004-09-05 12:00:00,34.5,19.3,1.0369,0.9,,False,False
2004-09-05 13:00:00,33.2,19.0,0.9533,0.7,,False,False
2004-09-05 14:00:00,32.2,20.5,0.9699,0.6,,False,False
2004-09-05 15:00:00,32.6,17.5,0.8467,0.6,,False,False
2004-09-05 16:00:00,33.0,17.5,0.8683,0.8,,False,False
2004-09-05 17:00:00,32.9,17.5,0.8622,0.9,,False,False
2004-09-05 18:00:00,31.6,18.0,0.8243,1.1,,False,False
2004-09-05 19:00:00,29.3,20.4,0.8162,1.7,,False,False
2004-09-05 20:00:00,27.8,24.4,0.9002,1.5,,False,False
2004-09-05 21:00:00,27.1,26.9,0.9524,1.6,,False,False
2004-09-05 22:00:00,26.3,29.5,0.9959,1.7,,False,False
2004-09-05 23:00:00,25.9,32.9,1.0826,1.3,,False,False
2004-09-06 00:00:00,25.3,36.9,1.1764,1.3,,False,False
2004-09-06 01:00:00,24.8,40.1,1.2378,1.0,,False,False
2004-09-06 02:00:00,24.3,42.9,1.2906,0.6,,False,False
2004-09-06 03:00:00,24.0,45.5,1.3404,0.5,,False,False
2004-09-06 04:00:00,23.9,47.4,1.3881,,,False,False
2004-09-06 05:00:00,23.5,49.1,1.3991,0.4,,False,False
2004-09-06 06:00:00,23.7,49.2,1.4195,0.7,,False,False
2004-09-06 07:00:00,23.6,49.6,1.4247,1.8,,False,False
2004-09-06 08:00:00,24.3,45.4,1.365,1.9,,False,False
2004-09-06 09:00:00,26.3,38.3,1.2932,1.7,,False,False
2004-09-06 10:00:00,27.6,34.2,1.2464,1.3,,False,False
2004-09-06 11:00:00,29.2,29.1,1.1586,1.4,,False,False
2004-09-06 12:00:00,29.2,28.6,1.1423,1.3,,False,False
2004-09-06 13:00:00,29.4,28.3,1.1434,1.4,,False,False
2004-09-06 14:00:00,29.8,28.0,1.1558,1.2,,False,False
2004-09-06 15:00:00,30.1,26.7,1.1217,1.3,,False,False
2004-09-06 16:00:00,30.1,27.2,1.1406,1.5,,False,False
2004-09-06 17:00:00,29.6,27.5,1.1229,2.3,,False,False
2004-09-06 18:00:00,29.6,27.7,1.1278,2.6,,False,False
2004-09-06 19:00:00,28.0,30.1,1.1226,2.9,,False,False
2004-09-06 20:00:00,26.8,33.8,1.1723,1.8,,False,False
2004-09-06 21:00:00,25.7,35.8,1.16,1.3,,False,False
2004-09-06 22:00:00,25.4,35.2,1.1255,1.3,,False,False
2004-09-06 23:00:00,25.0,37.3,1.1614,1.2,,False,False
2004-09-07 00:00:00,24.6,40.5,1.2362,1.2,,False,False
2004-09-07 01:00:00,24.2,43.8,1.3057,0.8,,False,False
2004-09-07 02:00:00,24.0,43.7,1.2876,0.6,,False,False
2004-09-07 03:00:00,21.9,48.3,1.2522,0.6,,False,False
2004-09-07 04:00:00,22.4,47.2,1.2593,0.6,,False,False
2004-09-07 05:00:00,22.9,46.5,1.2861,0.7,,False,False
2004-09-07 06:00:00,23.1,47.0,1.3122,1.3,64.0,False,False
2004-09-07 07:00:00,23.7,46.2,1.3376,2.5,72.0,False,False
2004-09-07 08:00:00,25.8,41.9,1.3688,3.4,73.0,False,False
2004-09-07 09:00:00,27.3,38.3,1.3669,2.1,64.0,False,False
2004-09-07 10:00:00,31.0,29.1,1.2885,2.2,74.0,False,False
2004-09-07 11:00:00,31.6,25.5,1.1638,1.7,89.0,False,False
2004-09-07 12:00:00,32.5,21.2,1.0173,2.1,,False,False
2004-09-07 13:00:00,31.7,20.5,0.9428,2.2,,False,False
2004-09-07 14:00:00,31.5,21.5,0.9768,1.4,,False,False
2004-09-07 15:00:00,31.6,20.8,0.9562,1.4,,False,False
2004-09-07 16:00:00,32.4,19.4,0.9279,1.6,,False,False
2004-09-07 17:00:00,31.7,20.3,0.9336,2.3,,False,False
2004-09-07 18:00:00,31.1,21.0,0.9337,3.3,,False,False
2004-09-07 19:00:00,28.9,25.4,0.9933,4.1,,False,False
2004-09-07 20:00:00,27.4,30.8,1.1112,3.3,,False,False
2004-09-07 21:00:00,26.3,34.1,1.1453,2.2,,False,False
2004-09-07 22:00:00,25.4,35.2,1.1288,,,False,False
2004-09-07 23:00:00,,,,,,False,False
2004-09-08 00:00:00,,,,,,False,False
2004-09-08 01:00:00,,,,,,False,False
2004-09-08 02:00:00,,,,,,False,False
2004-09-08 03:00:00,,,,,,False,False
2004-09-08 04:00:00,,,,,,False,False
2004-09-08 05:00:00,,,,,,False,False
2004-09-08 06:00:00,,,,,,False,False
2004-09-08 07:00:00,,,,,,False,False
2004-09-08 08:00:00,,,,,,False,False
2004-09-08 09:00:00,22.7,33.0,0.8987,,,False,False
2004-09-08 10:00:00,,,,,,False,False
2004-09-08 11:00:00,,,,,,False,False
2004-09-08 12:00:00,,,,,,False,False
2004-09-08 13:00:00,,,,,,False,False
2004-09-08 14:00:00,,,,,,False,False
2004-09-08 15:00:00,,,,,,False,False
2004-09-08 16:00:00,,,,,,False,False
2004-09-08 17:00:00,,,,3.4,,False,False
2004-09-08 18:00:00,32.4,19.8,0.9484,4.0,188.0,False,False
2004-09-08 19:00:00,29.9,22.3,0.9235,4.7,176.0,False,False
2004-09-08 20:00:00,28.2,24.8,0.936,3.8,163.0,False,False
2004-09-08 21:00:00,26.8,28.9,1.0019,2.8,155.0,False,False
2004-09-08 22:00:00,25.1,32.3,1.0131,2.6,146.0,False,False
2004-09-08 23:00:00,25.4,30.5,0.9722,2.0,131.0,False,False
2004-09-09 00:00:00,24.9,28.3,0.8775,1.4,119.0,False,False
2004-09-09 01:00:00,23.2,30.5,0.8558,1.2,98.0,False,False
2004-09-09 02:00:00,22.3,33.6,0.8959,0.6,89.0,False,False
2004-09-09 03:00:00,23.0,33.0,0.9184,0.3,,False,False
2004-09-09 04:00:00,21.4,35.7,0.8982,0.2,68.0,False,False
2004-09-09 05:00:00,21.7,33.4,0.8545,0.4,65.0,False,False
2004-09-09 06:00:00,20.3,35.5,0.8342,0.6,81.0,False,False
2004-09-09 07:00:00,19.7,37.5,0.8501,3.0,136.0,False,False
2004-09-09 08:00:00,21.0,35.6,0.8736,3.2,130.0,False,False
2004-09-09 09:00:00,25.0,28.9,0.9025,3.5,157.0,False,False
2004-09-09 10:00:00,31.0,21.9,0.9708,3.1,171.0,False,False
2004-09-09 11:00:00,34.9,18.5,1.0189,2.2,143.0,False,False
2004-09-09 12:00:00,37.1,15.0,0.9297,1.7,116.0,False,False
2004-09-09 13:00:00,35.0,17.3,0.9542,2.0,129.0,False,False
2004-09-09 14:00:00,35.1,17.5,0.9733,2.5,168.0,False,False
2004-09-09 15:00:00,35.4,16.6,0.9385,2.4,152.0,False,False
2004-09-09 16:00:00,38.4,13.8,0.9221,2.9,175.0,False,False
2004-09-09 17:00:00,37.6,14.5,0.9277,4.2,212.0,False,True
2004-09-09 18:00:00,35.2,16.6,0.9242,5.4,220.0,False,True
2004-09-09 19:00:00,31.2,25.5,1.1379,4.3,175.0,False,False
2004-09-09 20:00:00,29.3,30.7,1.229,3.6,165.0,False,False
2004-09-09 21:00:00,28.3,30.1,1.1392,2.0,136.0,False,False
2004-09-09 22:00:00,27.4,31.5,1.133,1.5,111.0,False,False
2004-09-09 23:00:00,26.2,35.7,1.1929,1.5,114.0,False,False
2004-09-10 00:00:00,25.2,38.1,1.2049,1.2,96.0,False,False
2004-09-10 01:00:00,24.4,39.1,1.1784,1.0,75.0,False,False
2004-09-10 02:00:00,23.7,39.1,1.1289,0.5,58.0,False,False
2004-09-10 03:00:00,24.2,38.5,1.1491,0.5,,False,False
2004-09-10 04:00:00,24.5,38.5,1.1688,0.4,41.0,False,False
2004-09-10 05:00:00,22.4,43.5,1.1624,0.5,55.0,False,False
2004-09-10 06:00:00,22.3,43.8,1.1631,0.7,73.0,False,False
2004-09-10 07:00:00,21.4,45.8,1.1515,2.4,108.0,False,False
2004-09-10 08:00:00,22.9,41.3,1.1383,4.1,147.0,False,False
2004-09-10 09:00:00,26.6,30.3,1.0378,3.0,150.0,False,False
2004-09-10 10:00:00,30.3,23.0,0.977,2.0,131.0,False,False
2004-09-10 11:00:00,32.8,18.9,0.9234,2.5,144.0,False,False
2004-09-10 12:00:00,34.3,17.7,0.9416,2.4,151.0,False,False
2004-09-10 13:00:00,33.3,18.9,0.9536,2.6,165.0,False,False
2004-09-10 14:00:00,33.0,20.1,0.9959,1.9,135.0,False,False
2004-09-10 15:00:00,33.6,19.6,1.0029,2.1,143.0,False,False
2004-09-10 16:00:00,34.9,18.4,1.0106,2.5,153.0,False,False
2004-09-10 17:00:00,33.4,20.3,1.027,2.7,149.0,False,False
2004-09-10 18:00:00,31.6,22.7,1.041,3.3,164.0,False,False
2004-09-10 19:00:00,29.2,26.9,1.0709,3.2,180.0,False,False
2004-09-10 20:00:00,27.7,30.1,1.0991,2.6,159.0,False,False
2004-09-10 21:00:00,27.1,31.0,1.0991,1.4,119.0,False,False
2004-09-10 22:00:00,26.0,33.4,1.1071,1.6,127.0,False,False
2004-09-10 23:00:00,25.1,35.7,1.1222,1.7,131.0,False,False
2004-09-11 00:00:00,24.3,38.5,1.1525,1.6,101.0,False,False
2004-09-11 01:00:00,23.4,40.7,1.1551,,,False,False
2004-09-11 02:00:00,23.2,41.2,1.1561,,,False,False
2004-09-11 03:00:00,23.6,40.5,1.1667,,,False,False
2004-09-11 04:00:00,23.5,40.9,1.1677,,,False,False
2004-09-11 05:00:00,20.5,48.4,1.1557,,,False,False
2004-09-11 06:00:00,20.7,48.4,1.1663,,,False,False
2004-09-11 07:00:00,19.9,50.8,1.1694,,,False,False
2004-09-11 08:00:00,21.3,47.2,1.1825,,,False,False
2004-09-11 09:00:00,24.0,40.8,1.1993,,,False,False
2004-09-11 10:00:00,28.7,30.3,1.1769,,,False,False
2004-09-11 11:00:00,31.9,24.7,1.1477,,,False,False
2004-09-11 12:00:00,33.8,21.9,1.1331,,,False,False
2004-09-11 13:00:00,32.7,22.7,1.1044,,,False,False
2004-09-11 14:00:00,33.0,21.3,1.0512,,,False,False
2004-09-11 15:00:00,33.9,21.2,1.0989,,,False,False
2004-09-11 16:00:00,35.9,20.3,1.1845,,,False,False
2004-09-11 17:00:00,34.2,22.6,1.197,,,False,False
2004-09-11 18:00:00,32.0,27.3,1.2752,,,False,False
2004-09-11 19:00:00,29.3,32.6,1.3105,,,False,False
2004-09-11 20:00:00,27.2,38.0,1.347,,,False,False
2004-09-11 21:00:00,26.1,41.1,1.3705,,,False,False
2004-09-11 22:00:00,25.3,44.6,1.4161,,,False,False
2004-09-11 23:00:00,24.6,47.2,1.4424,,,False,False
2004-09-12 00:00:00,24.1,48.8,1.4412,,,False,False
2004-09-12 01:00:00,23.6,50.4,1.447,,,False,False
2004-09-12 02:00:00,22.0,55.8,1.4585,,,False,False
2004-09-12 03:00:00,22.4,53.6,1.4379,,,False,False
2004-09-12 04:00:00,21.6,55.8,1.4228,,,False,False
2004-09-12 05:00:00,21.8,55.2,1.4184,,,False,False
2004-09-12 06:00:00,21.7,55.4,1.4192,,,False,False
2004-09-12 07:00:00,20.6,59.8,1.435,,,False,False
2004-09-12 08:00:00,22.1,55.3,1.4495,,,False,False
2004-09-12 09:00:00,24.8,48.2,1.4883,,,False,False
2004-09-12 10:00:00,27.9,43.4,1.6017,,,False,False
2004-09-12 11:00:00,30.1,38.5,1.6212,,,False,False
2004-09-12 12:00:00,28.2,48.6,1.8253,,,False,False
2004-09-12 13:00:00,24.8,70.4,2.1766,,,False,False
2004-09-12 14:00:00,27.8,49.4,1.8209,,,False,False
2004-09-12 15:00:00,25.4,59.9,1.9168,,,False,False
2004-09-12 16:00:00,26.1,66.8,2.231,,,False,False
2004-09-12 17:00:00,28.0,53.2,1.981,,,False,False
2004-09-12 18:00:00,27.4,51.4,1.8404,,,False,False
2004-09-12 19:00:00,25.7,55.8,1.8149,,,False,False
2004-09-12 20:00:00,24.6,60.3,1.8363,,,False,False
2004-09-12 21:00:00,24.2,61.6,1.8381,,,False,False
2004-09-12 22:00:00,23.8,63.5,1.8495,,,False,False
2004-09-12 23:00:00,23.0,64.8,1.802,,,False,False
2004-09-13 00:00:00,23.0,63.3,1.7589,,,False,False
2004-09-13 01:00:00,22.8,63.3,1.7355,,,False,False
2004-09-13 02:00:00,21.0,68.6,1.6873,,,False,False
2004-09-13 03:00:00,20.4,70.7,1.6734,,,False,False
2004-09-13 04:00:00,19.4,73.4,1.6417,,,False,False
2004-09-13 05:00:00,19.5,72.0,1.6118,,,False,False
2004-09-13 06:00:00,19.7,70.3,1.5925,,,False,False
2004-09-13 07:00:00,20.4,66.7,1.577,,,False,False
2004-09-13 08:00:00,21.8,61.8,1.5966,,,False,False
2004-09-13 09:00:00,23.0,60.2,1.6652,,,False,False
2004-09-13 10:00:00,25.4,53.0,1.6963,3.1,138.0,False,False
2004-09-13 11:00:00,30.0,41.6,1.7324,2.9,138.0,False,False
2004-09-13 12:00:00,32.6,34.8,1.6872,3.0,138.0,False,False
2004-09-13 13:00:00,32.2,34.2,1.6145,3.0,137.0,False,False
2004-09-13 14:00:00,32.1,33.5,1.569,2.2,120.0,False,False
2004-09-13 15:00:00,32.6,31.8,1.5361,2.0,208.0,False,False
2004-09-13 16:00:00,35.2,25.2,1.4111,2.3,128.0,False,False
2004-09-13 17:00:00,34.3,24.7,1.3154,3.1,145.0,False,False
2004-09-13 18:00:00,31.5,29.9,1.3638,,,False,False
2004-09-13 19:00:00,29.0,36.6,1.4452,6.2,168.0,False,False
2004-09-13 20:00:00,27.1,42.2,1.4949,4.7,177.0,False,False
2004-09-13 21:00:00,26.1,46.4,1.5445,3.0,172.0,False,False
2004-09-13 22:00:00,25.1,49.4,1.548,2.1,112.0,False,False
2004-09-13 23:00:00,26.0,46.4,1.5375,1.0,39.0,False,False
2004-09-14 00:00:00,24.7,49.2,1.5116,0.8,68.0,False,False
2004-09-14 01:00:00,24.8,49.0,1.5092,0.7,51.0,False,False
2004-09-14 02:00:00,23.5,52.6,1.5035,,,False,False
2004-09-14 03:00:00,20.8,62.1,1.5044,,,False,False
2004-09-14 04:00:00,19.9,65.5,1.5078,,,False,False
2004-09-14 05:00:00,20.6,62.9,1.5088,,,False,False
2004-09-14 06:00:00,21.3,59.4,1.4918,,,False,False
2004-09-14 07:00:00,22.0,58.3,1.5199,,,False,False
2004-09-14 08:00:00,23.2,55.4,1.5559,,,False,False
2004-09-14 09:00:00,26.5,50.2,1.713,,,False,False
2004-09-14 10:00:00,29.0,45.5,1.7976,,,False,False
2004-09-14 11:00:00,30.1,42.0,1.7602,,,False,False
2004-09-14 12:00:00,32.3,35.9,1.7067,,,False,False
2004-09-14 13:00:00,33.2,33.8,1.69,,,False,False
2004-09-14 14:00:00,34.0,33.6,1.7591,,,False,False
2004-09-14 15:00:00,29.9,45.6,1.8942,,,False,False
2004-09-14 16:00:00,27.7,53.7,1.967,,,False,False
2004-09-14 17:00:00,28.0,52.7,1.9604,,,False,False
2004-09-14 18:00:00,28.6,48.2,1.8616,,,False,False
2004-09-14 19:00:00,24.8,61.6,1.9067,,,False,False
2004-09-14 20:00:00,20.3,77.2,1.8204,,,False,False
2004-09-14 21:00:00,19.7,82.5,1.8674,,,False,False
2004-09-14 22:00:00,20.6,78.8,1.8885,,,False,False
2004-09-14 23:00:00,19.2,87.2,1.9195,,,False,False
2004-09-15 00:00:00,20.5,81.5,1.936,,,False,False
2004-09-15 01:00:00,21.4,74.0,1.8683,,,False,False
2004-09-15 02:00:00,20.5,78.2,1.8678,,,False,False
2004-09-15 03:00:00,20.7,77.8,1.8764,,,False,False
2004-09-15 04:00:00,20.5,78.0,1.8636,,,False,False
2004-09-15 05:00:00,20.6,76.2,1.8272,,,False,False
2004-09-15 06:00:00,20.1,77.4,1.802,,,False,False
2004-09-15 07:00:00,20.9,73.3,1.787,,,False,False
2004-09-15 08:00:00,21.2,72.3,1.8007,,,False,False
2004-09-15 09:00:00,22.5,68.9,1.8511,,,False,False
2004-09-15 10:00:00,23.7,64.5,1.8682,,,False,False
2004-09-15 11:00:00,23.2,68.4,1.9243,,,False,False
2004-09-15 12:00:00,23.5,69.2,1.9776,,,False,False
2004-09-15 13:00:00,24.1,65.5,1.9371,,,False,False
2004-09-15 14:00:00,24.2,65.6,1.9501,,,False,False
2004-09-15 15:00:00,24.6,63.9,1.9459,,,False,False
2004-09-15 16:00:00,26.3,56.5,1.9018,,,False,False
2004-09-15 17:00:00,26.9,53.1,1.8557,3.3,112.0,False,False
2004-09-15 18:00:00,26.5,50.8,1.7334,6.1,170.0,False,False
2004-09-15 19:00:00,25.1,55.8,1.7511,6.7,173.0,False,False
2004-09-15 20:00:00,23.9,58.9,1.7276,4.4,135.0,False,False
2004-09-15 21:00:00,23.1,62.8,1.7562,1.9,93.0,False,False
2004-09-15 22:00:00,22.1,67.3,1.7671,1.8,74.0,False,False
2004-09-15 23:00:00,22.1,66.5,1.7441,1.5,69.0,False,False
2004-09-16 00:00:00,21.1,70.1,1.7366,1.6,109.0,False,False
2004-09-16 01:00:00,21.9,67.1,1.7394,0.8,55.0,False,False
2004-09-16 02:00:00,21.7,67.4,1.7262,0.5,49.0,False,False
2004-09-16 03:00:00,20.2,73.8,1.7229,0.7,,False,False
2004-09-16 04:00:00,19.1,76.0,1.6668,0.6,42.0,False,False
2004-09-16 05:00:00,19.4,75.4,1.6802,0.9,50.0,False,False
2004-09-16 06:00:00,19.7,74.4,1.6829,1.4,53.0,False,False
2004-09-16 07:00:00,19.9,74.3,1.7083,4.2,86.0,False,False
2004-09-16 08:00:00,20.4,72.8,1.7198,4.1,81.0,False,False
2004-09-16 09:00:00,21.6,67.7,1.7254,3.6,96.0,False,False
2004-09-16 10:00:00,22.9,59.1,1.633,2.5,96.0,False,False
2004-09-16 11:00:00,18.7,73.1,1.5608,1.3,79.0,False,False
2004-09-16 12:00:00,21.1,58.3,1.4444,1.7,95.0,False,False
2004-09-16 13:00:00,23.3,47.1,1.3281,2.1,127.0,False,False
2004-09-16 14:00:00,22.9,47.9,1.3208,1.7,102.0,False,False
2004-09-16 15:00:00,23.3,46.2,1.301,1.9,107.0,False,False
2004-09-16 16:00:00,23.7,45.4,1.315,2.3,110.0,False,False
2004-09-16 17:00:00,23.8,46.1,1.3373,3.3,124.0,False,False
2004-09-16 18:00:00,23.0,49.3,1.3689,3.5,113.0,False,False
2004-09-16 19:00:00,21.9,53.1,1.3787,3.6,104.0,False,False
2004-09-16 20:00:00,21.3,54.8,1.3742,2.9,117.0,False,False
2004-09-16 21:00:00,21.2,55.2,1.3699,2.0,94.0,False,False
2004-09-16 22:00:00,21.4,54.8,1.3813,1.9,,False,False
2004-09-16 23:00:00,20.8,57.2,1.3925,1.5,,False,False
2004-09-17 00:00:00,21.3,55.8,1.3974,1.1,109.0,False,False
2004-09-17 01:00:00,21.4,52.1,1.3125,0.8,72.0,False,False
2004-09-17 02:00:00,20.6,56.6,1.3583,0.5,40.0,False,False
2004-09-17 03:00:00,20.0,59.1,1.3694,0.4,,False,False
2004-09-17 04:00:00,19.7,61.9,1.4017,0.3,23.0,False,False
2004-09-17 05:00:00,19.6,59.1,1.3346,0.3,24.0,False,False
2004-09-17 06:00:00,19.8,56.7,1.2941,0.5,41.0,False,False
2004-09-17 07:00:00,20.2,55.6,1.3043,2.4,99.0,False,False
2004-09-17 08:00:00,19.7,57.8,1.3112,2.2,91.0,False,False
2004-09-17 09:00:00,20.2,53.1,1.2442,1.4,81.0,False,False
2004-09-17 10:00:00,22.0,47.0,1.2259,1.6,95.0,False,False
2004-09-17 11:00:00,23.5,41.6,1.1884,1.6,113.0,False,False
2004-09-17 12:00:00,22.8,41.8,1.1417,1.6,89.0,False,False
2004-09-17 13:00:00,23.4,40.4,1.15,2.1,88.0,False,False
2004-09-17 14:00:00,23.2,42.8,1.2017,1.1,81.0,False,False
2004-09-17 15:00:00,23.6,43.2,1.2433,1.6,82.0,False,False
2004-09-17 16:00:00,23.9,40.8,1.1937,2.4,115.0,False,False
2004-09-17 17:00:00,23.6,42.8,1.23,2.9,112.0,False,False
2004-09-17 18:00:00,23.2,43.3,1.2161,2.7,116.0,False,False
2004-09-17 19:00:00,22.8,42.5,1.1608,3.1,129.0,False,False
2004-09-17 20:00:00,22.3,42.2,1.1209,2.2,110.0,False,False
2004-09-17 21:00:00,22.1,43.0,1.1271,1.5,105.0,False,False
2004-09-17 22:00:00,22.2,42.7,1.1237,1.2,90.0,False,False
2004-09-17 23:00:00,22.1,42.8,1.1265,1.3,94.0,False,False
2004-09-18 00:00:00,22.1,43.5,1.1443,1.4,96.0,False,False
2004-09-18 01:00:00,21.5,45.6,1.1528,0.9,70.0,False,False
2004-09-18 02:00:00,21.1,44.5,1.098,0.7,57.0,False,False
2004-09-18 03:00:00,20.4,47.1,1.1178,0.6,,False,False
2004-09-18 04:00:00,20.6,45.9,1.0993,,45.0,False,False
2004-09-18 05:00:00,20.2,46.7,1.0899,0.5,42.0,False,False
2004-09-18 06:00:00,20.1,47.8,1.1144,0.8,71.0,False,False
2004-09-18 07:00:00,20.0,50.7,1.1724,1.2,82.0,False,False
2004-09-18 08:00:00,20.7,49.7,1.197,1.1,81.0,False,False
2004-09-18 09:00:00,24.3,39.5,1.1842,1.6,89.0,False,False
2004-09-18 10:00:00,25.4,34.8,1.1119,1.4,83.0,False,False
2004-09-18 11:00:00,26.6,30.7,1.0501,1.2,82.0,False,False
2004-09-18 12:00:00,27.7,28.1,1.0272,1.4,78.0,False,False
2004-09-18 13:00:00,27.6,28.7,1.0406,1.6,79.0,False,False
2004-09-18 14:00:00,27.6,29.2,1.0594,1.1,78.0,False,False
2004-09-18 15:00:00,28.1,28.6,1.0715,1.1,73.0,False,False
2004-09-18 16:00:00,29.1,26.8,1.0648,1.3,73.0,False,False
2004-09-18 17:00:00,28.4,28.3,1.0798,1.5,100.0,False,False
2004-09-18 18:00:00,26.6,32.1,1.102,2.0,122.0,False,False
2004-09-18 19:00:00,25.3,35.3,1.1262,2.4,132.0,False,False
2004-09-18 20:00:00,24.7,37.1,1.1397,2.0,116.0,False,False
2004-09-18 21:00:00,23.5,40.6,1.1588,1.5,109.0,False,False
2004-09-18 22:00:00,22.8,43.4,1.1915,1.7,109.0,False,False
2004-09-18 23:00:00,22.2,47.9,1.2626,2.5,116.0,False,False
2004-09-19 00:00:00,21.3,50.5,1.2652,2.2,104.0,False,False
2004-09-19 01:00:00,20.6,53.2,1.2742,1.4,81.0,False,False
2004-09-19 02:00:00,19.6,56.6,1.2797,1.2,64.0,False,False
2004-09-19 03:00:00,18.8,59.8,1.2847,1.2,,False,False
2004-09-19 04:00:00,18.8,59.5,1.2758,0.9,54.0,False,False
2004-09-19 05:00:00,19.3,57.0,1.2603,0.5,35.0,False,False
2004-09-19 06:00:00,18.2,60.8,1.2567,0.6,44.0,False,False
2004-09-19 07:00:00,16.8,66.8,1.2721,1.0,62.0,False,False
2004-09-19 08:00:00,18.6,60.0,1.2757,1.3,68.0,False,False
2004-09-19 09:00:00,22.2,48.0,1.2678,1.7,85.0,False,False
2004-09-19 10:00:00,26.5,35.7,1.2149,2.2,110.0,False,False
2004-09-19 11:00:00,30.0,28.5,1.1883,2.1,115.0,False,False
2004-09-19 12:00:00,32.2,24.7,1.1696,2.2,129.0,False,False
2004-09-19 13:00:00,29.6,28.6,1.1628,2.0,106.0,False,False
2004-09-19 14:00:00,29.8,28.5,1.1809,2.0,87.0,False,False
2004-09-19 15:00:00,31.1,26.1,1.163,1.2,70.0,False,False
2004-09-19 16:00:00,34.6,22.4,1.212,1.8,106.0,False,False
2004-09-19 17:00:00,33.2,25.4,1.2722,4.3,151.0,False,False
2004-09-19 18:00:00,30.0,31.4,1.3074,3.8,179.0,False,False
2004-09-19 19:00:00,27.5,38.1,1.3756,4.4,188.0,False,False
2004-09-19 20:00:00,26.2,42.5,1.423,3.8,187.0,False,False
2004-09-19 21:00:00,24.7,46.4,1.4206,1.9,121.0,False,False
2004-09-19 22:00:00,23.6,50.0,1.4383,1.7,99.0,False,False
2004-09-19 23:00:00,22.7,53.6,1.4632,1.8,100.0,False,False
2004-09-20 00:00:00,22.7,53.8,1.4666,1.1,79.0,False,False
2004-09-20 01:00:00,22.8,53.0,1.4577,0.8,57.0,False,False
2004-09-20 02:00:00,21.4,57.6,1.4469,0.7,43.0,False,False
2004-09-20 03:00:00,19.9,62.3,1.4363,0.6,,False,False
2004-09-20 04:00:00,19.5,63.5,1.4269,0.5,50.0,False,False
2004-09-20 05:00:00,20.2,60.8,1.4243,0.5,47.0,False,False
2004-09-20 06:00:00,19.4,63.5,1.4139,0.9,60.0,False,False
2004-09-20 07:00:00,18.7,65.6,1.4039,3.5,91.0,False,False
2004-09-20 08:00:00,20.1,60.6,1.4062,,,False,False
2004-09-20 09:00:00,23.5,49.7,1.4156,5.7,159.0,False,False
2004-09-20 10:00:00,26.4,41.9,1.4237,3.5,173.0,False,False
2004-09-20 11:00:00,29.9,34.0,1.4096,3.7,174.0,False,False
2004-09-20 12:00:00,31.5,30.8,1.4017,3.1,165.0,False,False
2004-09-20 13:00:00,30.2,30.2,1.2744,3.0,136.0,False,False
2004-09-20 14:00:00,30.5,29.3,1.2612,2.6,125.0,False,False
2004-09-20 15:00:00,31.8,27.4,1.2673,2.4,122.0,False,False
2004-09-20 16:00:00,34.3,23.2,1.2326,2.6,124.0,False,False
2004-09-20 17:00:00,34.1,23.0,1.2081,5.0,184.0,False,False
2004-09-20 18:00:00,30.5,29.2,1.2585,5.6,200.0,False,False
2004-09-20 19:00:00,28.1,32.4,1.2173,6.5,225.0,False,True
2004-09-20 20:00:00,26.5,31.7,1.0787,4.1,168.0,False,False
2004-09-20 21:00:00,24.8,33.7,1.0377,2.1,118.0,False,False
2004-09-20 22:00:00,23.9,38.1,1.1123,2.0,115.0,False,False
2004-09-20 23:00:00,23.0,43.0,1.1897,1.4,94.0,False,False
2004-09-21 00:00:00,23.5,44.7,1.2755,0.8,62.0,False,False
2004-09-21 01:00:00,22.3,47.7,1.2643,0.8,68.0,False,False
2004-09-21 02:00:00,22.1,49.8,1.3094,0.6,50.0,False,False
2004-09-21 03:00:00,21.8,51.4,1.3272,0.5,,False,False
2004-09-21 04:00:00,20.8,55.9,1.3581,0.4,36.0,False,False
2004-09-21 05:00:00,18.8,63.0,1.3582,0.6,53.0,False,False
2004-09-21 06:00:00,18.3,65.5,1.3686,1.4,79.0,False,False
2004-09-21 07:00:00,18.2,66.1,1.3679,5.6,133.0,False,False
2004-09-21 08:00:00,19.6,60.7,1.3713,7.3,148.0,False,False
2004-09-21 09:00:00,22.6,51.4,1.392,5.3,161.0,False,False
2004-09-21 10:00:00,25.8,44.2,1.4512,4.4,191.0,False,False
2004-09-21 11:00:00,28.5,39.0,1.4928,3.1,158.0,False,False
2004-09-21 12:00:00,30.1,35.1,1.4782,3.3,157.0,False,False
2004-09-21 13:00:00,29.4,36.4,1.4718,3.8,188.0,False,False
2004-09-21 14:00:00,29.2,37.9,1.5116,2.3,143.0,False,False
2004-09-21 15:00:00,30.5,34.9,1.5015,2.6,152.0,False,False
2004-09-21 16:00:00,31.5,31.4,1.431,3.2,168.0,False,False
2004-09-21 17:00:00,31.2,31.4,1.3987,5.0,205.0,False,False
2004-09-21 18:00:00,28.5,37.2,1.4282,5.6,204.0,False,False
2004-09-21 19:00:00,26.7,42.3,1.4618,5.4,210.0,False,False
2004-09-21 20:00:00,24.8,49.0,1.5092,4.4,173.0,False,False
2004-09-21 21:00:00,23.6,53.6,1.5374,2.4,123.0,False,False
2004-09-21 22:00:00,23.0,55.8,1.548,1.5,92.0,False,False
2004-09-21 23:00:00,22.1,58.4,1.5393,1.3,77.0,False,False
2004-09-22 00:00:00,22.6,56.3,1.5233,1.1,74.0,False,False
2004-09-22 01:00:00,21.0,61.3,1.5031,1.0,74.0,False,False
2004-09-22 02:00:00,23.0,54.0,1.501,0.6,47.0,False,False
2004-09-22 03:00:00,19.8,65.3,1.4894,0.5,,False,False
2004-09-22 04:00:00,18.3,70.8,1.4794,0.6,44.0,False,False
2004-09-22 05:00:00,18.1,72.5,1.4876,0.8,69.0,False,False
2004-09-22 06:00:00,18.3,71.0,1.4807,1.5,79.0,False,False
2004-09-22 07:00:00,18.5,68.9,1.4565,4.1,108.0,False,False
2004-09-22 08:00:00,20.1,62.7,1.461,5.5,119.0,False,False
2004-09-22 09:00:00,23.5,52.0,1.4833,5.5,165.0,False,False
2004-09-22 10:00:00,26.8,42.7,1.4864,3.7,172.0,False,False
2004-09-22 11:00:00,29.1,36.7,1.4543,3.3,180.0,False,False
2004-09-22 12:00:00,30.8,32.0,1.4014,2.5,130.0,False,False
2004-09-22 13:00:00,27.9,37.0,1.372,2.6,120.0,False,False
2004-09-22 14:00:00,28.5,37.3,1.4291,2.2,117.0,False,False
2004-09-22 15:00:00,30.2,32.9,1.3865,2.6,141.0,False,False
2004-09-22 16:00:00,32.9,27.7,1.3622,2.9,151.0,False,False
2004-09-22 17:00:00,32.2,28.8,1.3624,5.0,218.0,False,False
2004-09-22 18:00:00,28.8,39.0,1.5203,5.1,213.0,False,False
2004-09-22 19:00:00,26.7,43.3,1.4881,5.2,194.0,False,False
2004-09-22 20:00:00,24.6,54.0,1.6461,3.8,167.0,False,False
2004-09-22 21:00:00,23.4,59.9,1.6992,2.2,115.0,False,False
2004-09-22 22:00:00,22.5,62.6,1.6883,2.1,98.0,False,False
2004-09-22 23:00:00,22.9,62.0,1.7127,1.8,93.0,False,False
2004-09-23 00:00:00,22.2,64.9,1.719,1.6,87.0,False,False
2004-09-23 01:00:00,21.4,68.5,1.7261,1.4,71.0,False,False
2004-09-23 02:00:00,22.2,63.0,1.6673,0.8,49.0,False,False
2004-09-23 03:00:00,22.4,59.9,1.6069,0.5,,False,False
2004-09-23 04:00:00,21.1,63.8,1.5817,,44.0,False,False
2004-09-23 05:00:00,22.9,57.5,1.5879,0.5,58.0,False,False
2004-09-23 06:00:00,21.3,63.2,1.5794,0.9,66.0,False,False
2004-09-23 07:00:00,21.3,63.5,1.5941,3.2,112.0,False,False
2004-09-23 08:00:00,23.7,54.4,1.5765,2.8,104.0,False,False
2004-09-23 09:00:00,25.0,50.8,1.5903,2.7,103.0,False,False
2004-09-23 10:00:00,26.3,48.1,1.6199,2.4,118.0,False,False
2004-09-23 11:00:00,26.4,47.3,1.6006,2.7,129.0,False,False
2004-09-23 12:00:00,29.3,39.5,1.5855,2.8,127.0,False,False
2004-09-23 13:00:00,29.0,39.6,1.5581,2.9,130.0,False,False
2004-09-23 14:00:00,29.8,38.0,1.5642,2.6,130.0,False,False
2004-09-23 15:00:00,30.4,37.2,1.588,2.6,118.0,False,False
2004-09-23 16:00:00,31.5,34.9,1.5903,3.2,146.0,False,False
2004-09-23 17:00:00,31.6,34.8,1.5925,4.6,190.0,False,False
2004-09-23 18:00:00,29.0,40.5,1.5949,4.9,189.0,False,False
2004-09-23 19:00:00,27.2,45.9,1.6302,4.7,173.0,False,False
2004-09-23 20:00:00,26.2,48.7,1.6256,3.3,148.0,False,False
2004-09-23 21:00:00,25.1,50.5,1.584,2.3,116.0,False,False
2004-09-23 22:00:00,24.1,50.7,1.4959,2.1,109.0,False,False
2004-09-23 23:00:00,22.5,53.7,1.4486,1.7,94.0,False,False
2004-09-24 00:00:00,22.7,53.7,1.458,1.0,64.0,False,False
2004-09-24 01:00:00,21.5,57.9,1.4658,0.9,59.0,False,False
2004-09-24 02:00:00,22.3,55.8,1.4828,0.7,64.0,False,False
2004-09-24 03:00:00,22.7,53.8,1.4673,0.4,,False,False
2004-09-24 04:00:00,21.1,59.9,1.4789,0.4,52.0,False,False
2004-09-24 05:00:00,20.4,63.0,1.4946,0.5,55.0,False,False
2004-09-24 06:00:00,20.8,62.2,1.5119,1.3,83.0,False,False
2004-09-24 07:00:00,21.3,61.6,1.5452,3.5,114.0,False,False
2004-09-24 08:00:00,21.9,60.2,1.56,5.5,137.0,False,False
2004-09-24 09:00:00,23.0,56.4,1.5614,5.6,160.0,False,False
2004-09-24 10:00:00,25.1,49.5,1.5572,3.4,138.0,False,False
2004-09-24 11:00:00,26.6,44.3,1.5229,3.2,134.0,False,False
2004-09-24 12:00:00,26.2,46.0,1.5422,3.7,143.0,False,False
2004-09-24 13:00:00,25.4,48.7,1.5594,4.6,153.0,False,False
2004-09-24 14:00:00,25.6,48.3,1.558,4.2,145.0,False,False
2004-09-24 15:00:00,25.7,47.8,1.5548,3.3,123.0,False,False
2004-09-24 16:00:00,24.9,49.2,1.5251,2.7,96.0,False,False
2004-09-24 17:00:00,18.3,75.4,1.5682,2.2,107.0,False,False
2004-09-24 18:00:00,16.3,73.9,1.3601,2.8,119.0,False,False
2004-09-24 19:00:00,15.6,75.7,1.3345,2.9,109.0,False,False
2004-09-24 20:00:00,15.4,76.6,1.3334,2.0,107.0,False,False
2004-09-24 21:00:00,14.0,75.4,1.1988,0.7,57.0,False,False
2004-09-24 22:00:00,14.9,60.5,1.0213,0.6,60.0,False,False
2004-09-24 23:00:00,15.5,50.9,0.888,1.2,22.0,False,False
2004-09-25 00:00:00,15.6,50.0,0.8773,1.2,2.0,False,False
2004-09-25 01:00:00,15.4,53.6,0.9326,1.1,7.0,False,False
2004-09-25 02:00:00,15.4,53.9,0.9334,0.6,8.0,False,False
2004-09-25 03:00:00,15.3,52.4,0.9017,0.3,,False,False
2004-09-25 04:00:00,15.3,53.1,0.9181,0.3,27.0,False,False
2004-09-25 05:00:00,15.4,53.7,0.9295,0.3,14.0,False,False
2004-09-25 06:00:00,15.5,53.3,0.9308,0.4,3.0,False,False
2004-09-25 07:00:00,15.4,52.7,0.9178,0.6,9.0,False,False
2004-09-25 08:00:00,15.7,51.1,0.9056,0.7,14.0,False,False
2004-09-25 09:00:00,16.9,47.7,0.9142,1.0,52.0,False,False
2004-09-25 10:00:00,18.2,41.9,0.8674,1.1,64.0,False,False
2004-09-25 11:00:00,19.1,37.0,0.8104,1.5,66.0,False,False
2004-09-25 12:00:00,19.3,34.8,0.771,1.4,14.0,False,False
2004-09-25 13:00:00,19.8,31.2,0.7127,1.4,9.0,False,False
2004-09-25 14:00:00,19.8,31.1,0.7104,1.0,12.0,False,False
2004-09-25 15:00:00,20.2,28.6,0.6717,0.9,14.0,False,False
2004-09-25 16:00:00,22.1,24.8,0.6514,1.1,21.0,False,False
2004-09-25 17:00:00,21.1,27.7,0.6853,1.3,43.0,False,False
2004-09-25 18:00:00,20.1,30.3,0.7045,1.8,62.0,False,False
2004-09-25 19:00:00,19.5,33.0,0.7384,2.4,68.0,False,False
2004-09-25 20:00:00,19.3,32.3,0.7163,2.7,81.0,False,False
2004-09-25 21:00:00,18.4,33.2,0.6975,1.7,88.0,False,False
2004-09-25 22:00:00,17.8,36.5,0.7366,2.2,99.0,False,False
2004-09-25 23:00:00,17.8,39.9,0.8035,2.8,98.0,False,False
2004-09-26 00:00:00,17.0,43.0,0.8242,2.4,97.0,False,False
2004-09-26 01:00:00,15.5,52.2,0.9136,2.5,101.0,False,False
2004-09-26 02:00:00,15.6,51.9,0.9135,1.4,90.0,False,False
2004-09-26 03:00:00,13.5,59.4,0.9176,1.4,,False,False
2004-09-26 04:00:00,13.4,59.9,0.9173,,61.0,False,False
2004-09-26 05:00:00,12.5,63.2,0.9146,0.9,55.0,False,False
2004-09-26 06:00:00,13.6,57.6,0.8941,0.6,46.0,False,False
2004-09-26 07:00:00,12.2,63.2,0.8964,1.0,56.0,False,False
2004-09-26 08:00:00,14.6,56.4,0.9319,1.6,83.0,False,False
2004-09-26 09:00:00,19.8,38.6,0.8831,0.9,55.0,False,False
2004-09-26 10:00:00,21.6,33.4,0.8519,0.9,47.0,False,False
2004-09-26 11:00:00,22.0,32.2,0.8407,1.0,61.0,False,False
2004-09-26 12:00:00,22.7,30.2,0.8217,1.0,58.0,False,False
2004-09-26 13:00:00,22.3,30.4,0.8063,0.9,59.0,False,False
2004-09-26 14:00:00,22.1,30.5,0.7981,0.9,54.0,False,False
2004-09-26 15:00:00,22.1,29.5,0.7761,0.9,69.0,False,False
2004-09-26 16:00:00,23.4,27.1,0.7681,0.9,54.0,False,False
2004-09-26 17:00:00,23.1,27.0,0.7538,2.7,95.0,False,False
2004-09-26 18:00:00,21.5,31.4,0.7943,2.2,99.0,False,False
2004-09-26 19:00:00,20.3,35.5,0.833,3.3,127.0,False,False
2004-09-26 20:00:00,19.6,36.3,0.8193,2.1,98.0,False,False
2004-09-26 21:00:00,18.7,39.7,0.8482,1.8,112.0,False,False
2004-09-26 22:00:00,18.0,42.7,0.8745,1.9,115.0,False,False
2004-09-26 23:00:00,17.1,47.6,0.9208,2.3,114.0,False,False
2004-09-27 00:00:00,16.6,51.3,0.9634,1.9,103.0,False,False
2004-09-27 01:00:00,15.9,55.2,0.9881,1.3,81.0,False,False
2004-09-27 02:00:00,14.9,58.9,0.9891,1.0,75.0,False,False
2004-09-27 03:00:00,14.1,61.0,0.9799,0.6,,False,False
2004-09-27 04:00:00,14.0,62.6,0.9948,0.6,64.0,False,False
2004-09-27 05:00:00,14.1,61.7,0.9844,0.9,71.0,False,False
2004-09-27 06:00:00,14.4,60.3,0.9802,1.5,99.0,False,False
2004-09-27 07:00:00,15.0,57.7,0.9778,5.5,132.0,False,False
2004-09-27 08:00:00,16.9,50.3,0.958,4.0,135.0,False,False
2004-09-27 09:00:00,19.7,40.2,0.9108,1.8,94.0,False,False
2004-09-27 10:00:00,22.2,33.6,0.8886,1.9,103.0,False,False
2004-09-27 11:00:00,23.7,29.6,0.8537,1.7,123.0,False,False
2004-09-27 12:00:00,21.9,30.7,0.7961,1.6,95.0,False,False
2004-09-27 13:00:00,22.3,29.5,0.7838,1.9,90.0,False,False
2004-09-27 14:00:00,23.8,27.0,0.7845,1.6,99.0,False,False
2004-09-27 15:00:00,23.3,28.3,0.8012,1.8,107.0,False,False
2004-09-27 16:00:00,24.2,27.2,0.8128,2.0,112.0,False,False
2004-09-27 17:00:00,25.1,25.8,0.8065,3.1,132.0,False,False
2004-09-27 18:00:00,22.3,29.2,0.7773,3.9,148.0,False,False
2004-09-27 19:00:00,20.8,32.5,0.7873,4.3,158.0,False,False
2004-09-27 20:00:00,19.1,36.8,0.8066,3.5,145.0,False,False
2004-09-27 21:00:00,18.1,39.9,0.8232,2.4,128.0,False,False
2004-09-27 22:00:00,17.4,42.8,0.8463,1.5,105.0,False,False
2004-09-27 23:00:00,16.7,46.6,0.8793,1.3,90.0,False,False
2004-09-28 00:00:00,17.1,46.8,0.9054,1.0,85.0,False,False
2004-09-28 01:00:00,15.3,51.9,0.8982,0.8,73.0,False,False
2004-09-28 02:00:00,15.0,52.8,0.8929,0.5,74.0,False,False
2004-09-28 03:00:00,14.4,54.5,0.8887,0.4,,False,False
2004-09-28 04:00:00,12.8,59.8,0.8801,0.5,61.0,False,False
2004-09-28 05:00:00,11.9,62.7,0.8726,0.7,69.0,False,False
2004-09-28 06:00:00,12.1,62.6,0.8825,1.2,82.0,False,False
2004-09-28 07:00:00,13.5,58.2,0.8944,2.4,120.0,False,False
2004-09-28 08:00:00,14.4,55.7,0.9087,4.3,135.0,False,False
2004-09-28 09:00:00,17.8,45.7,0.9224,4.1,152.0,False,False
2004-09-28 10:00:00,21.0,37.2,0.9155,3.7,177.0,False,False
2004-09-28 11:00:00,24.5,29.8,0.9008,3.4,181.0,False,False
2004-09-28 12:00:00,26.4,26.4,0.8969,3.8,176.0,False,False
2004-09-28 13:00:00,25.2,26.8,0.8451,4.1,163.0,False,False
2004-09-28 14:00:00,26.1,24.8,0.8283,3.4,174.0,False,False
2004-09-28 15:00:00,26.2,24.4,0.8174,2.3,117.0,False,False
2004-09-28 16:00:00,28.9,21.3,0.8382,3.2,145.0,False,False
2004-09-28 17:00:00,28.0,23.3,0.8681,4.8,173.0,False,False
2004-09-28 18:00:00,24.7,27.9,0.8559,6.7,204.0,False,False
2004-09-28 19:00:00,23.0,33.6,0.9302,7.5,209.0,False,False
2004-09-28 20:00:00,20.9,45.8,1.1159,4.5,175.0,False,False
2004-09-28 21:00:00,19.8,48.6,1.113,2.1,129.0,False,False
2004-09-28 22:00:00,19.8,47.7,1.0885,1.5,111.0,False,False
2004-09-28 23:00:00,18.6,49.1,1.0435,1.1,85.0,False,False
2004-09-29 00:00:00,17.2,53.9,1.0498,1.1,86.0,False,False
2004-09-29 01:00:00,16.3,56.8,1.047,0.9,71.0,False,False
2004-09-29 02:00:00,17.4,53.4,1.0541,0.5,60.0,False,False
2004-09-29 03:00:00,15.5,58.8,1.0309,0.4,,False,False
2004-09-29 04:00:00,14.6,62.1,1.0236,,48.0,False,False
2004-09-29 05:00:00,17.1,52.5,1.013,0.4,45.0,False,False
2004-09-29 06:00:00,15.2,58.3,0.9986,0.7,53.0,False,False
2004-09-29 07:00:00,14.9,59.2,0.9985,2.0,94.0,False,False
2004-09-29 08:00:00,15.1,59.0,1.0086,4.2,122.0,False,False
2004-09-29 09:00:00,19.0,47.8,1.0434,5.2,170.0,False,False
2004-09-29 10:00:00,22.4,38.8,1.04,3.8,174.0,False,False
2004-09-29 11:00:00,25.4,33.3,1.0679,3.7,191.0,False,False
2004-09-29 12:00:00,27.2,30.4,1.081,3.4,179.0,False,False
2004-09-29 13:00:00,25.5,34.8,1.1152,3.1,148.0,False,False
2004-09-29 14:00:00,26.4,28.5,0.9658,2.4,129.0,False,False
2004-09-29 15:00:00,27.7,25.1,0.9158,2.8,148.0,False,False
2004-09-29 16:00:00,28.6,23.2,0.8917,3.6,184.0,False,False
2004-09-29 17:00:00,27.2,26.3,0.9317,4.0,188.0,False,False
2004-09-29 18:00:00,25.3,33.0,1.0473,5.6,204.0,False,False
2004-09-29 19:00:00,23.2,36.9,1.0346,6.3,201.0,False,False
2004-09-29 20:00:00,21.6,43.3,1.1019,4.7,165.0,False,False
2004-09-29 21:00:00,21.1,44.8,1.1088,1.9,133.0,False,False
2004-09-29 22:00:00,19.7,49.3,1.1148,1.9,125.0,False,False
2004-09-29 23:00:00,20.3,47.8,1.1281,1.2,101.0,False,False
2004-09-30 00:00:00,19.4,50.3,1.1201,0.9,79.0,False,False
2004-09-30 01:00:00,18.3,53.1,1.1056,,,False,False
2004-09-30 02:00:00,17.5,56.1,1.1103,,,False,False
2004-09-30 03:00:00,19.2,50.3,1.1087,,,False,False
2004-09-30 04:00:00,16.6,59.6,1.117,,,False,False
2004-09-30 05:00:00,17.5,57.1,1.1311,,,False,False
2004-09-30 06:00:00,17.6,57.6,1.1471,,,False,False
2004-09-30 07:00:00,18.0,57.0,1.1665,,,False,False
2004-09-30 08:00:00,18.5,55.9,1.1779,,,False,False
2004-09-30 09:00:00,18.6,57.2,1.2146,,,False,False
2004-09-30 10:00:00,20.2,53.0,1.2407,,,False,False
2004-09-30 11:00:00,21.3,50.1,1.2539,,,False,False
2004-09-30 12:00:00,24.6,42.8,1.3053,1.7,,False,False
2004-09-30 13:00:00,24.6,44.1,1.3477,1.7,101.0,False,False
2004-09-30 14:00:00,25.6,43.4,1.4049,2.2,113.0,False,False
2004-09-30 15:00:00,26.1,42.6,1.4172,2.8,121.0,False,False
2004-09-30 16:00:00,25.8,44.8,1.4644,3.9,146.0,False,False
2004-09-30 17:00:00,25.4,47.9,1.5346,6.5,188.0,False,False
2004-09-30 18:00:00,24.6,50.0,1.5241,6.3,182.0,False,False
2004-09-30 19:00:00,23.6,54.4,1.5687,5.7,166.0,False,False
2004-09-30 20:00:00,22.6,59.5,1.6155,4.4,142.0,False,False
2004-09-30 21:00:00,22.1,61.3,1.6133,1.6,84.0,False,False
2004-09-30 22:00:00,22.1,61.3,1.6053,1.5,87.0,False,False
2004-09-30 23:00:00,21.1,64.7,1.5956,1.7,91.0,False,False
2004-10-01 00:00:00,20.3,66.4,1.5591,1.9,91.0,False,False
2004-10-01 01:00:00,19.4,69.3,1.5418,1.6,74.0,False,False
2004-10-01 02:00:00,19.0,70.8,1.5417,1.3,69.0,False,False
2004-10-01 03:00:00,20.2,65.8,1.5442,0.8,,False,False
2004-10-01 04:00:00,19.8,67.2,1.5322,0.6,54.0,False,False
2004-10-01 05:00:00,19.0,70.3,1.5308,0.7,60.0,False,False
2004-10-01 06:00:00,18.8,71.8,1.5372,1.6,69.0,False,False
2004-10-01 07:00:00,20.2,66.3,1.555,2.9,91.0,False,False
2004-10-01 08:00:00,20.8,64.3,1.563,4.1,97.0,False,False
2004-10-01 09:00:00,22.3,59.3,1.5705,3.7,114.0,False,False
2004-10-01 10:00:00,23.2,56.6,1.5929,3.6,129.0,False,False
2004-10-01 11:00:00,23.8,54.7,1.587,3.4,137.0,False,False
2004-10-01 12:00:00,23.5,56.2,1.6048,3.7,134.0,False,False
2004-10-01 13:00:00,23.9,54.4,1.5963,4.1,132.0,False,False
2004-10-01 14:00:00,,,,3.2,123.0,False,False
2004-10-01 15:00:00,25.4,47.4,1.517,2.4,105.0,False,False
2004-10-01 16:00:00,26.4,45.4,1.54,3.4,136.0,False,False
2004-10-01 17:00:00,25.8,46.9,1.5375,5.6,169.0,False,False
2004-10-01 18:00:00,25.3,49.6,1.5805,,,False,False
2004-10-01 19:00:00,24.2,54.3,1.6117,,,False,False
2004-10-01 20:00:00,22.8,58.1,1.5951,,,False,False
2004-10-01 21:00:00,21.5,63.2,1.5993,,,False,False
2004-10-01 22:00:00,21.3,63.0,1.5798,,,False,False
2004-10-01 23:00:00,20.8,64.1,1.554,,,False,False
2004-10-02 00:00:00,20.6,64.0,1.5346,,,False,False
2004-10-02 01:00:00,20.6,63.4,1.519,,,False,False
2004-10-02 02:00:00,20.4,64.4,1.522,,,False,False
2004-10-02 03:00:00,21.3,61.0,1.529,,,False,False
2004-10-02 04:00:00,20.5,64.0,1.5247,,,False,False
2004-10-02 05:00:00,20.3,65.3,1.5321,,,False,False
2004-10-02 06:00:00,20.1,65.9,1.5321,,,False,False
2004-10-02 07:00:00,20.2,65.6,1.5368,,,False,False
2004-10-02 08:00:00,21.1,62.8,1.5481,,,False,False
2004-10-02 09:00:00,22.5,57.5,1.5518,,,False,False
2004-10-02 10:00:00,24.2,51.9,1.5426,,,False,False
2004-10-02 11:00:00,25.2,48.9,1.5437,,,False,False
2004-10-02 12:00:00,25.8,47.8,1.5662,,,False,False
2004-10-02 13:00:00,25.7,49.2,1.5988,,,False,False
2004-10-02 14:00:00,25.8,49.6,1.6213,,,False,False
2004-10-02 15:00:00,25.7,48.8,1.5913,,,False,False
2004-10-02 16:00:00,26.5,45.9,1.5626,,,False,False
2004-10-02 17:00:00,25.4,48.9,1.565,,,False,False
2004-10-02 18:00:00,24.4,52.5,1.583,,,False,False
2004-10-02 19:00:00,23.9,54.6,1.5936,,,False,False
2004-10-02 20:00:00,22.9,57.9,1.5958,,,False,False
2004-10-02 21:00:00,22.1,61.1,1.6012,,,False,False
2004-10-02 22:00:00,20.8,65.6,1.5898,,,False,False
2004-10-02 23:00:00,21.7,60.8,1.563,,,False,False
2004-10-03 00:00:00,21.1,62.8,1.5505,,,False,False
2004-10-03 01:00:00,20.7,63.2,1.524,,,False,False
2004-10-03 02:00:00,21.2,61.5,1.5241,,,False,False
2004-10-03 03:00:00,20.3,64.6,1.518,,,False,False
2004-10-03 04:00:00,20.2,64.4,1.5035,,,False,False
2004-10-03 05:00:00,20.1,65.3,1.5153,,,False,False
2004-10-03 06:00:00,19.9,66.0,1.5141,,,False,False
2004-10-03 07:00:00,19.8,66.4,1.5145,,,False,False
2004-10-03 08:00:00,20.4,64.1,1.5178,,,False,False
2004-10-03 09:00:00,21.6,60.8,1.5496,,,False,False
2004-10-03 10:00:00,23.5,54.5,1.5553,,,False,False
2004-10-03 11:00:00,25.7,46.6,1.5105,,,False,False
2004-10-03 12:00:00,26.6,43.7,1.5031,,,False,False
2004-10-03 13:00:00,27.4,41.8,1.5056,,,False,False
2004-10-03 14:00:00,27.4,42.8,1.5344,,,False,False
2004-10-03 15:00:00,27.1,43.3,1.5255,,,False,False
2004-10-03 16:00:00,26.9,44.4,1.551,,,False,False
2004-10-03 17:00:00,26.9,44.4,1.5538,,,False,False
2004-10-03 18:00:00,24.7,51.9,1.5868,,,False,False
2004-10-03 19:00:00,23.7,55.6,1.6074,,,False,False
2004-10-03 20:00:00,22.7,59.6,1.6261,,,False,False
2004-10-03 21:00:00,21.9,61.4,1.5946,,,False,False
2004-10-03 22:00:00,22.0,59.8,1.562,,,False,False
2004-10-03 23:00:00,20.5,64.9,1.5473,,,False,False
2004-10-04 00:00:00,19.8,66.9,1.5277,,,False,False
2004-10-04 01:00:00,18.4,71.6,1.4997,,,False,False
2004-10-04 02:00:00,18.9,68.6,1.4818,,,False,False
2004-10-04 03:00:00,17.8,72.3,1.4546,,,False,False
2004-10-04 04:00:00,17.1,73.9,1.4262,,,False,False
2004-10-04 05:00:00,17.7,70.3,1.4088,,,False,False
2004-10-04 06:00:00,17.1,71.8,1.3936,,,False,False
2004-10-04 07:00:00,18.3,67.5,1.4044,,,False,False
2004-10-04 08:00:00,18.5,67.0,1.4135,,,False,False
2004-10-04 09:00:00,19.9,61.7,1.4193,,,False,False
2004-10-04 10:00:00,22.9,52.6,1.4519,,,False,False
2004-10-04 11:00:00,24.2,49.0,1.4586,,,False,False
2004-10-04 12:00:00,25.8,44.7,1.459,,,False,False
2004-10-04 13:00:00,26.0,44.5,1.4731,,,False,False
2004-10-04 14:00:00,27.1,40.2,1.4217,,,False,False
2004-10-04 15:00:00,27.4,39.8,1.4318,,,False,False
2004-10-04 16:00:00,28.9,36.3,1.4291,,,False,False
2004-10-04 17:00:00,28.4,37.5,1.4251,,,False,False
2004-10-04 18:00:00,26.0,43.9,1.4562,,,False,False
2004-10-04 19:00:00,24.3,49.6,1.486,,,False,False
2004-10-04 20:00:00,23.3,53.0,1.4939,,,False,False
2004-10-04 21:00:00,22.6,55.1,1.4899,,,False,False
2004-10-04 22:00:00,21.2,59.3,1.4787,,,False,False
2004-10-04 23:00:00,20.6,60.9,1.4642,,,False,False
2004-10-05 00:00:00,20.0,63.1,1.4592,,,False,False
2004-10-05 01:00:00,19.7,63.4,1.4383,,,False,False
2004-10-05 02:00:00,20.8,58.8,1.4305,,,False,False
2004-10-05 03:00:00,17.8,69.8,1.4058,,,False,False
2004-10-05 04:00:00,18.8,65.3,1.4023,,,False,False
2004-10-05 05:00:00,17.6,69.5,1.3889,,,False,False
2004-10-05 06:00:00,17.4,69.7,1.3714,,,False,False
2004-10-05 07:00:00,17.4,70.1,1.3783,,,False,False
2004-10-05 08:00:00,18.5,65.5,1.3787,,,False,False
2004-10-05 09:00:00,20.6,58.5,1.4054,,,False,False
2004-10-05 10:00:00,23.9,48.7,1.4269,,,False,False
2004-10-05 11:00:00,26.0,43.8,1.4499,,,False,False
2004-10-05 12:00:00,28.6,37.3,1.4423,,,False,False
2004-10-05 13:00:00,27.9,38.0,1.4029,,,False,False
2004-10-05 14:00:00,28.4,37.6,1.4282,,,False,False
2004-10-05 15:00:00,28.5,37.3,1.4329,,,False,False
2004-10-05 16:00:00,30.8,31.8,1.3908,,,False,False
2004-10-05 17:00:00,29.7,33.1,1.3546,,,False,False
2004-10-05 18:00:00,27.0,40.2,1.4158,,,False,False
2004-10-05 19:00:00,25.6,47.5,1.539,,,False,False
2004-10-05 20:00:00,23.9,57.2,1.6774,,,False,False
2004-10-05 21:00:00,22.7,60.8,1.6582,,,False,False
2004-10-05 22:00:00,21.8,59.9,1.5492,,,False,False
2004-10-05 23:00:00,22.4,58.3,1.561,,,False,False
2004-10-06 00:00:00,21.7,60.2,1.5442,,,False,False
2004-10-06 01:00:00,21.2,61.4,1.5258,,,False,False
2004-10-06 02:00:00,19.3,68.4,1.513,,,False,False
2004-10-06 03:00:00,19.8,65.1,1.49,,,False,False
2004-10-06 04:00:00,20.0,62.9,1.4495,,,False,False
2004-10-06 05:00:00,18.3,68.5,1.4291,,,False,False
2004-10-06 06:00:00,18.1,68.5,1.4067,,,False,False
2004-10-06 07:00:00,17.6,70.5,1.4057,,,False,False
2004-10-06 08:00:00,18.3,67.8,1.4091,,,False,False
2004-10-06 09:00:00,20.4,61.2,1.447,,,False,False
2004-10-06 10:00:00,22.5,55.6,1.499,,,False,False
2004-10-06 11:00:00,25.7,46.4,1.507,,,False,False
2004-10-06 12:00:00,26.8,44.6,1.5467,,,False,False
2004-10-06 13:00:00,26.0,46.4,1.5414,,,False,False
2004-10-06 14:00:00,26.3,46.0,1.5478,,,False,False
2004-10-06 15:00:00,27.4,43.9,1.5811,,,False,False
2004-10-06 16:00:00,29.6,36.7,1.4936,,,False,False
2004-10-06 17:00:00,28.7,37.3,1.4486,,,False,False
2004-10-06 18:00:00,25.7,44.1,1.4331,,,False,False
2004-10-06 19:00:00,24.5,49.5,1.5022,,,False,False
2004-10-06 20:00:00,23.3,54.4,1.5386,,,False,False
2004-10-06 21:00:00,22.4,57.9,1.5449,,,False,False
2004-10-06 22:00:00,22.7,55.8,1.5218,,,False,False
2004-10-06 23:00:00,20.4,62.4,1.4758,,,False,False
2004-10-07 00:00:00,20.3,64.2,1.5063,,,False,False
2004-10-07 01:00:00,21.4,60.6,1.5236,,,False,False
2004-10-07 02:00:00,20.3,66.3,1.5657,,,False,False
2004-10-07 03:00:00,20.9,62.2,1.5182,,,False,False
2004-10-07 04:00:00,19.9,66.1,1.5198,,,False,False
2004-10-07 05:00:00,19.8,67.1,1.5305,,,False,False
2004-10-07 06:00:00,20.1,64.4,1.4967,,,False,False
2004-10-07 07:00:00,19.7,66.4,1.5035,,,False,False
2004-10-07 08:00:00,20.9,62.4,1.5226,,,False,False
2004-10-07 09:00:00,22.5,57.0,1.5314,,,False,False
2004-10-07 10:00:00,23.5,53.4,1.5241,,,False,False
2004-10-07 11:00:00,24.7,48.2,1.4802,,,False,False
2004-10-07 12:00:00,27.1,40.9,1.4405,,,False,False
2004-10-07 13:00:00,25.9,44.2,1.4576,,,False,False
2004-10-07 14:00:00,26.9,41.8,1.4555,,,False,False
2004-10-07 15:00:00,27.2,40.7,1.4481,,,False,False
2004-10-07 16:00:00,28.6,37.6,1.4468,2.9,87.0,False,False
2004-10-07 17:00:00,28.0,38.5,1.437,5.4,111.0,False,False
2004-10-07 18:00:00,25.2,45.8,1.4464,5.3,119.0,False,False
2004-10-07 19:00:00,24.0,50.6,1.4892,6.7,128.0,False,False
2004-10-07 20:00:00,23.2,54.7,1.5296,7.0,117.0,False,False
2004-10-07 21:00:00,22.3,57.1,1.5219,2.8,92.0,False,False
2004-10-07 22:00:00,21.8,58.2,1.5036,1.7,73.0,False,False
2004-10-07 23:00:00,20.9,61.3,1.4923,1.7,60.0,False,False
2004-10-08 00:00:00,20.6,62.0,1.4827,1.7,60.0,False,False
2004-10-08 01:00:00,20.3,62.5,1.472,1.2,53.0,False,False
2004-10-08 02:00:00,20.5,62.1,1.4771,0.7,47.0,False,False
2004-10-08 03:00:00,18.7,68.5,1.4586,0.7,,False,False
2004-10-08 04:00:00,18.2,70.3,1.4498,0.8,43.0,False,False
2004-10-08 05:00:00,18.2,70.1,1.4552,0.9,47.0,False,False
2004-10-08 06:00:00,18.2,70.0,1.4519,1.7,50.0,False,False
2004-10-08 07:00:00,19.4,66.5,1.4801,5.7,81.0,False,False
2004-10-08 08:00:00,19.5,66.9,1.4999,4.3,75.0,False,False
2004-10-08 09:00:00,21.1,61.1,1.5056,3.9,87.0,False,False
2004-10-08 10:00:00,23.2,54.7,1.5349,5.1,128.0,False,False
2004-10-08 11:00:00,24.4,52.5,1.5807,3.7,105.0,False,False
2004-10-08 12:00:00,26.4,45.8,1.553,3.3,101.0,False,False
2004-10-08 13:00:00,27.7,39.2,1.4356,3.6,100.0,False,False
2004-10-08 14:00:00,28.0,39.6,1.4738,3.2,98.0,False,False
2004-10-08 15:00:00,28.7,38.4,1.486,3.5,98.0,False,False
2004-10-08 16:00:00,28.5,39.4,1.5147,2.4,98.0,False,False
2004-10-08 17:00:00,28.4,39.8,1.5191,2.9,90.0,False,False
2004-10-08 18:00:00,26.4,45.9,1.5572,2.3,84.0,False,False
2004-10-08 19:00:00,25.2,49.5,1.5665,3.1,101.0,False,False
2004-10-08 20:00:00,24.9,50.9,1.5856,2.9,98.0,False,False
2004-10-08 21:00:00,24.6,52.2,1.5951,1.5,76.0,False,False
2004-10-08 22:00:00,24.0,54.4,1.6049,1.5,71.0,False,False
2004-10-08 23:00:00,23.8,56.1,1.6298,1.7,71.0,False,False
2004-10-09 00:00:00,22.3,60.6,1.608,1.6,66.0,False,False
2004-10-09 01:00:00,21.9,61.5,1.5967,1.3,62.0,False,False
2004-10-09 02:00:00,21.1,64.5,1.594,1.4,58.0,False,False
2004-10-09 03:00:00,21.0,64.4,1.5828,0.9,,False,False
2004-10-09 04:00:00,21.3,63.9,1.5951,0.9,48.0,False,False
2004-10-09 05:00:00,20.8,66.7,1.6201,1.3,53.0,False,False
2004-10-09 06:00:00,20.6,67.5,1.621,1.3,55.0,False,False
2004-10-09 07:00:00,20.9,66.3,1.6165,2.9,63.0,False,False
2004-10-09 08:00:00,21.5,63.7,1.6186,3.2,69.0,False,False
2004-10-09 09:00:00,23.7,56.0,1.6238,3.4,84.0,False,False
2004-10-09 10:00:00,26.0,48.2,1.598,3.6,95.0,False,False
2004-10-09 11:00:00,28.5,42.4,1.6286,2.3,80.0,False,False
2004-10-09 12:00:00,28.1,45.3,1.6957,3.1,87.0,False,False
2004-10-09 13:00:00,29.0,43.9,1.7309,3.3,94.0,False,False
2004-10-09 14:00:00,28.9,44.3,1.7392,1.9,76.0,False,False
2004-10-09 15:00:00,29.6,42.3,1.7248,2.6,92.0,False,False
2004-10-09 16:00:00,29.4,42.9,1.7308,2.7,94.0,False,False
2004-10-09 17:00:00,28.7,45.1,1.7468,3.7,110.0,False,False
2004-10-09 18:00:00,27.0,51.2,1.7928,3.8,109.0,False,False
2004-10-09 19:00:00,26.5,52.7,1.7966,4.8,122.0,False,False
2004-10-09 20:00:00,26.2,51.7,1.7334,3.5,107.0,False,False
2004-10-09 21:00:00,24.8,56.4,1.7447,2.2,83.0,False,False
2004-10-09 22:00:00,24.9,56.0,1.7367,1.5,62.0,False,False
2004-10-09 23:00:00,24.5,57.5,1.7433,3.4,89.0,False,False
2004-10-10 00:00:00,24.7,56.9,1.7438,3.7,103.0,False,False
2004-10-10 01:00:00,23.9,59.2,1.7327,2.0,74.0,False,False
2004-10-10 02:00:00,23.8,60.2,1.7515,1.4,52.0,False,False
2004-10-10 03:00:00,23.5,61.3,1.7538,1.1,,False,False
2004-10-10 04:00:00,22.8,64.0,1.7507,,38.0,False,False
2004-10-10 05:00:00,22.2,65.6,1.7355,0.7,39.0,False,False
2004-10-10 06:00:00,21.3,69.1,1.7275,1.2,59.0,False,False
2004-10-10 07:00:00,21.3,68.2,1.7127,1.3,56.0,False,False
2004-10-10 08:00:00,22.2,65.2,1.7256,1.1,51.0,False,False
2004-10-10 09:00:00,24.1,59.0,1.7449,1.0,51.0,False,False
2004-10-10 10:00:00,24.3,61.6,1.8468,1.2,58.0,False,False
2004-10-10 11:00:00,24.8,59.6,1.8351,1.9,68.0,False,False
2004-10-10 12:00:00,24.5,58.8,1.7838,2.3,81.0,False,False
2004-10-10 13:00:00,21.0,76.8,1.8881,1.6,73.0,False,False
2004-10-10 14:00:00,19.8,78.0,1.7879,1.3,69.0,False,False
2004-10-10 15:00:00,19.4,80.5,1.7917,1.8,81.0,False,False
2004-10-10 16:00:00,19.6,79.1,1.7877,1.7,82.0,False,False
2004-10-10 17:00:00,20.8,73.1,1.7695,1.8,71.0,False,False
2004-10-10 18:00:00,21.1,68.6,1.7014,2.0,81.0,False,False
2004-10-10 19:00:00,21.1,68.3,1.6914,2.2,87.0,False,False
2004-10-10 20:00:00,21.2,67.7,1.6848,1.6,72.0,False,False
2004-10-10 21:00:00,20.8,68.6,1.6719,1.3,63.0,False,False
2004-10-10 22:00:00,20.8,68.1,1.6585,1.5,63.0,False,False
2004-10-10 23:00:00,20.7,68.4,1.6507,1.5,63.0,False,False
2004-10-11 00:00:00,20.1,70.5,1.6384,1.3,55.0,False,False
2004-10-11 01:00:00,20.2,67.9,1.5901,1.4,52.0,False,False
2004-10-11 02:00:00,19.4,70.4,1.5663,0.5,32.0,False,False
2004-10-11 03:00:00,18.8,73.8,1.5885,0.4,,False,False
2004-10-11 04:00:00,17.9,77.7,1.5795,0.4,29.0,False,False
2004-10-11 05:00:00,18.2,76.9,1.5945,0.6,44.0,False,False
2004-10-11 06:00:00,18.6,74.9,1.5918,1.1,53.0,False,False
2004-10-11 07:00:00,19.6,70.3,1.5821,2.9,62.0,False,False
2004-10-11 08:00:00,20.2,66.6,1.5567,3.5,68.0,False,False
2004-10-11 09:00:00,19.7,68.9,1.5638,4.6,85.0,False,False
2004-10-11 10:00:00,19.2,73.4,1.6192,3.4,88.0,False,False
2004-10-11 11:00:00,20.0,69.6,1.607,2.3,82.0,False,False
2004-10-11 12:00:00,21.1,64.0,1.5795,2.7,91.0,False,False
2004-10-11 13:00:00,20.2,67.4,1.5832,3.1,87.0,False,False
2004-10-11 14:00:00,20.2,68.9,1.6074,3.2,90.0,False,False
2004-10-11 15:00:00,21.9,57.6,1.4942,2.5,97.0,False,False
2004-10-11 16:00:00,23.2,52.0,1.4642,3.4,99.0,False,False
2004-10-11 17:00:00,21.7,59.1,1.5115,4.8,109.0,False,False
2004-10-11 18:00:00,20.8,61.4,1.4898,4.5,95.0,False,False
2004-10-11 19:00:00,19.9,64.2,1.4711,4.0,80.0,False,False
2004-10-11 20:00:00,19.7,65.1,1.4769,3.2,76.0,False,False
2004-10-11 21:00:00,20.0,63.3,1.4672,1.9,62.0,False,False
2004-10-11 22:00:00,19.0,66.1,1.4415,1.9,57.0,False,False
2004-10-11 23:00:00,18.8,60.9,1.3032,1.3,57.0,False,False
2004-10-12 00:00:00,18.9,60.7,1.311,1.1,54.0,False,False
2004-10-12 01:00:00,18.1,65.2,1.343,1.0,50.0,False,False
2004-10-12 02:00:00,18.3,65.1,1.3529,0.5,44.0,False,False
2004-10-12 03:00:00,18.3,66.9,1.3952,0.6,,False,False
2004-10-12 04:00:00,17.8,67.5,1.3674,0.5,34.0,False,False
2004-10-12 05:00:00,16.9,66.7,1.2772,0.8,44.0,False,False
2004-10-12 06:00:00,17.8,60.6,1.2276,1.2,74.0,False,False
2004-10-12 07:00:00,17.6,60.8,1.2151,2.7,101.0,False,False
2004-10-12 08:00:00,17.9,57.8,1.1751,3.0,103.0,False,False
2004-10-12 09:00:00,18.1,56.4,1.1645,,,False,False
2004-10-12 10:00:00,18.2,55.9,1.1547,,,False,False
2004-10-12 11:00:00,19.7,49.1,1.1148,,,False,False
2004-10-12 12:00:00,20.8,45.8,1.1126,,,False,False
2004-10-12 13:00:00,20.5,46.0,1.1,,,False,False
2004-10-12 14:00:00,18.9,50.6,1.0927,,,False,False
2004-10-12 15:00:00,18.4,51.6,1.0832,,,False,False
2004-10-12 16:00:00,17.9,52.6,1.0711,,,False,False
2004-10-12 17:00:00,17.1,54.2,1.0503,,,False,False
2004-10-12 18:00:00,16.5,56.2,1.0455,,,False,False
2004-10-12 19:00:00,16.7,54.1,1.0212,,,False,False
2004-10-12 20:00:00,15.4,57.7,1.0008,,,False,False
2004-10-12 21:00:00,15.5,57.1,0.9971,,,False,False
2004-10-12 22:00:00,15.6,55.9,0.985,,,False,False
2004-10-12 23:00:00,14.8,58.4,0.9777,,,False,False
2004-10-13 00:00:00,14.8,57.9,0.9662,,,False,False
2004-10-13 01:00:00,14.6,57.6,0.9517,,,False,False
2004-10-13 02:00:00,14.6,57.1,0.9428,,,False,False
2004-10-13 03:00:00,14.4,57.6,0.9416,,,False,False
2004-10-13 04:00:00,14.5,57.4,0.9413,,,False,False
2004-10-13 05:00:00,14.3,58.4,0.9501,,,False,False
2004-10-13 06:00:00,14.7,57.4,0.9564,,,False,False
2004-10-13 07:00:00,14.3,58.1,0.9404,,,False,False
2004-10-13 08:00:00,14.0,58.3,0.9294,,,False,False
2004-10-13 09:00:00,15.4,53.2,0.9246,1.5,78.0,False,False
2004-10-13 10:00:00,16.5,49.9,0.9289,1.2,72.0,False,False
2004-10-13 11:00:00,17.4,47.6,0.9387,,,False,False
2004-10-13 12:00:00,18.0,46.1,0.9401,,,False,False
2004-10-13 13:00:00,17.9,46.5,0.9474,,,False,False
2004-10-13 14:00:00,17.4,48.3,0.955,,,False,False
2004-10-13 15:00:00,16.0,52.6,0.9489,,,False,False
2004-10-13 16:00:00,15.3,58.7,1.0154,,,False,False
2004-10-13 17:00:00,15.2,55.9,0.9572,,,False,False
2004-10-13 18:00:00,14.8,56.3,0.9459,,,False,False
2004-10-13 19:00:00,14.7,57.8,0.9626,,,False,False
2004-10-13 20:00:00,14.8,57.3,0.9603,,,False,False
2004-10-13 21:00:00,14.9,57.1,0.9581,,,False,False
2004-10-13 22:00:00,15.2,55.5,0.9521,,,False,False
2004-10-13 23:00:00,15.3,55.4,0.9564,,,False,False
2004-10-14 00:00:00,15.1,56.9,0.9673,,,False,False
2004-10-14 01:00:00,15.0,56.4,0.9554,,,False,False
2004-10-14 02:00:00,14.9,56.4,0.9474,,,False,False
2004-10-14 03:00:00,15.2,54.7,0.9394,,,False,False
2004-10-14 04:00:00,15.1,55.4,0.9439,,,False,False
2004-10-14 05:00:00,14.9,56.8,0.9541,,,False,False
2004-10-14 06:00:00,15.2,55.9,0.9589,,,False,False
2004-10-14 07:00:00,15.3,56.3,0.9684,,,False,False
2004-10-14 08:00:00,15.6,55.4,0.9725,,,False,False
2004-10-14 09:00:00,16.3,53.3,0.9809,,,False,False
2004-10-14 10:00:00,20.4,42.2,0.9964,,,False,False
2004-10-14 11:00:00,21.9,39.4,1.0234,,,False,False
2004-10-14 12:00:00,21.5,41.2,1.0399,,,False,False
2004-10-14 13:00:00,22.2,41.4,1.097,,,False,False
2004-10-14 14:00:00,21.0,46.8,1.1508,,,False,False
2004-10-14 15:00:00,21.9,44.9,1.1635,,,False,False
2004-10-14 16:00:00,21.5,46.7,1.1837,,,False,False
2004-10-14 17:00:00,19.7,56.6,1.2811,,,False,False
2004-10-14 18:00:00,18.8,60.8,1.3036,,,False,False
2004-10-14 19:00:00,19.3,59.6,1.3195,,,False,False
2004-10-14 20:00:00,17.6,69.2,1.3803,,,False,False
2004-10-14 21:00:00,16.4,77.1,1.4243,,,False,False
2004-10-14 22:00:00,16.6,77.3,1.4491,,,False,False
2004-10-14 23:00:00,15.9,78.1,1.4039,,,False,False
2004-10-15 00:00:00,15.1,82.3,1.4009,,,False,False
2004-10-15 01:00:00,14.8,83.8,1.4005,,,False,False
2004-10-15 02:00:00,14.4,84.6,1.3794,,,False,False
2004-10-15 03:00:00,15.8,77.6,1.3792,,,False,False
2004-10-15 04:00:00,15.2,79.4,1.3605,,,False,False
2004-10-15 05:00:00,14.8,81.9,1.3735,,,False,False
2004-10-15 06:00:00,14.6,82.9,1.3706,,,False,False
2004-10-15 07:00:00,14.8,80.4,1.3428,,,False,False
2004-10-15 08:00:00,15.6,77.1,1.3527,,,False,False
2004-10-15 09:00:00,17.3,70.9,1.3876,,,False,False
2004-10-15 10:00:00,22.2,51.3,1.3543,,,False,False
2004-10-15 11:00:00,24.4,43.9,1.3184,,,False,False
2004-10-15 12:00:00,22.7,47.6,1.2989,,,False,False
2004-10-15 13:00:00,20.5,61.5,1.4673,,,False,False
2004-10-15 14:00:00,23.3,40.4,1.1421,,,False,False
2004-10-15 15:00:00,23.2,39.9,1.1172,,,False,False
2004-10-15 16:00:00,21.5,44.5,1.129,,,False,False
2004-10-15 17:00:00,20.9,48.5,1.1878,,,False,False
2004-10-15 18:00:00,19.8,53.1,1.216,,,False,False
2004-10-15 19:00:00,20.1,53.6,1.2477,,,False,False
2004-10-15 20:00:00,19.6,56.0,1.2623,,,False,False
2004-10-15 21:00:00,18.6,60.4,1.2817,,,False,False
2004-10-15 22:00:00,14.5,78.3,1.288,,,False,False
2004-10-15 23:00:00,16.3,70.5,1.2921,,,False,False
2004-10-16 00:00:00,14.1,83.8,1.346,,,False,False
2004-10-16 01:00:00,14.5,81.3,1.3399,,,False,False
2004-10-16 02:00:00,14.7,80.7,1.3414,,,False,False
2004-10-16 03:00:00,14.5,82.1,1.3493,,,False,False
2004-10-16 04:00:00,15.0,78.4,1.3333,,,False,False
2004-10-16 05:00:00,14.5,80.5,1.3221,,,False,False
2004-10-16 06:00:00,14.6,79.0,1.3082,,,False,False
2004-10-16 07:00:00,15.0,74.8,1.2672,,,False,False
2004-10-16 08:00:00,15.9,70.4,1.2658,,,False,False
2004-10-16 09:00:00,17.4,62.3,1.2282,,,False,False
2004-10-16 10:00:00,21.3,42.9,1.0727,,,False,False
2004-10-16 11:00:00,22.0,38.9,1.0154,,,False,False
2004-10-16 12:00:00,20.3,41.3,0.9745,,,False,False
2004-10-16 13:00:00,20.2,45.6,1.0663,,,False,False
2004-10-16 14:00:00,20.8,37.4,0.9107,,,False,False
2004-10-16 15:00:00,21.6,35.9,0.9164,,,False,False
2004-10-16 16:00:00,22.0,35.7,0.9329,,,False,False
2004-10-16 17:00:00,19.9,42.0,0.9665,,,False,False
2004-10-16 18:00:00,19.2,46.3,1.0158,,,False,False
2004-10-16 19:00:00,17.9,56.9,1.1545,,,False,False
2004-10-16 20:00:00,14.7,75.5,1.2554,,,False,False
2004-10-16 21:00:00,15.1,78.9,1.3409,,,False,False
2004-10-16 22:00:00,17.2,66.7,1.2987,,,False,False
2004-10-16 23:00:00,15.4,73.2,1.2755,,,False,False
2004-10-17 00:00:00,16.5,68.5,1.2753,,,False,False
2004-10-17 01:00:00,16.4,70.3,1.3031,,,False,False
2004-10-17 02:00:00,15.4,78.1,1.3557,,,False,False
2004-10-17 03:00:00,15.8,75.5,1.3436,,,False,False
2004-10-17 04:00:00,16.0,69.5,1.2549,,,False,False
2004-10-17 05:00:00,15.0,71.0,1.2032,,,False,False
2004-10-17 06:00:00,13.9,75.2,1.1884,,,False,False
2004-10-17 07:00:00,15.9,62.1,1.1103,,,False,False
2004-10-17 08:00:00,15.9,61.0,1.0911,,,False,False
2004-10-17 09:00:00,17.1,58.7,1.1332,,,False,False
2004-10-17 10:00:00,19.2,51.9,1.1404,,,False,False
2004-10-17 11:00:00,21.5,42.6,1.0798,,,False,False
2004-10-17 12:00:00,21.6,39.9,1.0156,,,False,False
2004-10-17 13:00:00,21.6,40.4,1.0309,,,False,False
2004-10-17 14:00:00,22.0,37.3,0.9768,,,False,False
2004-10-17 15:00:00,22.1,35.2,0.9253,,,False,False
2004-10-17 16:00:00,22.4,36.0,0.9621,,,False,False
2004-10-17 17:00:00,20.9,40.3,0.9866,,,False,False
2004-10-17 18:00:00,19.8,41.5,0.9489,,,False,False
2004-10-17 19:00:00,18.2,46.0,0.9538,,,False,False
2004-10-17 20:00:00,17.3,50.3,0.9837,,,False,False
2004-10-17 21:00:00,15.8,57.6,1.0271,,,False,False
2004-10-17 22:00:00,15.5,59.7,1.0413,,,False,False
2004-10-17 23:00:00,15.5,60.6,1.0574,,,False,False
2004-10-18 00:00:00,15.8,59.9,1.0676,,,False,False
2004-10-18 01:00:00,14.8,64.3,1.073,,,False,False
2004-10-18 02:00:00,14.8,64.7,1.0788,,,False,False
2004-10-18 03:00:00,13.8,67.6,1.0581,,,False,False
2004-10-18 04:00:00,14.5,65.0,1.0672,,,False,False
2004-10-18 05:00:00,14.0,67.4,1.0703,,,False,False
2004-10-18 06:00:00,12.6,73.6,1.0699,,,False,False
2004-10-18 07:00:00,13.3,70.4,1.0711,,,False,False
2004-10-18 08:00:00,14.4,65.8,1.0773,,,False,False
2004-10-18 09:00:00,16.8,57.8,1.0947,,,False,False
2004-10-18 10:00:00,19.7,49.3,1.1199,,,False,False
2004-10-18 11:00:00,21.1,47.2,1.1659,,,False,False
2004-10-18 12:00:00,22.2,43.2,1.1427,,,False,False
2004-10-18 13:00:00,21.4,47.2,1.1927,,,False,False
2004-10-18 14:00:00,19.9,55.4,1.2702,,,False,False
2004-10-18 15:00:00,20.3,54.0,1.2744,,,False,False
2004-10-18 16:00:00,20.0,56.5,1.3051,,,False,False
2004-10-18 17:00:00,19.7,57.8,1.3138,,,False,False
2004-10-18 18:00:00,19.3,59.0,1.3077,,,False,False
2004-10-18 19:00:00,18.5,60.3,1.2706,,,False,False
2004-10-18 20:00:00,17.8,66.3,1.341,,,False,False
2004-10-18 21:00:00,17.6,65.9,1.3175,,,False,False
2004-10-18 22:00:00,17.5,63.5,1.2622,,,False,False
2004-10-18 23:00:00,16.5,67.2,1.2491,,,False,False
2004-10-19 00:00:00,16.2,69.1,1.259,,,False,False
2004-10-19 01:00:00,14.9,74.7,1.2564,,,False,False
2004-10-19 02:00:00,14.1,76.7,1.2273,,,False,False
2004-10-19 03:00:00,14.0,76.6,1.2202,,,False,False
2004-10-19 04:00:00,14.9,73.8,1.24,,,False,False
2004-10-19 05:00:00,15.2,73.1,1.257,,,False,False
2004-10-19 06:00:00,15.2,73.4,1.2626,,,False,False
2004-10-19 07:00:00,15.2,74.7,1.2824,,,False,False
2004-10-19 08:00:00,15.8,71.7,1.278,,,False,False
2004-10-19 09:00:00,16.6,68.4,1.2829,,,False,False
2004-10-19 10:00:00,17.6,64.9,1.2925,,,False,False
2004-10-19 11:00:00,18.3,63.8,1.331,,,False,False
2004-10-19 12:00:00,19.4,61.1,1.3652,,,False,False
2004-10-19 13:00:00,20.9,58.1,1.4193,,,False,False
2004-10-19 14:00:00,22.0,54.0,1.4114,,,False,False
2004-10-19 15:00:00,22.8,53.0,1.4482,,,False,False
2004-10-19 16:00:00,21.7,57.6,1.4756,,,False,False
2004-10-19 17:00:00,21.3,60.8,1.5205,,,False,False
2004-10-19 18:00:00,21.2,61.7,1.5309,,,False,False
2004-10-19 19:00:00,21.2,62.2,1.5473,,,False,False
2004-10-19 20:00:00,20.8,65.1,1.5782,,,False,False
2004-10-19 21:00:00,19.9,69.0,1.5877,,,False,False
2004-10-19 22:00:00,18.8,73.7,1.5785,,,False,False
2004-10-19 23:00:00,19.2,71.3,1.5723,,,False,False
2004-10-20 00:00:00,19.0,71.6,1.5549,,,False,False
2004-10-20 01:00:00,19.5,69.7,1.5596,,,False,False
2004-10-20 02:00:00,19.4,70.1,1.5626,,,False,False
2004-10-20 03:00:00,18.4,74.5,1.5634,,,False,False
2004-10-20 04:00:00,18.7,73.4,1.5701,,,False,False
2004-10-20 05:00:00,18.4,74.6,1.5631,,,False,False
2004-10-20 06:00:00,18.5,74.4,1.5661,,,False,False
2004-10-20 07:00:00,18.8,73.0,1.5737,,,False,False
2004-10-20 08:00:00,19.9,69.9,1.6036,,,False,False
2004-10-20 09:00:00,21.3,66.1,1.6556,,,False,False
2004-10-20 10:00:00,23.0,61.8,1.7135,,,False,False
2004-10-20 11:00:00,22.4,64.6,1.7271,,,False,False
2004-10-20 12:00:00,23.8,59.9,1.7376,,,False,False
2004-10-20 13:00:00,24.7,56.9,1.7472,,,False,False
2004-10-20 14:00:00,25.4,55.1,1.761,,,False,False
2004-10-20 15:00:00,25.7,54.5,1.7684,,,False,False
2004-10-20 16:00:00,24.8,57.7,1.7765,4.7,167.0,False,False
2004-10-20 17:00:00,24.6,58.9,1.8005,8.0,194.0,False,True
2004-10-20 18:00:00,23.9,61.8,1.8088,7.7,172.0,False,True
2004-10-20 19:00:00,23.0,65.9,1.8319,6.8,134.0,False,False
2004-10-20 20:00:00,22.4,67.7,1.8161,6.0,130.0,False,False
2004-10-20 21:00:00,22.0,69.2,1.8061,4.7,113.0,False,False
2004-10-20 22:00:00,21.8,69.6,1.79,3.4,99.0,False,False
2004-10-20 23:00:00,21.9,68.3,1.7699,3.9,109.0,False,False
2004-10-21 00:00:00,21.7,69.7,1.7872,4.4,105.0,False,False
2004-10-21 01:00:00,21.3,70.3,1.7574,3.3,91.0,False,False
2004-10-21 02:00:00,20.8,71.7,1.7415,2.0,77.0,False,False
2004-10-21 03:00:00,21.4,69.0,1.7421,1.5,,False,False
2004-10-21 04:00:00,21.4,69.3,1.7515,,59.0,False,False
2004-10-21 05:00:00,21.3,69.5,1.7447,0.8,60.0,False,False
2004-10-21 06:00:00,21.5,67.5,1.708,1.3,72.0,False,False
2004-10-21 07:00:00,21.9,64.8,1.683,2.7,83.0,False,False
2004-10-21 08:00:00,22.6,61.4,1.6645,3.6,104.0,False,False
2004-10-21 09:00:00,22.6,61.5,1.6636,3.6,119.0,False,False
2004-10-21 10:00:00,25.5,52.3,1.6796,2.6,105.0,False,False
2004-10-21 11:00:00,27.0,47.6,1.67,2.0,91.0,False,False
2004-10-21 12:00:00,25.2,53.3,1.6834,3.3,103.0,False,False
2004-10-21 13:00:00,26.6,49.3,1.6872,2.6,,False,False
2004-10-21 14:00:00,27.2,48.5,1.7172,2.1,111.0,False,False
2004-10-21 15:00:00,26.9,50.0,1.7507,2.9,101.0,False,False
2004-10-21 16:00:00,26.5,52.2,1.7769,3.0,102.0,False,False
2004-10-21 17:00:00,27.0,51.0,1.7936,3.2,101.0,False,False
2004-10-21 18:00:00,25.9,55.8,1.8347,4.4,118.0,False,False
2004-10-21 19:00:00,25.1,59.4,1.8632,6.0,120.0,False,False
2004-10-21 20:00:00,24.7,58.7,1.8001,5.0,107.0,False,False
2004-10-21 21:00:00,23.6,62.2,1.7863,4.3,104.0,False,False
2004-10-21 22:00:00,22.4,67.1,1.794,4.3,91.0,False,False
2004-10-21 23:00:00,21.6,69.2,1.763,4.2,91.0,False,False
2004-10-22 00:00:00,21.3,68.5,1.7164,2.2,74.0,False,False
2004-10-22 01:00:00,21.2,68.6,1.7046,1.3,63.0,False,False
2004-10-22 02:00:00,20.3,70.6,1.6659,1.0,57.0,False,False
2004-10-22 03:00:00,20.8,67.3,1.6353,0.7,,False,False
2004-10-22 04:00:00,19.6,71.3,1.612,,48.0,False,False
2004-10-22 05:00:00,18.7,74.4,1.5861,0.9,49.0,False,False
2004-10-22 06:00:00,19.8,69.2,1.5808,1.0,55.0,False,False
2004-10-22 07:00:00,19.8,69.4,1.5859,2.8,78.0,False,False
2004-10-22 08:00:00,20.4,66.7,1.5781,4.1,91.0,False,False
2004-10-22 09:00:00,22.3,60.6,1.6069,2.9,88.0,False,False
2004-10-22 10:00:00,22.6,59.9,1.6246,2.7,83.0,False,False
2004-10-22 11:00:00,24.5,54.5,1.6514,2.1,81.0,False,False
2004-10-22 12:00:00,24.4,55.4,1.6712,2.4,83.0,False,False
2004-10-22 13:00:00,26.0,51.9,1.7148,3.8,111.0,False,False
2004-10-22 14:00:00,26.8,49.1,1.7101,3.7,112.0,False,False
2004-10-22 15:00:00,26.4,49.8,1.6928,3.7,112.0,False,False
2004-10-22 16:00:00,26.9,48.6,1.7017,5.5,137.0,False,False
2004-10-22 17:00:00,26.2,48.9,1.634,5.4,152.0,False,False
2004-10-22 18:00:00,24.3,54.3,1.6276,8.4,163.0,False,False
2004-10-22 19:00:00,23.3,58.1,1.6457,6.8,135.0,False,False
2004-10-22 20:00:00,22.3,62.5,1.6616,4.5,119.0,False,False
2004-10-22 21:00:00,21.3,66.1,1.6556,2.5,91.0,False,False
2004-10-22 22:00:00,21.2,65.7,1.6319,1.6,74.0,False,False
2004-10-22 23:00:00,20.3,68.1,1.6009,1.7,73.0,False,False
2004-10-23 00:00:00,20.4,66.7,1.583,1.7,71.0,False,False
2004-10-23 01:00:00,19.9,67.5,1.5544,1.1,57.0,False,False
2004-10-23 02:00:00,19.1,70.0,1.5331,1.0,51.0,False,False
2004-10-23 03:00:00,19.3,68.1,1.5139,0.8,,False,False
2004-10-23 04:00:00,19.6,66.9,1.5125,,42.0,False,False
2004-10-23 05:00:00,18.1,72.1,1.4834,0.7,43.0,False,False
2004-10-23 06:00:00,18.1,72.3,1.4927,1.2,52.0,False,False
2004-10-23 07:00:00,17.6,74.8,1.491,2.3,65.0,False,False
2004-10-23 08:00:00,18.2,72.8,1.5048,3.0,69.0,False,False
2004-10-23 09:00:00,20.2,65.8,1.5374,3.3,91.0,False,False
2004-10-23 10:00:00,21.6,61.4,1.5696,2.8,92.0,False,False
2004-10-23 11:00:00,23.3,57.5,1.6169,3.0,102.0,False,False
2004-10-23 12:00:00,25.0,52.4,1.6356,3.4,118.0,False,False
2004-10-23 13:00:00,25.4,50.8,1.6275,3.0,111.0,False,False
2004-10-23 14:00:00,26.1,47.1,1.5724,2.3,101.0,False,False
2004-10-23 15:00:00,27.0,44.2,1.549,3.1,119.0,False,False
2004-10-23 16:00:00,27.2,43.0,1.5246,3.0,115.0,False,False
2004-10-23 17:00:00,25.6,48.3,1.5641,3.3,120.0,False,False
2004-10-23 18:00:00,23.3,57.9,1.6376,4.0,115.0,False,False
2004-10-23 19:00:00,22.2,63.6,1.6763,4.6,118.0,False,False
2004-10-23 20:00:00,21.6,67.7,1.7228,4.1,117.0,False,False
2004-10-23 21:00:00,21.0,69.3,1.7058,2.3,96.0,False,False
2004-10-23 22:00:00,20.3,70.5,1.6599,2.6,89.0,False,False
2004-10-23 23:00:00,20.0,69.5,1.6109,2.6,84.0,False,False
2004-10-24 00:00:00,19.7,70.1,1.5891,2.9,97.0,False,False
2004-10-24 01:00:00,19.5,70.7,1.5851,2.1,68.0,False,False
2004-10-24 02:00:00,19.4,71.4,1.5959,2.1,66.0,False,False
2004-10-24 03:00:00,19.3,71.1,1.5746,1.5,,False,False
2004-10-24 04:00:00,18.7,73.8,1.5704,,51.0,False,False
2004-10-24 05:00:00,18.0,75.4,1.5441,1.4,48.0,False,False
2004-10-24 06:00:00,17.3,78.4,1.532,1.2,47.0,False,False
2004-10-24 07:00:00,17.5,76.6,1.5174,1.5,48.0,False,False
2004-10-24 08:00:00,20.0,66.7,1.5401,0.9,45.0,False,False
2004-10-24 09:00:00,19.1,70.0,1.5366,1.4,59.0,False,False
2004-10-24 10:00:00,21.4,61.7,1.5547,2.1,84.0,False,False
2004-10-24 11:00:00,24.6,50.4,1.5363,1.6,72.0,False,False
2004-10-24 12:00:00,25.0,49.1,1.5295,1.5,68.0,False,False
2004-10-24 13:00:00,25.3,46.7,1.4874,1.1,52.0,False,False
2004-10-24 14:00:00,24.8,47.9,1.4819,1.4,70.0,False,False
2004-10-24 15:00:00,25.3,48.0,1.5249,2.0,90.0,False,False
2004-10-24 16:00:00,26.5,44.9,1.5278,2.0,87.0,False,False
2004-10-24 17:00:00,25.0,50.1,1.563,2.5,99.0,False,False
2004-10-24 18:00:00,22.9,57.6,1.5885,4.3,128.0,False,False
2004-10-24 19:00:00,21.7,62.9,1.6117,5.2,127.0,False,False
2004-10-24 20:00:00,21.8,63.0,1.619,3.4,99.0,False,False
2004-10-24 21:00:00,21.2,63.4,1.5748,1.3,72.0,False,False
2004-10-24 22:00:00,20.2,65.8,1.535,1.2,62.0,False,False
2004-10-24 23:00:00,18.4,71.5,1.5038,1.7,62.0,False,False
2004-10-25 00:00:00,17.9,72.4,1.4758,1.7,63.0,False,False
2004-10-25 01:00:00,16.9,75.4,1.4393,1.4,56.0,False,False
2004-10-25 02:00:00,16.5,75.5,1.4056,0.9,44.0,False,False
2004-10-25 03:00:00,15.4,79.0,1.3735,0.7,,False,False
2004-10-25 04:00:00,15.5,78.6,1.37,,37.0,False,False
2004-10-25 05:00:00,16.2,76.9,1.4029,0.9,48.0,False,False
2004-10-25 06:00:00,15.8,79.6,1.417,1.2,59.0,False,False
2004-10-25 07:00:00,16.0,76.3,1.3772,3.2,77.0,False,False
2004-10-25 08:00:00,16.3,74.3,1.3644,4.4,88.0,False,False
2004-10-25 09:00:00,18.7,66.3,1.414,3.5,111.0,False,False
2004-10-25 10:00:00,20.5,60.2,1.4346,3.2,114.0,False,False
2004-10-25 11:00:00,19.3,66.2,1.4706,3.0,108.0,False,False
2004-10-25 12:00:00,20.0,63.9,1.4805,3.5,111.0,False,False
2004-10-25 13:00:00,21.4,59.4,1.4928,4.0,126.0,False,False
2004-10-25 14:00:00,21.5,60.9,1.5398,3.8,117.0,False,False
2004-10-25 15:00:00,21.6,60.9,1.5551,4.2,119.0,False,False
2004-10-25 16:00:00,21.6,62.0,1.5784,5.0,125.0,False,False
2004-10-25 17:00:00,21.7,61.9,1.592,7.9,158.0,False,False
2004-10-25 18:00:00,21.0,64.9,1.5987,8.4,149.0,False,False
2004-10-25 19:00:00,20.0,68.6,1.5882,8.0,136.0,False,False
2004-10-25 20:00:00,19.3,71.4,1.5805,6.4,112.0,False,False
2004-10-25 21:00:00,18.5,73.4,1.5461,3.5,87.0,False,False
2004-10-25 22:00:00,17.7,75.6,1.5226,3.5,82.0,False,False
2004-10-25 23:00:00,18.5,70.4,1.487,1.9,67.0,False,False
2004-10-26 00:00:00,17.0,76.1,1.4582,2.2,68.0,False,False
2004-10-26 01:00:00,16.8,74.9,1.4258,1.6,60.0,False,False
2004-10-26 02:00:00,15.5,78.5,1.3782,1.0,48.0,False,False
2004-10-26 03:00:00,15.3,79.0,1.3605,1.0,,False,False
2004-10-26 04:00:00,15.0,77.9,1.3197,,42.0,False,False
2004-10-26 05:00:00,14.8,79.4,1.3312,0.9,46.0,False,False
2004-10-26 06:00:00,15.7,77.0,1.3591,1.4,54.0,False,False
2004-10-26 07:00:00,16.2,75.9,1.3872,3.0,82.0,False,False
2004-10-26 08:00:00,16.3,75.9,1.3991,4.5,93.0,False,False
2004-10-26 09:00:00,17.7,70.6,1.4202,3.8,95.0,False,False
2004-10-26 10:00:00,18.3,67.6,1.4103,3.4,120.0,False,False
2004-10-26 11:00:00,20.1,62.0,1.4409,3.5,132.0,False,False
2004-10-26 12:00:00,22.6,54.5,1.4737,4.4,146.0,False,False
2004-10-26 13:00:00,24.6,47.1,1.4378,4.0,157.0,False,False
2004-10-26 14:00:00,24.9,48.3,1.4942,4.5,158.0,False,False
2004-10-26 15:00:00,24.9,50.0,1.5522,5.3,175.0,False,False
2004-10-26 16:00:00,24.0,55.0,1.6211,5.8,166.0,False,False
2004-10-26 17:00:00,23.2,58.7,1.651,8.4,187.0,False,True
2004-10-26 18:00:00,22.5,61.5,1.6579,9.5,180.0,False,True
2004-10-26 19:00:00,22.2,61.0,1.6071,6.2,134.0,False,False
2004-10-26 20:00:00,22.6,58.3,1.5829,5.0,127.0,False,False
2004-10-26 21:00:00,21.0,57.4,1.4098,2.1,95.0,False,False
2004-10-26 22:00:00,19.8,63.7,1.4524,1.4,79.0,False,False
2004-10-26 23:00:00,17.7,78.8,1.5855,1.6,78.0,False,False
2004-10-27 00:00:00,17.6,80.5,1.6062,2.0,80.0,False,False
2004-10-27 01:00:00,17.4,81.3,1.6066,1.2,67.0,False,False
2004-10-27 02:00:00,17.4,81.0,1.6012,0.8,61.0,False,False
2004-10-27 03:00:00,17.2,81.8,1.5856,0.6,,False,False
2004-10-27 04:00:00,17.0,81.0,1.5521,,51.0,False,False
2004-10-27 05:00:00,16.8,81.3,1.5447,0.7,56.0,False,False
2004-10-27 06:00:00,17.6,78.8,1.5723,1.7,68.0,False,False
2004-10-27 07:00:00,18.0,75.7,1.5527,3.4,101.0,False,False
2004-10-27 08:00:00,18.0,74.8,1.5281,4.9,119.0,False,False
2004-10-27 09:00:00,18.2,74.0,1.5343,2.7,108.0,False,False
2004-10-27 10:00:00,19.7,65.4,1.4854,3.2,132.0,False,False
2004-10-27 11:00:00,21.0,57.9,1.4267,2.7,130.0,False,False
2004-10-27 12:00:00,20.7,58.6,1.4142,3.2,129.0,False,False
2004-10-27 13:00:00,19.5,67.1,1.506,4.1,117.0,False,False
2004-10-27 14:00:00,18.5,76.2,1.6045,3.6,119.0,False,False
2004-10-27 15:00:00,19.6,69.7,1.5675,2.8,113.0,False,False
2004-10-27 16:00:00,19.9,65.3,1.5066,2.1,102.0,False,False
2004-10-27 17:00:00,20.0,63.3,1.4622,2.4,101.0,False,False
2004-10-27 18:00:00,19.2,66.4,1.4592,3.6,116.0,False,False
2004-10-27 19:00:00,19.3,67.5,1.4977,2.6,101.0,False,False
2004-10-27 20:00:00,18.2,71.4,1.4776,2.8,94.0,False,False
2004-10-27 21:00:00,17.8,71.2,1.4396,1.4,75.0,False,False
2004-10-27 22:00:00,17.6,69.9,1.3969,1.1,69.0,False,False
2004-10-27 23:00:00,16.0,75.9,1.3721,1.3,60.0,False,False
2004-10-28 00:00:00,16.9,72.0,1.3749,0.9,58.0,False,False
2004-10-28 01:00:00,15.7,76.3,1.3519,1.0,51.0,False,False
2004-10-28 02:00:00,14.8,78.7,1.3169,0.9,45.0,False,False
2004-10-28 03:00:00,14.8,79.7,1.3286,0.7,,False,False
2004-10-28 04:00:00,14.6,79.9,1.3156,,41.0,False,False
2004-10-28 05:00:00,15.2,78.0,1.3382,0.8,48.0,False,False
2004-10-28 06:00:00,15.5,77.2,1.3502,1.6,61.0,False,False
2004-10-28 07:00:00,15.7,76.4,1.3558,3.4,88.0,False,False
2004-10-28 08:00:00,16.0,76.4,1.3751,4.4,102.0,False,False
2004-10-28 09:00:00,16.7,73.8,1.3886,3.5,97.0,False,False
2004-10-28 10:00:00,18.6,66.3,1.4047,3.4,116.0,False,False
2004-10-28 11:00:00,20.4,58.1,1.3762,2.4,112.0,False,False
2004-10-28 12:00:00,20.6,57.3,1.3792,2.3,101.0,False,False
2004-10-28 13:00:00,21.6,53.6,1.3669,2.6,99.0,False,False
2004-10-28 14:00:00,21.4,55.6,1.4015,2.9,113.0,False,False
2004-10-28 15:00:00,20.7,63.0,1.5204,4.4,122.0,False,False
2004-10-28 16:00:00,21.3,61.9,1.5463,5.0,139.0,False,False
2004-10-28 17:00:00,20.8,64.0,1.5522,6.5,149.0,False,False
2004-10-28 18:00:00,20.3,66.7,1.5656,5.9,136.0,False,False
2004-10-28 19:00:00,19.7,64.5,1.4594,2.7,103.0,False,False
2004-10-28 20:00:00,19.4,64.0,1.4282,2.5,112.0,False,False
2004-10-28 21:00:00,20.1,60.8,1.4152,1.5,88.0,False,False
2004-10-28 22:00:00,20.4,60.4,1.4263,1.0,63.0,False,False
2004-10-28 23:00:00,20.1,62.6,1.4543,1.2,69.0,False,False
2004-10-29 00:00:00,19.9,64.9,1.4905,1.0,65.0,False,False
2004-10-29 01:00:00,18.2,74.7,1.5441,0.8,50.0,False,False
2004-10-29 02:00:00,18.4,73.8,1.5463,0.6,43.0,False,False
2004-10-29 03:00:00,18.7,73.5,1.5664,0.6,,False,False
2004-10-29 04:00:00,18.2,76.6,1.5907,,56.0,False,False
2004-10-29 05:00:00,18.5,76.4,1.6112,1.1,69.0,False,False
2004-10-29 06:00:00,19.3,71.6,1.5844,1.3,91.0,False,False
2004-10-29 07:00:00,20.2,66.9,1.5643,2.9,111.0,False,False
2004-10-29 08:00:00,20.8,64.7,1.5692,3.7,124.0,False,False
2004-10-29 09:00:00,21.9,61.8,1.6021,3.0,119.0,False,False
2004-10-29 10:00:00,23.5,57.7,1.6515,1.4,77.0,False,False
2004-10-29 11:00:00,19.8,81.0,1.8538,2.6,101.0,False,False
2004-10-29 12:00:00,20.2,86.5,2.0224,4.2,116.0,False,False
2004-10-29 13:00:00,20.2,82.2,1.9184,5.1,137.0,False,False
2004-10-29 14:00:00,19.7,82.2,1.8669,5.5,163.0,False,True
2004-10-29 15:00:00,20.2,79.1,1.85,4.5,144.0,False,False
2004-10-29 16:00:00,20.1,75.4,1.751,2.7,118.0,False,False
2004-10-29 17:00:00,20.2,72.3,1.6893,3.1,135.0,False,False
2004-10-29 18:00:00,20.0,73.3,1.693,4.2,129.0,False,False
2004-10-29 19:00:00,18.3,74.9,1.5583,3.1,128.0,False,False
2004-10-29 20:00:00,18.9,70.4,1.5259,1.7,103.0,False,False
2004-10-29 21:00:00,17.3,76.3,1.4919,1.8,116.0,False,False
2004-10-29 22:00:00,17.1,77.9,1.5081,1.7,95.0,False,False
2004-10-29 23:00:00,17.3,79.3,1.5569,2.1,107.0,False,False
2004-10-30 00:00:00,17.3,79.9,1.5643,2.4,108.0,False,False
2004-10-30 01:00:00,16.9,80.6,1.5372,1.8,94.0,False,False
2004-10-30 02:00:00,16.9,81.4,1.551,1.5,84.0,False,False
2004-10-30 03:00:00,16.8,81.5,1.5418,1.4,,False,False
2004-10-30 04:00:00,16.9,79.8,1.5238,,72.0,False,False
2004-10-30 05:00:00,16.7,79.7,1.503,1.0,76.0,False,False
2004-10-30 06:00:00,16.8,79.0,1.4978,1.4,82.0,False,False
2004-10-30 07:00:00,16.8,79.8,1.5115,2.4,94.0,False,False
2004-10-30 08:00:00,16.9,79.9,1.5253,3.1,102.0,False,False
2004-10-30 09:00:00,17.4,79.3,1.5593,3.0,106.0,False,False
2004-10-30 10:00:00,18.0,76.6,1.5706,2.7,108.0,False,False
2004-10-30 11:00:00,21.2,64.4,1.6015,4.0,152.0,False,False
2004-10-30 12:00:00,22.4,60.8,1.6261,3.7,160.0,False,False
2004-10-30 13:00:00,22.6,61.1,1.6596,3.4,133.0,False,False
2004-10-30 14:00:00,23.6,57.3,1.645,3.4,147.0,False,False
2004-10-30 15:00:00,23.5,58.3,1.664,3.2,135.0,False,False
2004-10-30 16:00:00,22.9,61.6,1.7014,3.9,135.0,False,False
2004-10-30 17:00:00,22.3,64.3,1.7055,3.7,129.0,False,False
2004-10-30 18:00:00,21.6,68.0,1.7305,4.3,117.0,False,False
2004-10-30 19:00:00,21.2,67.4,1.6755,4.9,116.0,False,False
2004-10-30 20:00:00,20.8,65.8,1.6001,4.0,109.0,False,False
2004-10-30 21:00:00,20.4,64.8,1.5379,2.8,96.0,False,False
2004-10-30 22:00:00,20.1,66.7,1.5548,2.4,90.0,False,False
2004-10-30 23:00:00,19.5,70.0,1.5711,1.9,82.0,False,False
2004-10-31 00:00:00,19.3,70.4,1.5578,2.0,86.0,False,False
2004-10-31 01:00:00,19.7,68.6,1.5563,1.5,72.0,False,False
2004-10-31 02:00:00,19.7,68.2,1.5484,1.3,61.0,False,False
2004-10-31 03:00:00,19.9,68.4,1.5673,1.0,,False,False
2004-10-31 04:00:00,18.4,74.2,1.5581,,45.0,False,False
2004-10-31 05:00:00,18.9,71.3,1.5449,0.5,37.0,False,False
2004-10-31 06:00:00,18.1,79.0,1.6224,0.4,31.0,False,False
2004-10-31 07:00:00,20.4,71.2,1.6834,0.4,30.0,False,False
2004-10-31 08:00:00,20.6,70.7,1.6996,0.9,41.0,False,False
2004-10-31 09:00:00,19.3,74.1,1.6391,1.3,64.0,False,False
2004-10-31 10:00:00,22.2,64.4,1.7005,2.1,74.0,False,False
2004-10-31 11:00:00,23.0,64.6,1.7851,2.4,77.0,False,False
2004-10-31 12:00:00,24.3,57.4,1.7233,2.0,83.0,False,False
2004-10-31 13:00:00,22.0,67.0,1.7441,1.8,71.0,False,False
2004-10-31 14:00:00,22.9,65.7,1.8148,1.5,62.0,False,False
2004-10-31 15:00:00,23.2,63.9,1.7957,1.6,62.0,False,False
2004-10-31 16:00:00,23.0,62.3,1.7248,2.2,79.0,False,False
2004-10-31 17:00:00,22.4,63.2,1.6878,2.3,93.0,False,False
2004-10-31 18:00:00,21.7,66.6,1.7077,6.6,106.0,False,False
2004-10-31 19:00:00,21.2,70.3,1.7476,4.7,100.0,False,False
2004-10-31 20:00:00,20.8,70.9,1.7203,4.1,89.0,False,False
2004-10-31 21:00:00,20.0,73.2,1.6965,4.1,83.0,False,False
2004-10-31 22:00:00,19.7,73.7,1.6708,2.7,76.0,False,False
2004-10-31 23:00:00,19.9,72.6,1.6681,2.6,68.0,False,False
2004-11-01 00:00:00,20.1,71.3,1.6564,3.2,69.0,False,False
2004-11-01 01:00:00,20.1,71.1,1.6498,3.7,77.0,False,False
2004-11-01 02:00:00,19.6,73.2,1.6543,3.5,68.0,False,False
2004-11-01 03:00:00,19.1,75.8,1.6568,3.0,,False,False
2004-11-01 04:00:00,18.4,77.9,1.6389,,52.0,False,False
2004-11-01 05:00:00,18.4,78.1,1.637,2.7,49.0,False,False
2004-11-01 06:00:00,19.2,74.7,1.6398,1.8,45.0,False,False
2004-11-01 07:00:00,19.4,75.1,1.6766,1.3,51.0,False,False
2004-11-01 08:00:00,19.1,75.6,1.6519,1.5,51.0,False,False
2004-11-01 09:00:00,20.3,71.1,1.6803,1.9,62.0,False,False
2004-11-01 10:00:00,23.1,61.3,1.7131,2.2,74.0,False,False
2004-11-01 11:00:00,25.1,56.0,1.7565,2.6,88.0,False,False
2004-11-01 12:00:00,25.8,56.1,1.841,2.7,90.0,False,False
2004-11-01 13:00:00,23.7,68.2,1.9739,2.5,91.0,False,False
2004-11-01 14:00:00,23.1,70.8,1.98,1.5,64.0,False,False
2004-11-01 15:00:00,23.9,66.3,1.9361,2.0,72.0,False,False
2004-11-01 16:00:00,23.8,65.0,1.8897,3.1,88.0,False,False
2004-11-01 17:00:00,23.2,65.6,1.8435,3.7,110.0,False,False
2004-11-01 18:00:00,21.8,72.7,1.8789,4.0,95.0,False,False
2004-11-01 19:00:00,21.7,67.3,1.7256,4.1,91.0,False,False
2004-11-01 20:00:00,21.3,66.3,1.6594,3.1,94.0,False,False
2004-11-01 21:00:00,20.4,71.6,1.7004,3.2,86.0,False,False
2004-11-01 22:00:00,19.6,75.3,1.6981,3.2,79.0,False,False
2004-11-01 23:00:00,19.3,75.8,1.6762,2.7,71.0,False,False
2004-11-02 00:00:00,18.4,76.3,1.6017,2.3,62.0,False,False
2004-11-02 01:00:00,18.2,76.4,1.5787,1.6,56.0,False,False
2004-11-02 02:00:00,17.9,74.8,1.5219,1.1,49.0,False,False
2004-11-02 03:00:00,17.5,74.5,1.4781,0.7,,False,False
2004-11-02 04:00:00,17.2,74.0,1.4388,,38.0,False,False
2004-11-02 05:00:00,17.6,73.2,1.4555,0.6,35.0,False,False
2004-11-02 06:00:00,17.9,69.3,1.4099,0.5,37.0,False,False
2004-11-02 07:00:00,16.1,76.3,1.3902,1.5,56.0,False,False
2004-11-02 08:00:00,17.1,72.8,1.4054,3.4,85.0,False,False
2004-11-02 09:00:00,20.8,57.9,1.407,4.4,112.0,False,False
2004-11-02 10:00:00,20.6,60.2,1.4428,4.4,107.0,False,False
2004-11-02 11:00:00,22.1,56.6,1.4851,5.8,151.0,False,False
2004-11-02 12:00:00,24.0,50.0,1.4679,4.9,151.0,False,False
2004-11-02 13:00:00,25.7,45.6,1.487,5.1,150.0,False,False
2004-11-02 14:00:00,25.5,49.7,1.5985,7.5,190.0,False,False
2004-11-02 15:00:00,25.2,50.6,1.5989,5.8,168.0,False,False
2004-11-02 16:00:00,25.4,50.7,1.6187,5.9,127.0,False,False
2004-11-02 17:00:00,24.4,56.0,1.6885,6.8,140.0,False,False
2004-11-02 18:00:00,23.0,62.1,1.7283,7.9,158.0,False,False
2004-11-02 19:00:00,21.8,65.3,1.6889,8.0,121.0,False,False
2004-11-02 20:00:00,20.9,67.5,1.6539,9.2,119.0,False,False
2004-11-02 21:00:00,20.2,68.6,1.6034,5.9,96.0,False,False
2004-11-02 22:00:00,19.3,70.8,1.5728,3.7,77.0,False,False
2004-11-02 23:00:00,19.2,68.8,1.5097,2.6,66.0,False,False
2004-11-03 00:00:00,20.4,61.1,1.4495,1.1,56.0,False,False
2004-11-03 01:00:00,18.0,71.5,1.4615,2.6,62.0,False,False
2004-11-03 02:00:00,17.5,73.2,1.4515,2.2,58.0,False,False
2004-11-03 03:00:00,17.2,71.7,1.394,0.9,,False,False
2004-11-03 04:00:00,16.4,74.4,1.3779,,37.0,False,False
2004-11-03 05:00:00,16.8,71.9,1.3628,0.5,35.0,False,False
2004-11-03 06:00:00,16.9,70.5,1.3504,0.7,50.0,False,False
2004-11-03 07:00:00,17.0,70.1,1.3512,1.3,64.0,False,False
2004-11-03 08:00:00,18.8,62.5,1.3401,2.2,75.0,False,False
2004-11-03 09:00:00,20.3,58.4,1.3745,3.7,101.0,False,False
2004-11-03 10:00:00,23.7,49.1,1.423,3.7,94.0,False,False
2004-11-03 11:00:00,26.6,42.8,1.4713,3.4,95.0,False,False
2004-11-03 12:00:00,26.2,43.5,1.4591,3.4,124.0,False,False
2004-11-03 13:00:00,26.3,43.6,1.4663,2.6,86.0,False,False
2004-11-03 14:00:00,26.6,42.5,1.4568,2.5,79.0,False,False
2004-11-03 15:00:00,26.3,43.7,1.4718,2.5,87.0,False,False
2004-11-03 16:00:00,25.6,46.2,1.4903,2.7,94.0,False,False
2004-11-03 17:00:00,25.1,47.6,1.4983,3.2,107.0,False,False
2004-11-03 18:00:00,23.8,51.4,1.4956,3.7,107.0,False,False
2004-11-03 19:00:00,23.3,53.1,1.496,4.6,117.0,False,False
2004-11-03 20:00:00,22.4,55.2,1.4735,3.3,97.0,False,False
2004-11-03 21:00:00,21.7,57.7,1.4766,2.4,90.0,False,False
2004-11-03 22:00:00,20.5,63.0,1.5043,2.8,86.0,False,False
2004-11-03 23:00:00,19.5,67.6,1.5156,2.7,77.0,False,False
2004-11-04 00:00:00,18.7,69.0,1.4727,1.8,66.0,False,False
2004-11-04 01:00:00,19.3,65.5,1.45,1.1,57.0,False,False
2004-11-04 02:00:00,17.6,70.8,1.4105,1.2,55.0,False,False
2004-11-04 03:00:00,16.8,72.9,1.3851,0.8,,False,False
2004-11-04 04:00:00,17.8,68.1,1.3722,0.6,40.0,False,False
2004-11-04 05:00:00,16.1,73.5,1.3329,0.5,40.0,False,False
2004-11-04 06:00:00,15.8,73.5,1.3151,0.7,46.0,False,False
2004-11-04 07:00:00,17.0,68.0,1.3102,0.8,53.0,False,False
2004-11-04 08:00:00,16.0,72.2,1.3077,3.5,84.0,False,False
2004-11-04 09:00:00,17.8,65.4,1.3213,3.6,88.0,False,False
2004-11-04 10:00:00,20.6,56.0,1.3467,,143.0,False,False
2004-11-04 11:00:00,23.6,48.0,1.3757,,130.0,False,False
2004-11-04 12:00:00,23.7,49.8,1.4433,,120.0,False,False
2004-11-04 13:00:00,24.7,47.4,1.4527,,139.0,False,False
2004-11-04 14:00:00,25.9,42.8,1.4122,,139.0,False,False
2004-11-04 15:00:00,26.8,43.3,1.4977,,156.0,False,False
2004-11-04 16:00:00,26.6,45.5,1.5555,,143.0,False,False
2004-11-04 17:00:00,24.8,53.9,1.6683,,186.0,False,False
2004-11-04 18:00:00,23.1,61.1,1.7082,8.7,171.0,False,True
2004-11-04 19:00:00,22.2,63.7,1.6865,5.8,124.0,False,False
2004-11-04 20:00:00,21.1,66.1,1.6313,4.3,97.0,False,False
2004-11-04 21:00:00,20.0,69.0,1.5956,3.6,92.0,False,False
2004-11-04 22:00:00,19.1,72.0,1.5732,3.9,96.0,False,False
2004-11-04 23:00:00,18.8,70.6,1.5209,2.4,74.0,False,False
2004-11-05 00:00:00,18.5,69.5,1.4657,1.6,65.0,False,False
2004-11-05 01:00:00,18.4,68.5,1.439,1.8,62.0,False,False
2004-11-05 02:00:00,16.8,73.3,1.3915,1.5,59.0,False,False
2004-11-05 03:00:00,17.9,66.8,1.3596,0.7,,False,False
2004-11-05 04:00:00,16.5,71.0,1.3239,0.5,41.0,False,False
2004-11-05 05:00:00,16.9,67.9,1.295,0.4,38.0,False,False
2004-11-05 06:00:00,16.1,69.3,1.2591,0.5,43.0,False,False
2004-11-05 07:00:00,16.1,69.6,1.2593,0.8,52.0,False,False
2004-11-05 08:00:00,16.2,70.1,1.2837,2.0,75.0,False,False
2004-11-05 09:00:00,16.5,69.3,1.2897,6.2,118.0,False,False
2004-11-05 10:00:00,19.6,58.3,1.3141,4.5,126.0,False,False
2004-11-05 11:00:00,20.7,55.5,1.3414,4.6,151.0,False,False
2004-11-05 12:00:00,20.8,56.3,1.3664,3.3,107.0,False,False
2004-11-05 13:00:00,21.7,53.1,1.3649,3.6,114.0,False,False
2004-11-05 14:00:00,23.0,49.0,1.362,4.4,125.0,False,False
2004-11-05 15:00:00,24.2,44.0,1.3078,4.3,138.0,False,False
2004-11-05 16:00:00,24.7,43.6,1.3396,5.0,144.0,False,False
2004-11-05 17:00:00,23.0,54.2,1.5066,8.1,180.0,False,False
2004-11-05 18:00:00,21.4,60.9,1.5322,8.0,154.0,False,False
2004-11-05 19:00:00,20.3,61.4,1.4417,3.6,105.0,False,False
2004-11-05 20:00:00,20.0,63.2,1.4581,2.9,98.0,False,False
2004-11-05 21:00:00,19.1,64.4,1.405,2.7,93.0,False,False
2004-11-05 22:00:00,18.1,67.5,1.3855,1.9,76.0,False,False
2004-11-05 23:00:00,17.8,66.9,1.3464,1.3,69.0,False,False
2004-11-06 00:00:00,17.6,66.5,1.3249,1.2,66.0,False,False
2004-11-06 01:00:00,16.1,71.2,1.2948,1.8,76.0,False,False
2004-11-06 02:00:00,15.5,73.3,1.2845,1.9,73.0,False,False
2004-11-06 03:00:00,15.4,72.8,1.2633,1.5,,False,False
2004-11-06 04:00:00,15.6,70.8,1.2461,0.9,54.0,False,False
2004-11-06 05:00:00,17.0,64.5,1.2374,0.5,44.0,False,False
2004-11-06 06:00:00,14.9,72.3,1.2186,0.6,45.0,False,False
2004-11-06 07:00:00,14.0,76.6,1.2183,1.1,58.0,False,False
2004-11-06 08:00:00,14.6,74.2,1.2256,2.8,87.0,False,False
2004-11-06 09:00:00,15.9,69.8,1.253,2.9,97.0,False,False
2004-11-06 10:00:00,18.4,61.3,1.2854,1.7,80.0,False,False
2004-11-06 11:00:00,20.0,56.7,1.3078,2.3,82.0,False,False
2004-11-06 12:00:00,20.4,57.0,1.3507,3.3,112.0,False,False
2004-11-06 13:00:00,20.7,59.3,1.4283,3.5,121.0,False,False
2004-11-06 14:00:00,21.7,54.8,1.4024,3.8,132.0,False,False
2004-11-06 15:00:00,22.0,54.2,1.4096,3.4,141.0,False,False
2004-11-06 16:00:00,21.4,57.1,1.4356,3.8,130.0,False,False
2004-11-06 17:00:00,20.8,58.7,1.4259,3.6,113.0,False,False
2004-11-06 18:00:00,20.1,59.6,1.3852,3.5,101.0,False,False
2004-11-06 19:00:00,20.0,58.4,1.3473,2.8,91.0,False,False
2004-11-06 20:00:00,19.5,58.9,1.3195,2.5,90.0,False,False
2004-11-06 21:00:00,19.5,57.4,1.2874,3.1,90.0,False,False
2004-11-06 22:00:00,19.1,59.2,1.295,1.8,83.0,False,False
2004-11-06 23:00:00,18.8,59.1,1.2702,1.6,73.0,False,False
2004-11-07 00:00:00,18.0,60.4,1.2331,1.9,80.0,False,False
2004-11-07 01:00:00,17.5,60.7,1.2009,2.0,87.0,False,False
2004-11-07 02:00:00,17.5,59.4,1.1768,1.4,79.0,False,False
2004-11-07 03:00:00,17.1,59.2,1.1477,1.2,,False,False
2004-11-07 04:00:00,17.0,52.3,1.0009,,56.0,False,False
2004-11-07 05:00:00,16.1,49.8,0.9021,0.7,42.0,False,False
2004-11-07 06:00:00,15.5,51.5,0.9026,0.4,31.0,False,False
2004-11-07 07:00:00,15.1,52.0,0.8878,0.4,35.0,False,False
2004-11-07 08:00:00,14.9,46.8,0.7885,0.5,51.0,False,False
2004-11-07 09:00:00,15.5,42.4,0.74,0.7,58.0,False,False
2004-11-07 10:00:00,16.6,38.2,0.7186,0.7,57.0,False,False
2004-11-07 11:00:00,18.0,34.7,0.7089,0.7,63.0,False,False
2004-11-07 12:00:00,18.0,35.1,0.7176,1.0,61.0,False,False
2004-11-07 13:00:00,17.6,33.8,0.6726,1.0,34.0,False,False
2004-11-07 14:00:00,17.5,33.7,0.6691,0.9,26.0,False,False
2004-11-07 15:00:00,17.2,33.9,0.6591,0.9,28.0,False,False
2004-11-07 16:00:00,16.8,32.1,0.6073,0.9,50.0,False,False
2004-11-07 17:00:00,16.0,34.1,0.6155,1.1,55.0,False,False
2004-11-07 18:00:00,14.8,37.5,0.6259,3.2,84.0,False,False
2004-11-07 19:00:00,14.4,39.2,0.6407,3.1,140.0,False,False
2004-11-07 20:00:00,14.1,43.0,0.6883,3.1,138.0,False,False
2004-11-07 21:00:00,13.4,48.4,0.7397,2.3,127.0,False,False
2004-11-07 22:00:00,12.7,51.2,0.7505,1.8,117.0,False,False
2004-11-07 23:00:00,9.9,71.4,0.8736,0.8,57.0,False,False
2004-11-08 00:00:00,10.2,71.6,0.8893,0.9,59.0,False,False
2004-11-08 01:00:00,10.6,61.3,0.7856,0.8,62.0,False,False
2004-11-08 02:00:00,11.1,55.6,0.7344,0.7,42.0,False,False
2004-11-08 03:00:00,11.5,50.4,0.6815,0.4,,False,False
2004-11-08 04:00:00,11.3,49.5,0.6615,0.2,13.0,False,False
2004-11-08 05:00:00,10.8,50.9,0.657,0.2,18.0,False,False
2004-11-08 06:00:00,10.9,50.1,0.6519,0.3,26.0,False,False
2004-11-08 07:00:00,10.8,49.7,0.6429,0.7,72.0,False,False
2004-11-08 08:00:00,10.7,50.4,0.6467,1.7,131.0,False,False
2004-11-08 09:00:00,10.9,50.0,0.6531,1.8,133.0,False,False
2004-11-08 10:00:00,12.1,46.5,0.653,1.5,116.0,False,False
2004-11-08 11:00:00,12.4,44.1,0.6324,1.3,117.0,False,False
2004-11-08 12:00:00,13.0,40.1,0.5989,1.2,103.0,False,False
2004-11-08 13:00:00,13.4,36.3,0.5556,1.3,100.0,False,False
2004-11-08 14:00:00,13.1,38.5,0.5776,1.8,105.0,False,False
2004-11-08 15:00:00,11.5,46.4,0.6302,1.7,121.0,False,False
2004-11-08 16:00:00,13.1,40.4,0.606,2.2,132.0,False,False
2004-11-08 17:00:00,13.0,39.3,0.5877,3.2,156.0,False,False
2004-11-08 18:00:00,11.3,50.9,0.679,5.9,183.0,False,False
2004-11-08 19:00:00,10.6,53.4,0.6818,6.6,,False,False
2004-11-08 20:00:00,9.5,57.9,0.6877,,,False,False
2004-11-08 21:00:00,8.6,60.5,0.6788,,,False,False
2004-11-08 22:00:00,8.5,59.7,0.6649,,,False,False
2004-11-08 23:00:00,7.9,61.4,0.6582,,,False,False
2004-11-09 00:00:00,7.1,63.6,0.6442,,,False,False
2004-11-09 01:00:00,7.2,62.2,0.6362,,,False,False
2004-11-09 02:00:00,5.6,67.9,0.6247,,,False,False
2004-11-09 03:00:00,5.1,68.7,0.6077,,,False,False
2004-11-09 04:00:00,4.4,71.4,0.6024,,,False,False
2004-11-09 05:00:00,4.1,73.1,0.6074,,,False,False
2004-11-09 06:00:00,3.2,76.8,0.5963,,,False,False
2004-11-09 07:00:00,3.7,76.2,0.6137,,,False,False
2004-11-09 08:00:00,4.9,70.7,0.6193,,,False,False
2004-11-09 09:00:00,7.1,62.0,0.6265,,,False,False
2004-11-09 10:00:00,8.1,59.1,0.6397,,,False,False
2004-11-09 11:00:00,11.1,48.8,0.643,,,False,False
2004-11-09 12:00:00,11.3,46.5,0.6194,,,False,False
2004-11-09 13:00:00,12.5,42.3,0.6104,,,False,False
2004-11-09 14:00:00,12.5,42.8,0.6177,,,False,False
2004-11-09 15:00:00,12.6,42.4,0.6159,2.1,,False,False
2004-11-09 16:00:00,13.8,40.7,0.6405,1.5,,False,False
2004-11-09 17:00:00,11.0,58.8,0.7705,1.6,,False,False
2004-11-09 18:00:00,8.3,76.5,0.8426,3.5,,False,False
2004-11-09 19:00:00,8.6,75.5,0.8469,4.6,,False,False
2004-11-09 20:00:00,8.8,76.6,0.8678,4.7,,False,False
2004-11-09 21:00:00,8.0,81.0,0.8714,3.0,,False,False
2004-11-09 22:00:00,7.3,85.7,0.8818,1.5,,False,False
2004-11-09 23:00:00,6.5,85.6,0.8353,0.9,,False,False
2004-11-10 00:00:00,6.5,83.5,0.8116,0.8,,False,False
2004-11-10 01:00:00,6.9,82.3,0.8244,0.7,,False,False
2004-11-10 02:00:00,7.3,78.1,0.8041,0.6,,False,False
2004-11-10 03:00:00,7.9,68.0,0.7265,0.3,,False,False
2004-11-10 04:00:00,8.0,64.5,0.695,0.2,29.0,False,False
2004-11-10 05:00:00,8.1,68.6,0.7409,0.2,26.0,False,False
2004-11-10 06:00:00,6.3,84.8,0.8148,0.3,39.0,False,False
2004-11-10 07:00:00,6.7,79.8,0.7872,0.5,72.0,False,False
2004-11-10 08:00:00,7.1,77.9,0.7914,1.4,128.0,False,False
2004-11-10 09:00:00,7.9,73.5,0.7883,2.0,149.0,False,False
2004-11-10 10:00:00,6.9,86.0,0.8632,1.6,165.0,False,False
2004-11-10 11:00:00,6.8,87.1,0.8652,1.3,150.0,False,False
2004-11-10 12:00:00,8.0,81.6,0.8755,1.4,165.0,False,False
2004-11-10 13:00:00,9.5,70.0,0.8296,1.9,175.0,False,False
2004-11-10 14:00:00,10.5,62.2,0.7923,2.7,145.0,False,False
2004-11-10 15:00:00,11.4,59.1,0.7963,2.1,98.0,False,False
2004-11-10 16:00:00,11.1,58.6,0.7737,2.4,105.0,False,False
2004-11-10 17:00:00,10.8,57.6,0.7473,2.7,106.0,False,False
2004-11-10 18:00:00,10.6,56.9,0.7281,2.5,141.0,False,False
2004-11-10 19:00:00,10.6,59.3,0.7588,3.7,177.0,False,False
2004-11-10 20:00:00,10.0,71.5,0.8768,4.6,182.0,False,False
2004-11-10 21:00:00,10.3,71.1,0.8878,3.9,193.0,False,False
2004-11-10 22:00:00,10.5,70.3,0.893,2.2,148.0,False,False
2004-11-10 23:00:00,10.2,71.3,0.8859,2.7,167.0,False,False
2004-11-11 00:00:00,9.7,73.1,0.8787,2.6,158.0,False,False
2004-11-11 01:00:00,9.3,73.5,0.8651,2.1,132.0,False,False
2004-11-11 02:00:00,9.2,73.9,0.8616,1.4,97.0,False,False
2004-11-11 03:00:00,8.1,78.1,0.8452,1.2,,False,False
2004-11-11 04:00:00,7.6,81.2,0.8483,1.1,74.0,False,False
2004-11-11 05:00:00,7.5,81.5,0.8495,1.1,68.0,False,False
2004-11-11 06:00:00,8.3,77.2,0.8464,1.1,89.0,False,False
2004-11-11 07:00:00,8.9,75.6,0.8667,1.5,117.0,False,False
2004-11-11 08:00:00,9.2,81.7,0.9506,3.1,190.0,False,False
2004-11-11 09:00:00,9.9,83.4,1.0194,6.8,211.0,False,True
2004-11-11 10:00:00,10.2,82.3,1.0253,5.4,190.0,False,False
2004-11-11 11:00:00,11.2,80.7,1.0688,4.5,194.0,False,False
2004-11-11 12:00:00,11.8,76.1,1.0516,3.0,210.0,False,False
2004-11-11 13:00:00,12.5,71.3,1.0285,2.8,199.0,False,False
2004-11-11 14:00:00,13.2,68.4,1.0346,3.9,178.0,False,False
2004-11-11 15:00:00,12.5,73.2,1.0563,3.4,184.0,False,False
2004-11-11 16:00:00,12.2,75.7,1.0693,3.2,186.0,False,False
2004-11-11 17:00:00,11.5,78.1,1.0565,2.8,168.0,False,False
2004-11-11 18:00:00,11.6,76.0,1.0354,3.9,187.0,False,False
2004-11-11 19:00:00,12.0,73.3,1.0264,3.5,166.0,False,False
2004-11-11 20:00:00,12.9,68.8,1.0175,4.7,177.0,False,False
2004-11-11 21:00:00,13.1,69.6,1.0464,4.6,207.0,False,False
2004-11-11 22:00:00,12.3,73.4,1.049,1.2,114.0,False,False
2004-11-11 23:00:00,12.7,71.0,1.0387,1.1,84.0,False,False
2004-11-12 00:00:00,12.9,69.9,1.0371,1.2,92.0,False,False
2004-11-12 01:00:00,12.9,70.5,1.0442,1.6,111.0,False,False
2004-11-12 02:00:00,13.1,67.7,1.0198,0.7,71.0,False,False
2004-11-12 03:00:00,13.1,67.6,1.0127,0.4,,False,False
2004-11-12 04:00:00,13.8,64.0,1.0042,,43.0,False,False
2004-11-12 05:00:00,13.7,64.4,1.0036,0.6,50.0,False,False
2004-11-12 06:00:00,13.9,63.8,1.0079,0.5,53.0,False,False
2004-11-12 07:00:00,14.1,64.5,1.0287,0.6,67.0,False,False
2004-11-12 08:00:00,14.0,66.1,1.0488,1.4,113.0,False,False
2004-11-12 09:00:00,14.2,66.4,1.0673,2.0,140.0,False,False
2004-11-12 10:00:00,14.9,62.5,1.0529,1.6,116.0,False,False
2004-11-12 11:00:00,16.3,58.4,1.0729,1.6,122.0,False,False
2004-11-12 12:00:00,16.9,56.5,1.0801,1.7,116.0,False,False
2004-11-12 13:00:00,17.4,55.8,1.098,2.0,118.0,False,False
2004-11-12 14:00:00,17.4,57.3,1.1328,2.3,125.0,False,False
2004-11-12 15:00:00,17.7,55.5,1.1127,2.4,126.0,False,False
2004-11-12 16:00:00,16.8,58.9,1.1199,2.2,135.0,False,False
2004-11-12 17:00:00,17.0,57.5,1.1071,2.6,140.0,False,False
2004-11-12 18:00:00,16.2,60.2,1.1003,4.0,163.0,False,False
2004-11-12 19:00:00,16.7,58.0,1.0916,5.2,178.0,False,False
2004-11-12 20:00:00,16.5,58.8,1.0921,3.9,160.0,False,False
2004-11-12 21:00:00,15.8,61.1,1.0856,3.8,166.0,False,False
2004-11-12 22:00:00,15.7,60.8,1.0769,1.6,115.0,False,False
2004-11-12 23:00:00,15.9,59.6,1.0673,1.5,107.0,False,False
2004-11-13 00:00:00,15.6,60.0,1.0594,1.6,108.0,False,False
2004-11-13 01:00:00,15.6,60.1,1.0557,1.5,111.0,False,False
2004-11-13 02:00:00,15.7,59.5,1.0534,1.0,75.0,False,False
2004-11-13 03:00:00,15.7,60.1,1.064,0.8,,False,False
2004-11-13 04:00:00,15.6,61.7,1.0847,1.3,88.0,False,False
2004-11-13 05:00:00,15.8,59.9,1.0693,1.0,71.0,False,False
2004-11-13 06:00:00,15.2,61.8,1.0602,1.0,75.0,False,False
2004-11-13 07:00:00,16.1,55.4,1.0089,0.9,86.0,False,False
2004-11-13 08:00:00,14.9,64.1,1.0773,2.1,124.0,False,False
2004-11-13 09:00:00,15.6,62.0,1.0904,2.1,128.0,False,False
2004-11-13 10:00:00,17.9,54.6,1.11,3.1,164.0,False,False
2004-11-13 11:00:00,21.1,44.5,1.0964,3.8,199.0,False,False
2004-11-13 12:00:00,20.3,46.7,1.0971,3.7,192.0,False,False
2004-11-13 13:00:00,21.5,42.7,1.0837,3.6,166.0,False,False
2004-11-13 14:00:00,21.5,43.1,1.0919,3.3,133.0,False,False
2004-11-13 15:00:00,21.5,43.4,1.0965,2.1,118.0,False,False
2004-11-13 16:00:00,20.8,45.5,1.1054,2.3,133.0,False,False
2004-11-13 17:00:00,19.2,49.6,1.0893,2.1,128.0,False,False
2004-11-13 18:00:00,18.3,51.6,1.0732,1.9,116.0,False,False
2004-11-13 19:00:00,17.7,51.5,1.0357,1.9,118.0,False,False
2004-11-13 20:00:00,17.2,51.5,1.0015,2.3,142.0,False,False
2004-11-13 21:00:00,15.9,54.9,0.9853,1.7,113.0,False,False
2004-11-13 22:00:00,14.0,55.2,0.8807,0.8,59.0,False,False
2004-11-13 23:00:00,13.3,53.0,0.8044,0.8,52.0,False,False
2004-11-14 00:00:00,11.9,55.5,0.7711,0.8,57.0,False,False
2004-11-14 01:00:00,11.4,54.6,0.7363,0.8,58.0,False,False
2004-11-14 02:00:00,10.4,53.7,0.6749,0.6,44.0,False,False
2004-11-14 03:00:00,9.9,54.3,0.6609,0.4,,False,False
2004-11-14 04:00:00,9.8,51.3,0.6225,0.3,26.0,False,False
2004-11-14 05:00:00,9.5,52.2,0.6198,0.3,20.0,False,False
2004-11-14 06:00:00,10.0,45.7,0.5598,0.2,17.0,False,False
2004-11-14 07:00:00,10.2,41.9,0.5209,0.2,21.0,False,False
2004-11-14 08:00:00,10.6,36.1,0.4624,0.3,29.0,False,False
2004-11-14 09:00:00,10.7,36.0,0.4623,0.3,39.0,False,False
2004-11-14 10:00:00,10.8,35.4,0.4583,0.4,41.0,False,False
2004-11-14 11:00:00,11.4,32.9,0.4435,0.4,44.0,False,False
2004-11-14 12:00:00,12.4,32.0,0.4583,0.6,54.0,False,False
2004-11-14 13:00:00,12.4,31.3,0.45,0.6,62.0,False,False
2004-11-14 14:00:00,12.2,31.8,0.4514,0.6,62.0,False,False
2004-11-14 15:00:00,10.5,37.9,0.4821,0.5,48.0,False,False
2004-11-14 16:00:00,9.6,44.2,0.5289,0.6,59.0,False,False
2004-11-14 17:00:00,8.2,57.9,0.6293,0.7,63.0,False,False
2004-11-14 18:00:00,7.3,63.5,0.6519,1.4,78.0,False,False
2004-11-14 19:00:00,8.4,55.7,0.6155,1.2,99.0,False,False
2004-11-14 20:00:00,9.1,49.6,0.5765,1.1,106.0,False,False
2004-11-14 21:00:00,10.0,41.4,0.5102,1.0,97.0,False,False
2004-11-14 22:00:00,10.4,36.2,0.4561,0.6,67.0,False,False
2004-11-14 23:00:00,11.3,32.3,0.4329,0.8,73.0,False,False
2004-11-15 00:00:00,10.9,33.5,0.4378,0.6,62.0,False,False
2004-11-15 01:00:00,10.6,34.9,0.4455,0.5,44.0,False,False
2004-11-15 02:00:00,10.7,36.1,0.4639,0.3,31.0,False,False
2004-11-15 03:00:00,11.0,37.3,0.488,0.2,,False,False
2004-11-15 04:00:00,10.7,39.2,0.5045,,21.0,False,False
2004-11-15 05:00:00,10.4,38.6,0.4862,0.3,22.0,False,False
2004-11-15 06:00:00,10.4,37.4,0.4717,0.4,41.0,False,False
2004-11-15 07:00:00,10.5,37.0,0.4707,0.7,94.0,False,False
2004-11-15 08:00:00,10.7,37.9,0.487,2.0,167.0,False,False
2004-11-15 09:00:00,11.1,38.1,0.5023,2.4,162.0,False,False
2004-11-15 10:00:00,12.6,36.6,0.5314,1.8,141.0,False,False
2004-11-15 11:00:00,13.8,36.2,0.569,1.6,127.0,False,False
2004-11-15 12:00:00,13.4,37.1,0.5683,1.7,116.0,False,False
2004-11-15 13:00:00,13.5,34.9,0.5393,1.8,104.0,False,False
2004-11-15 14:00:00,13.7,32.2,0.5032,1.7,111.0,False,False
2004-11-15 15:00:00,13.6,32.1,0.4977,1.7,114.0,False,False
2004-11-15 16:00:00,13.5,31.8,0.4876,1.7,121.0,False,False
2004-11-15 17:00:00,13.5,27.9,0.4287,2.6,164.0,False,False
2004-11-15 18:00:00,12.7,28.9,0.4233,4.0,194.0,False,False
2004-11-15 19:00:00,12.6,30.2,0.4384,3.8,175.0,False,False
2004-11-15 20:00:00,12.3,32.0,0.4553,4.0,180.0,False,False
2004-11-15 21:00:00,12.0,34.3,0.4787,2.4,147.0,False,False
2004-11-15 22:00:00,11.6,37.3,0.5095,1.4,112.0,False,False
2004-11-15 23:00:00,11.3,40.3,0.5406,1.3,94.0,False,False
2004-11-16 00:00:00,11.3,41.8,0.561,1.3,91.0,False,False
2004-11-16 01:00:00,11.2,42.0,0.5582,1.0,76.0,False,False
2004-11-16 02:00:00,11.0,42.6,0.5595,0.8,73.0,False,False
2004-11-16 03:00:00,11.2,41.3,0.5498,0.6,,False,False
2004-11-16 04:00:00,11.1,40.8,0.5395,0.4,32.0,False,False
2004-11-16 05:00:00,10.7,41.8,0.536,0.5,40.0,False,False
2004-11-16 06:00:00,10.2,43.6,0.5405,0.5,63.0,False,False
2004-11-16 07:00:00,10.1,44.0,0.5434,0.9,119.0,False,False
2004-11-16 08:00:00,10.1,45.6,0.5632,3.5,202.0,False,False
2004-11-16 09:00:00,11.3,43.9,0.5867,5.2,222.0,False,False
2004-11-16 10:00:00,14.5,33.8,0.5541,4.3,212.0,False,False
2004-11-16 11:00:00,17.5,26.4,0.5228,3.5,219.0,False,False
2004-11-16 12:00:00,17.2,22.4,0.4354,2.6,189.0,False,False
2004-11-16 13:00:00,17.3,20.4,0.4011,2.5,147.0,False,False
2004-11-16 14:00:00,18.1,21.0,0.4321,2.8,161.0,False,False
2004-11-16 15:00:00,17.9,22.3,0.4537,2.2,148.0,False,False
2004-11-16 16:00:00,17.6,23.7,0.473,2.4,148.0,False,False
2004-11-16 17:00:00,16.7,25.9,0.4886,3.5,188.0,False,False
2004-11-16 18:00:00,14.8,29.6,0.4965,4.2,206.0,False,False
2004-11-16 19:00:00,13.6,34.0,0.5251,3.1,168.0,False,False
2004-11-16 20:00:00,13.4,40.4,0.6178,3.2,171.0,False,False
2004-11-16 21:00:00,11.8,44.3,0.6121,2.8,171.0,False,False
2004-11-16 22:00:00,10.7,47.5,0.6108,2.2,142.0,False,False
2004-11-16 23:00:00,10.2,49.4,0.6138,1.8,134.0,False,False
2004-11-17 00:00:00,9.5,51.0,0.6045,1.7,107.0,False,False
2004-11-17 01:00:00,7.7,57.9,0.6107,1.6,121.0,False,False
2004-11-17 02:00:00,8.4,54.5,0.6022,1.1,85.0,False,False
2004-11-17 03:00:00,7.9,55.4,0.593,0.8,,False,False
2004-11-17 04:00:00,6.2,61.0,0.5824,0.7,68.0,False,False
2004-11-17 05:00:00,6.8,58.6,0.5813,0.8,69.0,False,False
2004-11-17 06:00:00,5.7,62.7,0.5801,0.9,81.0,False,False
2004-11-17 07:00:00,5.9,62.0,0.5811,1.2,92.0,False,False
2004-11-17 08:00:00,6.3,61.7,0.5926,3.3,200.0,False,False
2004-11-17 09:00:00,7.5,58.8,0.6117,3.8,201.0,False,False
2004-11-17 10:00:00,11.4,45.4,0.6113,3.2,213.0,False,False
2004-11-17 11:00:00,14.1,39.2,0.6278,,,False,False
2004-11-17 12:00:00,13.3,42.3,0.6448,3.2,187.0,False,False
2004-11-17 13:00:00,14.7,38.9,0.6462,4.2,205.0,False,False
2004-11-17 14:00:00,16.5,32.9,0.6127,4.3,212.0,False,False
2004-11-17 15:00:00,17.4,32.7,0.6422,4.0,198.0,False,False
2004-11-17 16:00:00,17.3,33.9,0.6627,4.1,171.0,False,False
2004-11-17 17:00:00,16.0,41.5,0.7483,7.8,272.0,False,True
2004-11-17 18:00:00,13.7,52.8,0.8244,10.2,192.0,False,False
2004-11-17 19:00:00,13.0,55.1,0.824,6.6,288.0,False,True
2004-11-17 20:00:00,12.4,56.8,0.8141,4.3,254.0,False,False
2004-11-17 21:00:00,10.7,62.1,0.7972,4.9,267.0,False,False
2004-11-17 22:00:00,10.5,61.1,0.7755,2.6,198.0,False,False
2004-11-17 23:00:00,9.7,62.5,0.7509,2.3,145.0,False,False
2004-11-18 00:00:00,8.8,65.5,0.7435,2.7,167.0,False,False
2004-11-18 01:00:00,8.8,63.8,0.7236,2.2,127.0,False,False
2004-11-18 02:00:00,8.5,65.0,0.7221,2.0,119.0,False,False
2004-11-18 03:00:00,7.5,69.3,0.7201,1.3,,False,False
2004-11-18 04:00:00,6.4,74.0,0.7134,1.2,84.0,False,False
2004-11-18 05:00:00,5.9,76.6,0.7179,1.1,89.0,False,False
2004-11-18 06:00:00,6.1,76.7,0.7271,1.4,122.0,False,False
2004-11-18 07:00:00,6.8,74.5,0.7415,2.1,162.0,False,False
2004-11-18 08:00:00,7.7,72.5,0.7666,4.5,225.0,False,False
2004-11-18 09:00:00,8.9,67.4,0.7714,5.6,249.0,False,False
2004-11-18 10:00:00,11.4,58.3,0.7868,5.6,282.0,False,False
2004-11-18 11:00:00,13.4,52.8,0.8086,4.7,278.0,False,False
2004-11-18 12:00:00,15.8,50.1,0.892,4.2,251.0,False,False
2004-11-18 13:00:00,18.3,50.0,1.0431,3.6,208.0,False,False
2004-11-18 14:00:00,18.8,49.2,1.0548,3.2,187.0,False,False
2004-11-18 15:00:00,18.4,49.6,1.0391,3.1,182.0,False,False
2004-11-18 16:00:00,18.3,51.0,1.0586,3.8,212.0,False,False
2004-11-18 17:00:00,17.6,53.1,1.0596,3.9,174.0,False,False
2004-11-18 18:00:00,17.3,53.6,1.0472,4.6,220.0,False,False
2004-11-18 19:00:00,16.8,55.2,1.048,4.9,214.0,False,False
2004-11-18 20:00:00,16.6,56.5,1.0551,5.4,212.0,False,False
2004-11-18 21:00:00,16.3,58.1,1.0648,4.3,191.0,False,False
2004-11-18 22:00:00,15.9,59.0,1.059,3.1,160.0,False,False
2004-11-18 23:00:00,15.9,59.4,1.0628,2.5,130.0,False,False
2004-11-19 00:00:00,15.7,60.9,1.0774,2.4,133.0,False,False
2004-11-19 01:00:00,16.1,59.5,1.0811,1.9,110.0,False,False
2004-11-19 02:00:00,15.5,63.8,1.1119,1.3,65.0,False,False
2004-11-19 03:00:00,14.9,65.3,1.1018,1.2,,False,False
2004-11-19 04:00:00,14.7,64.4,1.0704,1.1,41.0,False,False
2004-11-19 05:00:00,14.7,59.8,0.9968,0.9,36.0,False,False
2004-11-19 06:00:00,15.4,55.9,0.9722,1.0,45.0,False,False
2004-11-19 07:00:00,14.5,63.0,1.0319,1.6,98.0,False,False
2004-11-19 08:00:00,14.7,63.1,1.0513,4.8,194.0,False,False
2004-11-19 09:00:00,15.2,62.2,1.0641,5.9,191.0,False,False
2004-11-19 10:00:00,16.1,59.2,1.0736,5.6,193.0,False,False
2004-11-19 11:00:00,17.0,55.9,1.0741,3.5,231.0,False,False
2004-11-19 12:00:00,17.6,52.2,1.0396,2.8,202.0,False,False
2004-11-19 13:00:00,17.3,55.4,1.0836,3.6,188.0,False,False
2004-11-19 14:00:00,17.8,53.5,1.0833,4.8,184.0,False,False
2004-11-19 15:00:00,18.3,52.3,1.0922,5.0,222.0,False,False
2004-11-19 16:00:00,18.3,52.8,1.1016,5.6,221.0,False,False
2004-11-19 17:00:00,17.7,56.6,1.133,7.5,193.0,False,False
2004-11-19 18:00:00,17.3,58.2,1.1435,7.2,187.0,False,False
2004-11-19 19:00:00,16.2,62.6,1.1455,8.3,188.0,False,False
2004-11-19 20:00:00,15.2,57.5,0.9829,8.6,185.0,False,False
2004-11-19 21:00:00,14.2,27.7,0.4451,4.3,146.0,False,False
2004-11-19 22:00:00,13.4,14.3,0.2185,2.6,120.0,False,False
2004-11-19 23:00:00,12.8,14.8,0.218,2.6,110.0,False,False
2004-11-20 00:00:00,12.2,14.0,0.1988,2.7,121.0,False,False
2004-11-20 01:00:00,12.0,14.5,0.2029,2.7,126.0,False,False
2004-11-20 02:00:00,10.8,17.0,0.2193,2.6,117.0,False,False
2004-11-20 03:00:00,10.4,19.2,0.242,2.4,,False,False
2004-11-20 04:00:00,9.7,22.5,0.2698,,94.0,False,False
2004-11-20 05:00:00,9.0,23.1,0.2648,0.6,70.0,False,False
2004-11-20 06:00:00,8.7,24.7,0.2785,0.7,96.0,False,False
2004-11-20 07:00:00,6.9,39.4,0.3948,1.2,136.0,False,False
2004-11-20 08:00:00,6.3,44.8,0.431,2.0,177.0,False,False
2004-11-20 09:00:00,7.2,43.2,0.4417,2.8,214.0,False,False
2004-11-20 10:00:00,11.9,27.9,0.3882,2.9,243.0,False,False
2004-11-20 11:00:00,14.8,17.9,0.2977,2.2,192.0,False,False
2004-11-20 12:00:00,14.8,14.3,0.2397,1.6,149.0,False,False
2004-11-20 13:00:00,14.7,15.5,0.2586,1.5,141.0,False,False
2004-11-20 14:00:00,14.7,16.6,0.2756,1.9,137.0,False,False
2004-11-20 15:00:00,14.8,15.6,0.2615,1.5,138.0,False,False
2004-11-20 16:00:00,15.3,14.3,0.2462,1.8,149.0,False,False
2004-11-20 17:00:00,13.5,19.5,0.3003,3.4,196.0,False,False
2004-11-20 18:00:00,11.1,31.8,0.4187,4.6,239.0,False,False
2004-11-20 19:00:00,10.2,33.4,0.4143,1.6,164.0,False,False
2004-11-20 20:00:00,9.5,35.9,0.4273,1.2,149.0,False,False
2004-11-20 21:00:00,8.0,39.8,0.4286,1.2,159.0,False,False
2004-11-20 22:00:00,6.6,44.1,0.4333,0.9,149.0,False,False
2004-11-20 23:00:00,6.1,45.2,0.4295,0.7,133.0,False,False
2004-11-21 00:00:00,5.2,50.8,0.452,2.5,216.0,False,False
2004-11-21 01:00:00,4.9,53.0,0.4629,1.5,196.0,False,False
2004-11-21 02:00:00,5.3,48.7,0.4364,0.5,120.0,False,False
2004-11-21 03:00:00,4.2,53.6,0.4454,0.3,,False,False
2004-11-21 04:00:00,3.1,56.3,0.4368,0.5,101.0,False,False
2004-11-21 05:00:00,4.1,52.2,0.4338,0.1,75.0,False,False
2004-11-21 06:00:00,3.5,55.9,0.4431,0.2,73.0,False,False
2004-11-21 07:00:00,1.8,61.7,0.4376,,84.0,False,False
2004-11-21 08:00:00,1.3,65.3,0.4457,0.2,116.0,False,False
2004-11-21 09:00:00,3.2,57.0,0.4434,0.5,132.0,False,False
2004-11-21 10:00:00,7.2,42.8,0.4356,0.4,125.0,False,False
2004-11-21 11:00:00,10.3,34.2,0.4291,0.8,148.0,False,False
2004-11-21 12:00:00,10.9,33.8,0.4393,1.5,186.0,False,False
2004-11-21 13:00:00,12.2,30.0,0.4245,1.9,193.0,False,False
2004-11-21 14:00:00,13.3,24.3,0.3686,1.1,174.0,False,False
2004-11-21 15:00:00,15.2,18.7,0.3214,0.3,106.0,False,False
2004-11-21 16:00:00,14.9,21.7,0.3646,0.9,127.0,False,False
2004-11-21 17:00:00,13.1,25.4,0.3814,2.1,172.0,False,False
2004-11-21 18:00:00,11.7,32.7,0.4472,2.4,179.0,False,False
2004-11-21 19:00:00,10.1,34.4,0.4249,1.6,150.0,False,False
2004-11-21 20:00:00,9.8,36.0,0.4364,1.1,147.0,False,False
2004-11-21 21:00:00,7.1,43.2,0.436,1.3,163.0,False,False
2004-11-21 22:00:00,5.9,47.8,0.4459,0.8,145.0,False,False
2004-11-21 23:00:00,5.3,50.5,0.453,1.0,186.0,False,False
2004-11-22 00:00:00,5.6,48.0,0.4412,0.3,116.0,False,False
2004-11-22 01:00:00,3.9,55.9,0.4568,1.0,145.0,False,False
2004-11-22 02:00:00,3.3,58.0,0.4551,0.4,122.0,False,False
2004-11-22 03:00:00,3.7,56.3,0.4544,0.1,,False,False
2004-11-22 04:00:00,4.2,54.8,0.4571,,68.0,False,False
2004-11-22 05:00:00,2.6,60.8,0.4544,,80.0,False,False
2004-11-22 06:00:00,3.7,57.9,0.4651,0.1,108.0,False,False
2004-11-22 07:00:00,4.5,54.8,0.466,0.4,149.0,False,False
2004-11-22 08:00:00,4.9,55.8,0.4882,2.4,232.0,False,False
2004-11-22 09:00:00,5.4,55.1,0.497,3.1,215.0,False,False
2004-11-22 10:00:00,6.2,51.8,0.4952,3.1,218.0,False,False
2004-11-22 11:00:00,6.8,49.8,0.4959,2.7,239.0,False,False
2004-11-22 12:00:00,7.3,50.6,0.5184,2.3,224.0,False,False
2004-11-22 13:00:00,7.8,49.0,0.5191,3.0,235.0,False,False
2004-11-22 14:00:00,8.0,49.2,0.5282,3.6,237.0,False,False
2004-11-22 15:00:00,8.3,49.3,0.5414,3.1,239.0,False,False
2004-11-22 16:00:00,8.5,49.6,0.5517,3.5,235.0,False,False
2004-11-22 17:00:00,8.5,52.6,0.5856,4.0,199.0,False,False
2004-11-22 18:00:00,8.9,53.4,0.6117,6.3,240.0,False,False
2004-11-22 19:00:00,9.1,53.8,0.6216,6.9,245.0,False,False
2004-11-22 20:00:00,8.9,54.2,0.6183,6.5,239.0,False,False
2004-11-22 21:00:00,8.5,54.2,0.6054,3.3,191.0,False,False
2004-11-22 22:00:00,8.5,57.8,0.6432,2.4,164.0,False,False
2004-11-22 23:00:00,7.7,71.1,0.7503,1.7,130.0,False,False
2004-11-23 00:00:00,7.9,72.5,0.7766,1.3,121.0,False,False
2004-11-23 01:00:00,8.0,75.3,0.8079,1.1,118.0,False,False
2004-11-23 02:00:00,8.0,76.2,0.8217,0.8,113.0,False,False
2004-11-23 03:00:00,7.8,81.3,0.8631,0.3,,False,False
2004-11-23 04:00:00,7.9,81.8,0.8759,,94.0,False,False
2004-11-23 05:00:00,8.2,81.4,0.888,1.3,92.0,False,False
2004-11-23 06:00:00,8.5,81.1,0.8989,1.4,98.0,False,False
2004-11-23 07:00:00,8.9,79.3,0.9088,2.1,111.0,False,False
2004-11-23 08:00:00,9.5,77.9,0.9278,4.5,139.0,False,False
2004-11-23 09:00:00,9.9,77.6,0.9488,5.7,160.0,False,False
2004-11-23 10:00:00,10.7,76.2,0.9798,6.6,183.0,False,False
2004-11-23 11:00:00,11.8,72.2,0.9948,5.0,185.0,False,False
2004-11-23 12:00:00,13.3,66.9,1.0163,5.3,198.0,False,False
2004-11-23 13:00:00,13.8,67.0,1.0513,5.4,201.0,False,False
2004-11-23 14:00:00,13.9,67.6,1.0666,7.3,233.0,False,True
2004-11-23 15:00:00,14.2,66.8,1.073,5.1,202.0,False,False
2004-11-23 16:00:00,14.2,67.8,1.0879,5.3,186.0,False,False
2004-11-23 17:00:00,13.6,71.0,1.1018,7.3,215.0,False,True
2004-11-23 18:00:00,13.2,72.6,1.0936,10.2,227.0,False,True
2004-11-23 19:00:00,12.4,74.7,1.0741,11.9,220.0,False,True
2004-11-23 20:00:00,11.5,76.2,1.0324,11.5,190.0,False,True
2004-11-23 21:00:00,10.4,79.3,0.9993,8.3,178.0,False,False
2004-11-23 22:00:00,10.0,82.5,1.015,4.7,147.0,False,False
2004-11-23 23:00:00,10.0,82.6,1.0163,4.0,138.0,False,False
2004-11-24 00:00:00,10.1,83.5,1.0296,3.9,135.0,False,False
2004-11-24 01:00:00,10.0,83.6,1.0235,2.8,123.0,False,False
2004-11-24 02:00:00,10.4,80.8,1.0191,2.3,106.0,False,False
2004-11-24 03:00:00,10.6,80.3,1.0252,1.8,,False,False
2004-11-24 04:00:00,10.6,78.8,1.008,1.4,81.0,False,False
2004-11-24 05:00:00,10.5,77.8,0.9839,1.0,66.0,False,False
2004-11-24 06:00:00,9.8,79.2,0.9567,1.0,64.0,False,False
2004-11-24 07:00:00,9.5,80.3,0.9532,1.8,86.0,False,False
2004-11-24 08:00:00,9.8,80.5,0.9724,3.8,114.0,False,False
2004-11-24 09:00:00,10.3,80.3,1.002,4.2,115.0,False,False
2004-11-24 10:00:00,11.1,77.2,1.0175,3.6,110.0,False,False
2004-11-24 11:00:00,13.3,68.8,1.0505,3.3,116.0,False,False
2004-11-24 12:00:00,15.1,58.3,0.9978,2.0,162.0,False,False
2004-11-24 13:00:00,15.6,56.2,0.9876,2.0,104.0,False,False
2004-11-24 14:00:00,15.4,59.6,1.0375,2.9,129.0,False,False
2004-11-24 15:00:00,14.6,63.7,1.0508,2.7,146.0,False,False
2004-11-24 16:00:00,13.7,66.8,1.0432,3.4,160.0,False,False
2004-11-24 17:00:00,12.3,72.5,1.0331,4.5,169.0,False,False
2004-11-24 18:00:00,10.8,77.2,1.0021,6.1,167.0,False,False
2004-11-24 19:00:00,10.2,80.4,1.0003,6.8,166.0,False,False
2004-11-24 20:00:00,10.1,79.3,0.9795,8.4,181.0,False,False
2004-11-24 21:00:00,10.0,76.1,0.9329,5.3,144.0,False,False
2004-11-24 22:00:00,8.6,82.3,0.9198,4.5,141.0,False,False
2004-11-24 23:00:00,7.7,84.3,0.8881,4.1,123.0,False,False
2004-11-25 00:00:00,7.1,84.1,0.8557,4.0,121.0,False,False
2004-11-25 01:00:00,6.7,83.2,0.819,4.0,114.0,False,False
2004-11-25 02:00:00,6.0,83.0,0.78,3.0,93.0,False,False
2004-11-25 03:00:00,5.1,84.0,0.7439,2.1,,False,False
2004-11-25 04:00:00,4.3,85.4,0.7152,2.2,89.0,False,False
2004-11-25 05:00:00,4.0,85.7,0.7041,2.2,94.0,False,False
2004-11-25 06:00:00,4.0,84.4,0.6943,2.0,93.0,False,False
2004-11-25 07:00:00,4.0,83.1,0.682,2.2,100.0,False,False
2004-11-25 08:00:00,4.4,81.3,0.689,4.0,127.0,False,False
2004-11-25 09:00:00,6.7,72.6,0.718,4.8,137.0,False,False
2004-11-25 10:00:00,10.0,63.4,0.7791,4.6,190.0,False,False
2004-11-25 11:00:00,13.6,48.7,0.7547,2.8,171.0,False,False
2004-11-25 12:00:00,14.6,46.5,0.7687,2.1,127.0,False,False
2004-11-25 13:00:00,15.4,43.0,0.7483,2.0,109.0,False,False
2004-11-25 14:00:00,16.4,38.2,0.7081,2.5,126.0,False,False
2004-11-25 15:00:00,16.8,37.6,0.7129,2.5,136.0,False,False
2004-11-25 16:00:00,16.8,36.7,0.6944,2.8,156.0,False,False
2004-11-25 17:00:00,15.4,41.3,0.7151,4.0,187.0,False,False
2004-11-25 18:00:00,13.8,48.9,0.7699,4.5,173.0,False,False
2004-11-25 19:00:00,13.3,50.9,0.7745,3.1,137.0,False,False
2004-11-25 20:00:00,11.5,57.3,0.7786,2.6,122.0,False,False
2004-11-25 21:00:00,10.7,59.8,0.7674,2.6,129.0,False,False
2004-11-25 22:00:00,10.0,61.8,0.7576,2.0,110.0,False,False
2004-11-25 23:00:00,9.9,62.1,0.7566,1.8,102.0,False,False
2004-11-26 00:00:00,9.3,64.5,0.7554,2.5,114.0,False,False
2004-11-26 01:00:00,9.1,65.7,0.7607,2.3,117.0,False,False
2004-11-26 02:00:00,8.9,71.8,0.818,2.1,98.0,False,False
2004-11-26 03:00:00,9.1,72.9,0.8429,1.5,,False,False
2004-11-26 04:00:00,8.7,77.6,0.8753,,79.0,False,False
2004-11-26 05:00:00,9.0,77.3,0.8873,1.2,77.0,False,False
2004-11-26 06:00:00,9.1,77.3,0.8944,1.0,75.0,False,False
2004-11-26 07:00:00,9.3,76.9,0.9007,1.7,95.0,False,False
2004-11-26 08:00:00,10.0,75.0,0.9179,4.3,137.0,False,False
2004-11-26 09:00:00,10.6,72.7,0.9272,5.8,149.0,False,False
2004-11-26 10:00:00,12.4,64.8,0.931,5.6,197.0,False,False
2004-11-26 11:00:00,13.7,59.9,0.9335,4.0,183.0,False,False
2004-11-26 12:00:00,14.9,57.0,0.9564,4.0,179.0,False,False
2004-11-26 13:00:00,15.5,56.2,0.9814,4.9,196.0,False,False
2004-11-26 14:00:00,15.8,56.3,1.0026,5.6,208.0,False,False
2004-11-26 15:00:00,15.8,57.9,1.0292,5.1,203.0,False,False
2004-11-26 16:00:00,15.7,58.9,1.0432,6.2,213.0,False,False
2004-11-26 17:00:00,15.5,61.2,1.067,7.7,233.0,False,False
2004-11-26 18:00:00,15.5,62.8,1.0979,10.1,255.0,False,True
2004-11-26 19:00:00,15.6,64.9,1.1396,6.4,170.0,False,False
2004-11-26 20:00:00,15.1,67.0,1.1394,7.7,167.0,False,False
2004-11-26 21:00:00,14.6,67.7,1.1164,8.1,205.0,False,False
2004-11-26 22:00:00,13.8,67.8,1.0609,4.7,170.0,False,False
2004-11-26 23:00:00,13.4,69.0,1.0579,4.3,154.0,False,False
2004-11-27 00:00:00,13.0,73.7,1.0957,4.1,143.0,False,False
2004-11-27 01:00:00,12.7,77.5,1.1339,4.2,140.0,False,False
2004-11-27 02:00:00,12.4,78.4,1.1269,3.8,122.0,False,False
2004-11-27 03:00:00,11.9,79.7,1.1075,2.7,,False,False
2004-11-27 04:00:00,11.9,80.7,1.1199,2.4,103.0,False,False
2004-11-27 05:00:00,13.2,75.8,1.1459,2.0,97.0,False,False
2004-11-27 06:00:00,12.3,81.9,1.1674,1.7,99.0,False,False
2004-11-27 07:00:00,12.8,80.8,1.1898,2.1,110.0,False,False
2004-11-27 08:00:00,13.7,76.3,1.1932,2.5,110.0,False,False
2004-11-27 09:00:00,13.4,78.8,1.2104,3.8,121.0,False,False
2004-11-27 10:00:00,13.8,77.8,1.2201,3.9,122.0,False,False
2004-11-27 11:00:00,15.1,73.2,1.244,4.2,136.0,False,False
2004-11-27 12:00:00,15.8,70.5,1.2557,4.0,170.0,False,False
2004-11-27 13:00:00,15.4,73.3,1.27,4.4,156.0,False,False
2004-11-27 14:00:00,15.6,71.4,1.2596,4.7,158.0,False,False
2004-11-27 15:00:00,16.3,68.7,1.2596,4.6,174.0,False,False
2004-11-27 16:00:00,16.4,68.2,1.2662,4.8,187.0,False,False
2004-11-27 17:00:00,15.6,70.2,1.238,4.5,147.0,False,False
2004-11-27 18:00:00,14.2,75.8,1.2202,5.6,136.0,False,False
2004-11-27 19:00:00,14.0,74.6,1.1865,4.9,134.0,False,False
2004-11-27 20:00:00,13.3,75.8,1.1506,5.3,126.0,False,False
2004-11-27 21:00:00,13.7,72.5,1.1326,4.6,130.0,False,False
2004-11-27 22:00:00,12.8,73.8,1.0853,2.4,98.0,False,False
2004-11-27 23:00:00,11.2,78.3,1.0415,2.7,89.0,False,False
2004-11-28 00:00:00,10.6,79.4,1.0133,2.5,88.0,False,False
2004-11-28 01:00:00,10.8,77.5,1.0027,2.3,86.0,False,False
2004-11-28 02:00:00,10.5,78.6,0.9976,,,False,False
2004-11-28 03:00:00,10.3,77.6,0.9743,1.3,70.0,False,False
2004-11-28 04:00:00,10.3,74.9,0.9362,1.0,55.0,False,False
2004-11-28 05:00:00,11.2,69.0,0.9159,0.9,45.0,False,False
2004-11-28 06:00:00,8.9,77.1,0.8804,0.7,44.0,False,False
2004-11-28 07:00:00,9.5,73.3,0.8719,0.8,50.0,False,False
2004-11-28 08:00:00,8.6,77.2,0.8617,1.0,74.0,False,False
2004-11-28 09:00:00,8.6,76.6,0.8586,1.1,81.0,False,False
2004-11-28 10:00:00,9.7,72.0,0.8649,0.8,65.0,False,False
2004-11-28 11:00:00,11.1,68.2,0.8979,1.4,76.0,False,False
2004-11-28 12:00:00,11.8,65.0,0.8966,2.2,110.0,False,False
2004-11-28 13:00:00,12.1,64.8,0.9135,2.7,124.0,False,False
2004-11-28 14:00:00,12.6,63.2,0.9209,2.3,120.0,False,False
2004-11-28 15:00:00,13.4,61.9,0.9513,1.9,99.0,False,False
2004-11-28 16:00:00,13.3,63.3,0.9597,2.7,117.0,False,False
2004-11-28 17:00:00,11.2,70.9,0.9406,3.2,132.0,False,False
2004-11-28 18:00:00,9.6,76.5,0.9184,3.2,113.0,False,False
2004-11-28 19:00:00,9.9,76.3,0.9296,3.5,117.0,False,False
2004-11-28 20:00:00,10.4,74.6,0.9394,4.5,127.0,False,False
2004-11-28 21:00:00,10.3,75.1,0.9399,4.1,132.0,False,False
2004-11-28 22:00:00,10.4,75.4,0.947,3.3,121.0,False,False
2004-11-28 23:00:00,10.5,75.4,0.9566,3.1,122.0,False,False
2004-11-29 00:00:00,10.2,78.4,0.9757,3.0,113.0,False,False
2004-11-29 01:00:00,9.9,80.5,0.984,2.3,99.0,False,False
2004-11-29 02:00:00,9.8,81.4,0.9855,2.3,86.0,False,False
2004-11-29 03:00:00,9.5,81.7,0.9693,1.7,,False,False
2004-11-29 04:00:00,8.9,83.0,0.9487,1.5,66.0,False,False
2004-11-29 05:00:00,8.8,83.7,0.9529,1.3,67.0,False,False
2004-11-29 06:00:00,8.7,84.2,0.9526,1.4,78.0,False,False
2004-11-29 07:00:00,8.7,83.7,0.9454,2.0,90.0,False,False
2004-11-29 08:00:00,9.6,80.8,0.9687,4.2,120.0,False,False
2004-11-29 09:00:00,11.3,75.3,1.0048,5.9,139.0,False,False
2004-11-29 10:00:00,13.8,68.5,1.0718,6.3,172.0,False,False
2004-11-29 11:00:00,14.9,64.9,1.0929,6.6,232.0,False,False
2004-11-29 12:00:00,15.3,63.2,1.0898,5.0,168.0,False,False
2004-11-29 13:00:00,18.6,49.1,1.0425,2.5,120.0,False,False
2004-11-29 14:00:00,18.6,49.3,1.0451,2.6,121.0,False,False
2004-11-29 15:00:00,18.4,49.9,1.0453,1.9,117.0,False,False
2004-11-29 16:00:00,17.9,51.4,1.0488,2.3,121.0,False,False
2004-11-29 17:00:00,18.0,51.9,1.0622,1.9,107.0,False,False
2004-11-29 18:00:00,16.7,57.3,1.0813,2.3,115.0,False,False
2004-11-29 19:00:00,17.3,57.0,1.1137,1.8,94.0,False,False
2004-11-29 20:00:00,16.8,58.7,1.1109,1.9,98.0,False,False
2004-11-29 21:00:00,16.5,59.2,1.1021,1.4,87.0,False,False
2004-11-29 22:00:00,16.3,59.7,1.0941,1.2,78.0,False,False
2004-11-29 23:00:00,16.0,61.6,1.1127,1.0,69.0,False,False
2004-11-30 00:00:00,15.6,66.6,1.1763,1.2,67.0,False,False
2004-11-30 01:00:00,13.8,80.4,1.2621,1.4,81.0,False,False
2004-11-30 02:00:00,13.2,84.4,1.2779,1.2,75.0,False,False
2004-11-30 03:00:00,13.6,82.8,1.2845,0.8,,False,False
2004-11-30 04:00:00,13.8,81.3,1.2767,0.6,42.0,False,False
2004-11-30 05:00:00,13.6,75.5,1.172,0.6,38.0,False,False
2004-11-30 06:00:00,11.5,81.4,1.1025,0.7,64.0,False,False
2004-11-30 07:00:00,11.8,80.7,1.1181,1.1,86.0,False,False
2004-11-30 08:00:00,12.3,78.9,1.1283,2.5,127.0,False,False
2004-11-30 09:00:00,13.0,76.0,1.1317,3.6,122.0,False,False
2004-11-30 10:00:00,13.7,70.9,1.1076,3.6,141.0,False,False
2004-11-30 11:00:00,14.0,70.9,1.1244,3.3,139.0,False,False
2004-11-30 12:00:00,14.6,65.9,1.088,2.0,105.0,False,False
2004-11-30 13:00:00,14.9,59.9,1.0063,1.9,103.0,False,False
2004-11-30 14:00:00,14.9,58.4,0.9839,2.2,108.0,False,False
2004-11-30 15:00:00,15.3,54.3,0.9357,2.2,109.0,False,False
2004-11-30 16:00:00,14.6,56.6,0.9367,3.8,149.0,False,False
2004-11-30 17:00:00,12.6,62.0,0.9027,3.5,143.0,False,False
2004-11-30 18:00:00,11.9,62.3,0.8674,5.2,159.0,False,False
2004-11-30 19:00:00,11.6,64.3,0.8789,6.3,178.0,False,False
2004-11-30 20:00:00,11.5,68.0,0.9207,6.8,168.0,False,False
2004-11-30 21:00:00,10.7,73.9,0.9502,4.1,160.0,False,False
2004-11-30 22:00:00,9.6,83.0,0.9899,2.3,117.0,False,False
2004-11-30 23:00:00,9.6,79.9,0.9579,1.9,113.0,False,False
2004-12-01 00:00:00,9.8,79.4,0.9626,2.2,113.0,False,False
2004-12-01 01:00:00,10.1,75.3,0.9322,1.3,94.0,False,False
2004-12-01 02:00:00,9.1,80.0,0.9299,1.2,76.0,False,False
2004-12-01 03:00:00,8.7,82.4,0.9294,0.9,,False,False
2004-12-01 04:00:00,8.5,81.7,0.9074,,68.0,False,False
2004-12-01 05:00:00,8.3,80.4,0.8861,0.6,63.0,False,False
2004-12-01 06:00:00,8.9,79.2,0.9067,0.9,74.0,False,False
2004-12-01 07:00:00,8.7,80.8,0.9096,1.4,96.0,False,False
2004-12-01 08:00:00,9.0,79.8,0.9203,3.4,121.0,False,False
2004-12-01 09:00:00,9.5,78.3,0.9338,5.0,145.0,False,False
2004-12-01 10:00:00,10.4,76.0,0.9561,4.7,158.0,False,False
2004-12-01 11:00:00,11.0,74.4,0.9736,3.2,143.0,False,False
2004-12-01 12:00:00,13.8,63.6,0.9959,3.5,182.0,False,False
2004-12-01 13:00:00,13.6,65.6,1.0167,4.0,163.0,False,False
2004-12-01 14:00:00,13.7,66.5,1.038,5.7,178.0,False,False
2004-12-01 15:00:00,13.0,73.0,1.086,5.0,162.0,False,False
2004-12-01 16:00:00,12.7,77.1,1.1251,5.6,171.0,False,False
2004-12-01 17:00:00,12.3,79.7,1.1342,6.2,174.0,False,False
2004-12-01 18:00:00,12.3,78.8,1.1279,7.5,185.0,False,False
2004-12-01 19:00:00,12.5,72.6,1.0489,3.0,126.0,False,False
2004-12-01 20:00:00,11.8,76.1,1.0544,2.6,113.0,False,False
2004-12-01 21:00:00,11.3,79.9,1.0697,2.1,111.0,False,False
2004-12-01 22:00:00,11.1,84.3,1.1137,1.8,107.0,False,False
2004-12-01 23:00:00,11.3,83.1,1.1089,2.0,107.0,False,False
2004-12-02 00:00:00,11.6,81.0,1.1082,2.2,102.0,False,False
2004-12-02 01:00:00,11.7,77.8,1.0689,1.9,96.0,False,False
2004-12-02 02:00:00,11.7,78.6,1.0813,1.6,86.0,False,False
2004-12-02 03:00:00,11.9,78.2,1.0856,1.1,,False,False
2004-12-02 04:00:00,12.0,77.4,1.0825,0.9,70.0,False,False
2004-12-02 05:00:00,12.0,78.0,1.094,0.7,59.0,False,False
2004-12-02 06:00:00,12.4,75.3,1.0813,0.9,74.0,False,False
2004-12-02 07:00:00,12.5,76.4,1.1021,1.4,89.0,False,False
2004-12-02 08:00:00,12.9,73.8,1.0937,4.2,131.0,False,False
2004-12-02 09:00:00,13.3,70.7,1.0749,5.0,139.0,False,False
2004-12-02 10:00:00,14.3,66.1,1.0711,4.4,145.0,False,False
2004-12-02 11:00:00,15.4,63.9,1.1071,3.4,137.0,False,False
2004-12-02 12:00:00,15.9,62.7,1.1273,2.8,128.0,False,False
2004-12-02 13:00:00,16.4,61.9,1.1465,3.4,128.0,False,False
2004-12-02 14:00:00,18.0,58.0,1.1901,2.9,123.0,False,False
2004-12-02 15:00:00,19.2,57.9,1.2757,3.9,136.0,False,False
2004-12-02 16:00:00,18.1,62.1,1.2822,4.0,137.0,False,False
2004-12-02 17:00:00,16.7,67.3,1.2707,4.9,151.0,False,False
2004-12-02 18:00:00,15.8,70.7,1.2601,7.7,171.0,False,False
2004-12-02 19:00:00,15.4,73.0,1.2688,9.4,171.0,False,False
2004-12-02 20:00:00,15.4,73.0,1.2648,7.8,161.0,False,False
2004-12-02 21:00:00,15.3,73.6,1.2691,6.6,154.0,False,False
2004-12-02 22:00:00,15.1,74.3,1.2623,4.7,127.0,False,False
2004-12-02 23:00:00,14.2,78.0,1.254,4.8,115.0,False,False
2004-12-03 00:00:00,14.1,81.4,1.3066,3.2,102.0,False,False
2004-12-03 01:00:00,14.4,82.7,1.3496,2.6,100.0,False,False
2004-12-03 02:00:00,14.1,84.1,1.3461,2.1,86.0,False,False
2004-12-03 03:00:00,14.1,84.8,1.3544,1.3,,False,False
2004-12-03 04:00:00,14.0,84.1,1.3389,1.1,80.0,False,False
2004-12-03 05:00:00,13.9,85.1,1.3449,0.7,74.0,False,False
2004-12-03 06:00:00,13.8,85.5,1.3469,0.9,82.0,False,False
2004-12-03 07:00:00,13.8,85.3,1.3412,1.5,96.0,False,False
2004-12-03 08:00:00,13.7,84.5,1.3202,3.8,124.0,False,False
2004-12-03 09:00:00,13.9,83.9,1.3284,6.0,142.0,False,False
2004-12-03 10:00:00,14.6,81.6,1.3448,5.1,154.0,False,False
2004-12-03 11:00:00,15.8,74.7,1.3336,3.6,144.0,False,False
2004-12-03 12:00:00,16.4,72.1,1.336,3.0,144.0,False,False
2004-12-03 13:00:00,16.8,70.3,1.3341,3.1,139.0,False,False
2004-12-03 14:00:00,17.9,66.3,1.3499,3.3,138.0,False,False
2004-12-03 15:00:00,18.8,62.7,1.3506,3.4,134.0,False,False
2004-12-03 16:00:00,19.0,61.6,1.3407,4.6,150.0,False,False
2004-12-03 17:00:00,17.7,68.3,1.3713,6.9,173.0,False,False
2004-12-03 18:00:00,16.5,71.7,1.3358,5.1,134.0,False,False
2004-12-03 19:00:00,15.7,72.7,1.2872,4.9,128.0,False,False
2004-12-03 20:00:00,15.0,74.4,1.2593,6.1,132.0,False,False
2004-12-03 21:00:00,14.6,75.2,1.2405,6.2,134.0,False,False
2004-12-03 22:00:00,14.0,75.7,1.2051,3.0,107.0,False,False
2004-12-03 23:00:00,13.1,78.7,1.1817,3.4,101.0,False,False
2004-12-04 00:00:00,12.6,78.4,1.1419,3.5,94.0,False,False
2004-12-04 01:00:00,12.8,77.9,1.1438,3.2,99.0,False,False
2004-12-04 02:00:00,12.1,79.4,1.1201,2.9,90.0,False,False
2004-12-04 03:00:00,11.6,80.1,1.0899,2.1,,False,False
2004-12-04 04:00:00,11.6,79.7,1.0858,,71.0,False,False
2004-12-04 05:00:00,11.4,81.1,1.0928,1.7,71.0,False,False
2004-12-04 06:00:00,11.5,81.7,1.1033,1.7,66.0,False,False
2004-12-04 07:00:00,12.4,77.1,1.1072,1.3,70.0,False,False
2004-12-04 08:00:00,12.3,79.0,1.1293,2.8,90.0,False,False
2004-12-04 09:00:00,12.2,83.9,1.189,2.5,102.0,False,False
2004-12-04 10:00:00,12.2,85.1,1.2079,2.7,102.0,False,False
2004-12-04 11:00:00,12.4,80.1,1.1462,1.5,94.0,False,False
2004-12-04 12:00:00,13.0,77.8,1.1641,2.6,122.0,False,False
2004-12-04 13:00:00,11.8,86.5,1.1981,3.1,124.0,False,False
2004-12-04 14:00:00,11.9,85.7,1.1912,2.5,103.0,False,False
2004-12-04 15:00:00,11.9,88.7,1.2352,2.6,115.0,False,False
2004-12-04 16:00:00,12.3,87.0,1.2422,2.5,107.0,False,False
2004-12-04 17:00:00,12.7,84.4,1.2352,2.3,120.0,False,False
2004-12-04 18:00:00,13.1,81.7,1.2284,3.1,120.0,False,False
2004-12-04 19:00:00,13.1,80.4,1.2038,1.9,108.0,False,False
2004-12-04 20:00:00,13.4,79.9,1.2254,2.5,115.0,False,False
2004-12-04 21:00:00,13.8,76.8,1.206,3.1,124.0,False,False
2004-12-04 22:00:00,14.0,75.9,1.2064,2.0,109.0,False,False
2004-12-04 23:00:00,13.5,78.3,1.2097,1.9,93.0,False,False
2004-12-05 00:00:00,13.0,79.2,1.182,2.4,103.0,False,False
2004-12-05 01:00:00,12.4,77.5,1.1115,2.0,106.0,False,False
2004-12-05 02:00:00,12.3,71.2,1.0175,1.2,96.0,False,False
2004-12-05 03:00:00,12.2,69.6,0.986,1.0,,False,False
2004-12-05 04:00:00,12.3,67.5,0.9624,1.0,81.0,False,False
2004-12-05 05:00:00,12.7,65.6,0.9566,0.8,70.0,False,False
2004-12-05 06:00:00,12.5,65.9,0.9533,0.6,60.0,False,False
2004-12-05 07:00:00,12.4,65.4,0.9426,0.7,63.0,False,False
2004-12-05 08:00:00,13.2,62.5,0.943,0.8,68.0,False,False
2004-12-05 09:00:00,13.1,62.4,0.9366,0.9,68.0,False,False
2004-12-05 10:00:00,12.9,64.7,0.9564,1.0,66.0,False,False
2004-12-05 11:00:00,13.0,67.6,1.009,1.3,72.0,False,False
2004-12-05 12:00:00,13.0,69.7,1.0403,1.7,81.0,False,False
2004-12-05 13:00:00,12.0,80.0,1.1167,2.4,89.0,False,False
2004-12-05 14:00:00,11.4,83.7,1.1278,1.7,85.0,False,False
2004-12-05 15:00:00,12.0,80.8,1.1264,1.8,86.0,False,False
2004-12-05 16:00:00,11.5,81.0,1.101,1.5,83.0,False,False
2004-12-05 17:00:00,11.3,81.0,1.0851,1.1,77.0,False,False
2004-12-05 18:00:00,12.0,78.4,1.0954,2.4,93.0,False,False
2004-12-05 19:00:00,12.1,75.5,1.0669,2.0,103.0,False,False
2004-12-05 20:00:00,12.5,71.9,1.0351,1.5,90.0,False,False
2004-12-05 21:00:00,12.6,70.5,1.0239,1.7,93.0,False,False
2004-12-05 22:00:00,12.5,69.1,1.0003,1.0,72.0,False,False
2004-12-05 23:00:00,13.1,64.3,0.9628,1.0,73.0,False,False
2004-12-06 00:00:00,13.2,62.9,0.9517,1.0,64.0,False,False
2004-12-06 01:00:00,13.3,63.6,0.9673,0.9,66.0,False,False
2004-12-06 02:00:00,13.3,65.3,0.9948,1.1,71.0,False,False
2004-12-06 03:00:00,12.7,72.2,1.0525,1.1,,False,False
2004-12-06 04:00:00,11.9,79.6,1.1043,0.6,54.0,False,False
2004-12-06 05:00:00,11.8,81.4,1.1238,0.7,58.0,False,False
2004-12-06 06:00:00,12.0,80.1,1.1231,0.9,72.0,False,False
2004-12-06 07:00:00,12.2,78.8,1.1178,1.3,89.0,False,False
2004-12-06 08:00:00,12.7,77.2,1.1298,3.1,112.0,False,False
2004-12-06 09:00:00,13.4,74.4,1.1407,4.9,131.0,False,False
2004-12-06 10:00:00,15.9,63.4,1.1349,4.7,161.0,False,False
2004-12-06 11:00:00,18.5,52.9,1.1174,3.2,135.0,False,False
2004-12-06 12:00:00,18.4,52.6,1.1064,2.5,119.0,False,False
2004-12-06 13:00:00,19.4,49.8,1.1095,3.8,144.0,False,False
2004-12-06 14:00:00,19.5,50.1,1.1225,3.3,130.0,False,False
2004-12-06 15:00:00,20.3,47.5,1.1187,2.5,109.0,False,False
2004-12-06 16:00:00,18.7,53.0,1.1322,2.7,114.0,False,False
2004-12-06 17:00:00,17.3,57.1,1.1161,2.9,115.0,False,False
2004-12-06 18:00:00,16.4,59.5,1.1017,3.1,123.0,False,False
2004-12-06 19:00:00,15.9,60.8,1.088,4.0,138.0,False,False
2004-12-06 20:00:00,15.5,60.7,1.0591,3.1,123.0,False,False
2004-12-06 21:00:00,15.3,63.1,1.0872,2.7,112.0,False,False
2004-12-06 22:00:00,16.6,58.5,1.0963,1.7,87.0,False,False
2004-12-06 23:00:00,14.6,64.7,1.0677,1.5,79.0,False,False
2004-12-07 00:00:00,14.0,66.1,1.05,1.4,74.0,False,False
2004-12-07 01:00:00,13.0,69.4,1.0364,1.4,75.0,False,False
2004-12-07 02:00:00,13.1,67.4,1.0101,1.1,70.0,False,False
2004-12-07 03:00:00,11.6,73.4,0.999,1.1,,False,False
2004-12-07 04:00:00,11.9,71.4,0.9921,,64.0,False,False
2004-12-07 05:00:00,12.4,68.3,0.9801,0.6,63.0,False,False
2004-12-07 06:00:00,14.1,60.6,0.9715,0.8,67.0,False,False
2004-12-07 07:00:00,12.9,64.2,0.9506,1.0,71.0,False,False
2004-12-07 08:00:00,11.7,68.9,0.9439,2.8,98.0,False,False
2004-12-07 09:00:00,12.5,65.8,0.9538,3.4,114.0,False,False
2004-12-07 10:00:00,14.5,61.1,1.0007,3.3,130.0,False,False
2004-12-07 11:00:00,16.9,54.2,1.0371,4.1,155.0,False,False
2004-12-07 12:00:00,17.4,53.3,1.0528,3.5,141.0,False,False
2004-12-07 13:00:00,18.8,49.3,1.0581,3.0,118.0,False,False
2004-12-07 14:00:00,19.4,47.1,1.051,3.6,134.0,False,False
2004-12-07 15:00:00,19.2,47.1,1.0371,3.0,123.0,False,False
2004-12-07 16:00:00,17.7,51.5,1.0315,2.6,117.0,False,False
2004-12-07 17:00:00,16.5,54.6,1.0164,2.6,110.0,False,False
2004-12-07 18:00:00,15.4,57.9,1.0068,3.1,115.0,False,False
2004-12-07 19:00:00,15.2,58.4,1.0007,3.2,116.0,False,False
2004-12-07 20:00:00,14.9,58.4,0.9843,2.4,99.0,False,False
2004-12-07 21:00:00,14.5,60.4,0.9909,2.6,115.0,False,False
2004-12-07 22:00:00,14.5,62.3,1.0216,2.4,104.0,False,False
2004-12-07 23:00:00,14.6,60.6,1.0033,1.8,92.0,False,False
2004-12-08 00:00:00,15.0,59.3,1.0045,1.7,84.0,False,False
2004-12-08 01:00:00,14.7,60.3,1.0031,1.9,81.0,False,False
2004-12-08 02:00:00,15.3,59.1,1.0191,1.4,77.0,False,False
2004-12-08 03:00:00,12.3,69.7,0.9954,1.5,,False,False
2004-12-08 04:00:00,11.6,72.5,0.9916,1.7,75.0,False,False
2004-12-08 05:00:00,12.0,71.9,1.003,1.0,69.0,False,False
2004-12-08 06:00:00,11.8,71.8,0.9909,0.9,67.0,False,False
2004-12-08 07:00:00,11.8,71.4,0.9864,1.0,68.0,False,False
2004-12-08 08:00:00,12.8,66.3,0.9804,1.0,68.0,False,False
2004-12-08 09:00:00,13.2,65.2,0.9841,1.1,69.0,False,False
2004-12-08 10:00:00,13.1,66.2,0.9933,1.7,81.0,False,False
2004-12-08 11:00:00,14.3,63.3,1.0266,2.3,95.0,False,False
2004-12-08 12:00:00,16.0,58.1,1.0482,2.1,92.0,False,False
2004-12-08 13:00:00,17.3,53.9,1.0562,2.7,113.0,False,False
2004-12-08 14:00:00,17.3,53.3,1.0407,2.3,98.0,False,False
2004-12-08 15:00:00,16.7,54.7,1.0311,1.2,82.0,False,False
2004-12-08 16:00:00,15.4,58.9,1.02,1.4,96.0,False,False
2004-12-08 17:00:00,15.2,58.0,0.9927,1.9,107.0,False,False
2004-12-08 18:00:00,16.2,54.5,0.9956,2.6,119.0,False,False
2004-12-08 19:00:00,16.5,55.3,1.0267,2.4,114.0,False,False
2004-12-08 20:00:00,14.6,72.1,1.1947,3.5,127.0,False,False
2004-12-08 21:00:00,13.9,76.7,1.2098,3.5,121.0,False,False
2004-12-08 22:00:00,13.7,79.3,1.2326,2.2,109.0,False,False
2004-12-08 23:00:00,13.8,77.3,1.2169,2.3,107.0,False,False
2004-12-09 00:00:00,14.2,71.7,1.1578,1.9,100.0,False,False
2004-12-09 01:00:00,14.9,65.7,1.105,1.0,83.0,False,False
2004-12-09 02:00:00,14.7,67.3,1.1177,0.8,66.0,False,False
2004-12-09 03:00:00,15.2,63.2,1.0821,0.5,,False,False
2004-12-09 04:00:00,14.8,65.5,1.0965,0.4,30.0,False,False
2004-12-09 05:00:00,14.4,68.5,1.1158,0.4,29.0,False,False
2004-12-09 06:00:00,14.5,62.9,1.0335,0.4,41.0,False,False
2004-12-09 07:00:00,14.6,56.7,0.9358,0.6,63.0,False,False
2004-12-09 08:00:00,15.0,55.3,0.9338,1.9,114.0,False,False
2004-12-09 09:00:00,14.5,56.5,0.9306,2.0,114.0,False,False
2004-12-09 10:00:00,14.3,55.4,0.9005,1.4,102.0,False,False
2004-12-09 11:00:00,14.7,52.5,0.8716,1.4,101.0,False,False
2004-12-09 12:00:00,15.5,51.7,0.9033,1.5,103.0,False,False
2004-12-09 13:00:00,14.9,53.4,0.8998,1.6,100.0,False,False
2004-12-09 14:00:00,15.2,51.0,0.8762,1.8,95.0,False,False
2004-12-09 15:00:00,15.2,50.1,0.858,1.4,99.0,False,False
2004-12-09 16:00:00,15.6,46.6,0.8176,1.7,102.0,False,False
2004-12-09 17:00:00,14.8,48.4,0.8069,1.7,105.0,False,False
2004-12-09 18:00:00,14.6,48.0,0.7902,2.3,118.0,False,False
2004-12-09 19:00:00,15.1,45.4,0.7759,3.2,135.0,False,False
2004-12-09 20:00:00,14.5,45.4,0.7458,2.6,124.0,False,False
2004-12-09 21:00:00,13.4,48.1,0.7374,1.6,100.0,False,False
2004-12-09 22:00:00,12.3,48.7,0.6931,0.8,66.0,False,False
2004-12-09 23:00:00,12.0,51.2,0.7179,0.7,57.0,False,False
2004-12-10 00:00:00,11.9,54.6,0.7589,0.6,58.0,False,False
2004-12-10 01:00:00,13.7,45.0,0.6991,0.7,59.0,False,False
2004-12-10 02:00:00,14.7,37.5,0.622,0.7,60.0,False,False
2004-12-10 03:00:00,13.8,36.8,0.576,0.5,,False,False
2004-12-10 04:00:00,13.2,35.6,0.5375,,35.0,False,False
2004-12-10 05:00:00,12.0,37.3,0.5239,0.3,27.0,False,False
2004-12-10 06:00:00,11.7,38.1,0.5223,0.4,39.0,False,False
2004-12-10 07:00:00,11.5,38.0,0.5159,0.5,63.0,False,False
2004-12-10 08:00:00,12.3,35.8,0.5086,1.4,110.0,False,False
2004-12-10 09:00:00,12.9,34.5,0.5102,2.4,128.0,False,False
2004-12-10 10:00:00,14.4,30.2,0.4911,1.8,122.0,False,False
2004-12-10 11:00:00,16.2,26.2,0.4789,1.5,111.0,False,False
2004-12-10 12:00:00,17.1,23.5,0.453,1.5,110.0,False,False
2004-12-10 13:00:00,18.1,21.3,0.4396,1.8,114.0,False,False
2004-12-10 14:00:00,18.8,20.0,0.4278,2.1,114.0,False,False
2004-12-10 15:00:00,18.1,20.8,0.4274,1.7,111.0,False,False
2004-12-10 16:00:00,17.6,19.9,0.3952,2.3,116.0,False,False
2004-12-10 17:00:00,16.0,20.8,0.3757,2.9,148.0,False,False
2004-12-10 18:00:00,14.6,23.7,0.3903,4.0,177.0,False,False
2004-12-10 19:00:00,13.7,22.9,0.3581,4.2,164.0,False,False
2004-12-10 20:00:00,12.8,21.7,0.3182,3.5,151.0,False,False
2004-12-10 21:00:00,12.7,21.3,0.3119,2.6,147.0,False,False
2004-12-10 22:00:00,12.8,22.5,0.3309,1.3,110.0,False,False
2004-12-10 23:00:00,12.6,23.4,0.3408,1.0,99.0,False,False
2004-12-11 00:00:00,12.4,24.0,0.3443,1.6,116.0,False,False
2004-12-11 01:00:00,12.5,24.0,0.3462,1.6,121.0,False,False
2004-12-11 02:00:00,11.9,32.4,0.4489,1.1,103.0,False,False
2004-12-11 03:00:00,11.7,33.8,0.4623,1.1,,False,False
2004-12-11 04:00:00,11.5,34.2,0.4621,0.8,83.0,False,False
2004-12-11 05:00:00,10.5,37.8,0.4799,0.8,76.0,False,False
2004-12-11 06:00:00,7.8,47.4,0.5046,1.0,107.0,False,False
2004-12-11 07:00:00,9.3,43.1,0.5062,1.2,106.0,False,False
2004-12-11 08:00:00,8.2,46.8,0.5091,1.7,124.0,False,False
2004-12-11 09:00:00,10.7,34.2,0.439,2.4,134.0,False,False
2004-12-11 10:00:00,14.4,28.2,0.4593,2.8,147.0,False,False
2004-12-11 11:00:00,17.4,23.3,0.4599,2.9,146.0,False,False
2004-12-11 12:00:00,17.8,23.6,0.4766,2.6,133.0,False,False
2004-12-11 13:00:00,18.3,19.5,0.4044,2.3,120.0,False,False
2004-12-11 14:00:00,18.9,18.9,0.4091,2.3,117.0,False,False
2004-12-11 15:00:00,18.4,19.7,0.4117,1.7,109.0,False,False
2004-12-11 16:00:00,17.8,21.0,0.4234,1.8,112.0,False,False
2004-12-11 17:00:00,16.1,23.4,0.4248,2.5,131.0,False,False
2004-12-11 18:00:00,14.9,24.9,0.4178,2.4,133.0,False,False
2004-12-11 19:00:00,14.6,24.6,0.4054,2.0,138.0,False,False
2004-12-11 20:00:00,14.2,26.8,0.4332,2.3,142.0,False,False
2004-12-11 21:00:00,13.3,38.7,0.5867,2.9,138.0,False,False
2004-12-11 22:00:00,11.2,45.1,0.6004,2.0,118.0,False,False
2004-12-11 23:00:00,8.8,52.5,0.5969,2.5,120.0,False,False
2004-12-12 00:00:00,8.6,54.3,0.606,3.0,132.0,False,False
2004-12-12 01:00:00,8.1,53.2,0.5746,2.4,121.0,False,False
2004-12-12 02:00:00,6.8,57.8,0.5768,2.6,117.0,False,False
2004-12-12 03:00:00,6.6,58.1,0.5687,2.0,,False,False
2004-12-12 04:00:00,5.4,64.1,0.5772,2.1,102.0,False,False
2004-12-12 05:00:00,5.6,61.6,0.5656,1.7,95.0,False,False
2004-12-12 06:00:00,4.2,69.0,0.5737,1.5,81.0,False,False
2004-12-12 07:00:00,4.8,64.6,0.563,1.3,95.0,False,False
2004-12-12 08:00:00,4.0,69.0,0.5661,1.9,111.0,False,False
2004-12-12 09:00:00,4.9,66.3,0.5786,2.0,118.0,False,False
2004-12-12 10:00:00,9.4,48.7,0.5748,2.7,130.0,False,False
2004-12-12 11:00:00,12.6,39.9,0.5804,2.4,116.0,False,False
2004-12-12 12:00:00,14.4,35.3,0.5763,2.7,128.0,False,False
2004-12-12 13:00:00,15.1,37.4,0.6374,3.2,156.0,False,False
2004-12-12 14:00:00,16.0,35.8,0.6456,3.4,169.0,False,False
2004-12-12 15:00:00,17.5,30.8,0.6095,3.2,168.0,False,False
2004-12-12 16:00:00,17.2,34.2,0.6669,4.3,178.0,False,False
2004-12-12 17:00:00,14.3,45.8,0.7452,5.0,178.0,False,False
2004-12-12 18:00:00,12.2,53.9,0.7617,6.3,188.0,False,False
2004-12-12 19:00:00,11.6,51.2,0.6965,4.6,169.0,False,False
2004-12-12 20:00:00,11.3,50.1,0.672,3.1,133.0,False,False
2004-12-12 21:00:00,10.6,51.2,0.6541,2.6,125.0,False,False
2004-12-12 22:00:00,9.6,51.7,0.6163,2.1,110.0,False,False
2004-12-12 23:00:00,8.7,55.2,0.6225,2.1,112.0,False,False
2004-12-13 00:00:00,7.9,60.2,0.6432,2.5,112.0,False,False
2004-12-13 01:00:00,7.9,59.2,0.6331,2.0,102.0,False,False
2004-12-13 02:00:00,6.7,64.6,0.6381,1.8,90.0,False,False
2004-12-13 03:00:00,6.9,62.3,0.6227,1.3,,False,False
2004-12-13 04:00:00,6.3,64.6,0.6197,,66.0,False,False
2004-12-13 05:00:00,6.4,63.3,0.6123,0.7,64.0,False,False
2004-12-13 06:00:00,6.4,64.4,0.6204,0.9,81.0,False,False
2004-12-13 07:00:00,5.6,68.9,0.6328,1.5,106.0,False,False
2004-12-13 08:00:00,6.4,65.6,0.6348,3.4,140.0,False,False
2004-12-13 09:00:00,7.3,61.4,0.6306,3.4,138.0,False,False
2004-12-13 10:00:00,9.6,53.7,0.6409,3.2,165.0,False,False
2004-12-13 11:00:00,12.0,45.9,0.6421,4.8,214.0,False,False
2004-12-13 12:00:00,12.7,44.4,0.6512,3.5,178.0,False,False
2004-12-13 13:00:00,13.9,42.8,0.6761,4.1,187.0,False,False
2004-12-13 14:00:00,15.0,41.4,0.7016,4.8,203.0,False,False
2004-12-13 15:00:00,16.0,38.7,0.6987,4.4,204.0,False,False
2004-12-13 16:00:00,16.0,38.6,0.6952,4.5,198.0,False,False
2004-12-13 17:00:00,14.1,44.9,0.7194,5.9,218.0,False,False
2004-12-13 18:00:00,12.6,55.9,0.8142,9.9,269.0,False,True
2004-12-13 19:00:00,11.7,60.8,0.8336,6.9,217.0,False,False
2004-12-13 20:00:00,11.5,60.9,0.8249,4.3,183.0,False,False
2004-12-13 21:00:00,10.6,64.1,0.8182,2.9,147.0,False,False
2004-12-13 22:00:00,10.1,66.2,0.8185,2.0,120.0,False,False
2004-12-13 23:00:00,9.0,70.1,0.8036,1.7,112.0,False,False
2004-12-14 00:00:00,8.6,70.5,0.7915,1.9,107.0,False,False
2004-12-14 01:00:00,7.6,74.3,0.7783,2.0,103.0,False,False
2004-12-14 02:00:00,6.9,76.1,0.759,1.9,97.0,False,False
2004-12-14 03:00:00,8.0,70.6,0.7607,1.0,,False,False
2004-12-14 04:00:00,6.8,75.4,0.7475,0.8,74.0,False,False
2004-12-14 05:00:00,6.6,75.3,0.7378,0.7,68.0,False,False
2004-12-14 06:00:00,6.0,77.3,0.7262,1.1,92.0,False,False
2004-12-14 07:00:00,6.0,76.7,0.722,1.7,111.0,False,False
2004-12-14 08:00:00,6.9,73.7,0.7348,3.1,133.0,False,False
2004-12-14 09:00:00,7.6,70.6,0.7371,4.4,139.0,False,False
2004-12-14 10:00:00,9.3,64.2,0.7544,5.6,192.0,False,False
2004-12-14 11:00:00,11.7,55.7,0.763,4.4,192.0,False,False
2004-12-14 12:00:00,12.9,54.1,0.8003,4.4,206.0,False,False
2004-12-14 13:00:00,14.0,53.0,0.8451,4.7,182.0,False,False
2004-12-14 14:00:00,15.1,50.2,0.8552,4.2,192.0,False,False
2004-12-14 15:00:00,16.7,47.3,0.8883,3.3,188.0,False,False
2004-12-14 16:00:00,16.8,48.4,0.9175,5.1,186.0,False,False
2004-12-14 17:00:00,,,,7.4,257.0,False,False
2004-12-14 18:00:00,,,,9.3,248.0,False,False
2004-12-14 19:00:00,,,,7.4,208.0,False,False
2004-12-14 20:00:00,,,,5.3,167.0,False,False
2004-12-14 21:00:00,,,,4.1,148.0,False,False
2004-12-14 22:00:00,,,,2.5,112.0,False,False
2004-12-14 23:00:00,,,,2.1,108.0,False,False
2004-12-15 00:00:00,,,,2.9,115.0,False,False
2004-12-15 01:00:00,,,,2.3,96.0,False,False
2004-12-15 02:00:00,,,,1.7,87.0,False,False
2004-12-15 03:00:00,,,,0.9,,False,False
2004-12-15 04:00:00,,,,0.7,61.0,False,False
2004-12-15 05:00:00,,,,0.8,61.0,False,False
2004-12-15 06:00:00,,,,1.0,82.0,False,False
2004-12-15 07:00:00,,,,1.2,83.0,False,False
2004-12-15 08:00:00,,,,3.5,116.0,False,False
2004-12-15 09:00:00,,,,4.5,147.0,False,False
2004-12-15 10:00:00,,,,4.9,167.0,False,False
2004-12-15 11:00:00,,,,3.5,176.0,False,False
2004-12-15 12:00:00,,,,3.4,177.0,False,False
2004-12-15 13:00:00,,,,4.0,169.0,False,False
2004-12-15 14:00:00,,,,4.3,181.0,False,False
2004-12-15 15:00:00,,,,4.0,183.0,False,False
2004-12-15 16:00:00,,,,4.7,176.0,False,False
2004-12-15 17:00:00,,,,6.6,229.0,False,False
2004-12-15 18:00:00,,,,7.3,214.0,False,False
2004-12-15 19:00:00,,,,3.6,137.0,False,False
2004-12-15 20:00:00,,,,2.4,115.0,False,False
2004-12-15 21:00:00,,,,2.1,107.0,False,False
2004-12-15 22:00:00,,,,2.1,105.0,False,False
2004-12-15 23:00:00,,,,1.7,96.0,False,False
2004-12-16 00:00:00,,,,2.2,100.0,False,False
2004-12-16 01:00:00,,,,2.0,100.0,False,False
2004-12-16 02:00:00,,,,1.6,92.0,False,False
2004-12-16 03:00:00,,,,1.7,,False,False
2004-12-16 04:00:00,,,,,81.0,False,False
2004-12-16 05:00:00,,,,1.0,74.0,False,False
2004-12-16 06:00:00,,,,1.0,81.0,False,False
2004-12-16 07:00:00,,,,1.6,99.0,False,False
2004-12-16 08:00:00,,,,3.5,123.0,False,False
2004-12-16 09:00:00,,,,5.3,146.0,False,False
2004-12-16 10:00:00,,,,4.6,161.0,False,False
2004-12-16 11:00:00,,,,4.5,210.0,False,False
2004-12-16 12:00:00,,,,4.2,190.0,False,False
2004-12-16 13:00:00,,,,4.1,170.0,False,False
2004-12-16 14:00:00,,,,5.5,212.0,False,False
2004-12-16 15:00:00,,,,4.8,217.0,False,False
2004-12-16 16:00:00,,,,5.5,236.0,False,False
2004-12-16 17:00:00,,,,5.2,217.0,False,False
2004-12-16 18:00:00,,,,7.5,231.0,False,False
2004-12-16 19:00:00,,,,8.6,227.0,False,False
2004-12-16 20:00:00,,,,9.1,219.0,False,False
2004-12-16 21:00:00,,,,8.6,203.0,False,False
2004-12-16 22:00:00,,,,5.4,186.0,False,False
2004-12-16 23:00:00,,,,4.3,173.0,False,False
2004-12-17 00:00:00,,,,4.2,162.0,False,False
2004-12-17 01:00:00,,,,4.3,161.0,False,False
2004-12-17 02:00:00,,,,4.2,144.0,False,False
2004-12-17 03:00:00,,,,2.8,,False,False
2004-12-17 04:00:00,,,,2.2,119.0,False,False
2004-12-17 05:00:00,,,,1.8,112.0,False,False
2004-12-17 06:00:00,,,,2.0,111.0,False,False
2004-12-17 07:00:00,,,,2.5,122.0,False,False
2004-12-17 08:00:00,,,,4.1,137.0,False,False
2004-12-17 09:00:00,,,,6.3,151.0,False,False
2004-12-17 10:00:00,,,,5.0,164.0,False,False
2004-12-17 11:00:00,,,,5.1,198.0,False,False
2004-12-17 12:00:00,,,,3.6,213.0,False,False
2004-12-17 13:00:00,,,,3.5,164.0,False,False
2004-12-17 14:00:00,,,,3.7,177.0,False,False
2004-12-17 15:00:00,,,,3.1,168.0,False,False
2004-12-17 16:00:00,,,,3.2,150.0,False,False
2004-12-17 17:00:00,,,,3.8,152.0,False,False
2004-12-17 18:00:00,,,,3.2,138.0,False,False
2004-12-17 19:00:00,,,,3.2,129.0,False,False
2004-12-17 20:00:00,13.3,68.0,1.0376,3.3,130.0,False,False
2004-12-17 21:00:00,13.2,72.8,1.0984,3.1,137.0,False,False
2004-12-17 22:00:00,12.6,76.5,1.1106,2.4,125.0,False,False
2004-12-17 23:00:00,12.6,74.3,1.0843,1.4,106.0,False,False
2004-12-18 00:00:00,12.9,72.1,1.0658,2.1,121.0,False,False
2004-12-18 01:00:00,13.1,70.5,1.0594,1.4,101.0,False,False
2004-12-18 02:00:00,12.4,73.8,1.0574,1.4,100.0,False,False
2004-12-18 03:00:00,12.2,74.5,1.0537,1.3,,False,False
2004-12-18 04:00:00,11.8,76.3,1.0547,1.0,86.0,False,False
2004-12-18 05:00:00,10.8,80.0,1.0367,1.3,90.0,False,False
2004-12-18 06:00:00,10.4,77.3,0.9709,1.0,89.0,False,False
2004-12-18 07:00:00,10.0,76.2,0.9332,1.1,96.0,False,False
2004-12-18 08:00:00,9.4,67.7,0.8018,2.1,125.0,False,False
2004-12-18 09:00:00,9.3,71.2,0.8325,3.2,143.0,False,False
2004-12-18 10:00:00,12.6,54.0,0.784,3.3,153.0,False,False
2004-12-18 11:00:00,16.1,28.5,0.5164,2.3,140.0,False,False
2004-12-18 12:00:00,16.6,19.9,0.3728,1.0,92.0,False,False
2004-12-18 13:00:00,15.9,18.2,0.3255,0.8,78.0,False,False
2004-12-18 14:00:00,14.3,18.4,0.2991,0.8,68.0,False,False
2004-12-18 15:00:00,15.0,16.3,0.2749,0.6,64.0,False,False
2004-12-18 16:00:00,14.9,17.1,0.2875,0.9,80.0,False,False
2004-12-18 17:00:00,13.2,18.8,0.2837,0.8,81.0,False,False
2004-12-18 18:00:00,12.4,19.6,0.2797,1.2,102.0,False,False
2004-12-18 19:00:00,11.9,21.3,0.2957,2.1,132.0,False,False
2004-12-18 20:00:00,11.1,24.8,0.3264,3.9,162.0,False,False
2004-12-18 21:00:00,10.1,29.7,0.3666,4.4,179.0,False,False
2004-12-18 22:00:00,10.2,23.8,0.2955,2.0,148.0,False,False
2004-12-18 23:00:00,9.4,27.4,0.3239,2.3,146.0,False,False
2004-12-19 00:00:00,7.9,39.0,0.4154,3.6,164.0,False,False
2004-12-19 01:00:00,7.6,40.6,0.4273,3.9,162.0,False,False
2004-12-19 02:00:00,6.4,43.7,0.4242,1.6,118.0,False,False
2004-12-19 03:00:00,6.3,44.7,0.4293,1.0,,False,False
2004-12-19 04:00:00,5.1,46.5,0.4125,,78.0,False,False
2004-12-19 05:00:00,3.3,53.5,0.418,1.0,79.0,False,False
2004-12-19 06:00:00,4.8,49.9,0.4325,0.8,62.0,False,False
2004-12-19 07:00:00,2.2,60.1,0.4361,0.7,85.0,False,False
2004-12-19 08:00:00,2.5,59.3,0.4401,1.0,110.0,False,False
2004-12-19 09:00:00,3.2,55.7,0.4344,1.0,99.0,False,False
2004-12-19 10:00:00,5.0,48.8,0.429,1.5,101.0,False,False
2004-12-19 11:00:00,5.8,49.8,0.4613,2.5,129.0,False,False
2004-12-19 12:00:00,6.0,47.6,0.4488,2.6,132.0,False,False
2004-12-19 13:00:00,7.4,44.6,0.4613,3.2,148.0,False,False
2004-12-19 14:00:00,5.2,73.1,0.6535,3.0,134.0,False,False
2004-12-19 15:00:00,4.8,81.4,0.7055,3.4,148.0,False,False
2004-12-19 16:00:00,4.7,82.3,0.7105,3.3,146.0,False,False
2004-12-19 17:00:00,4.7,82.8,0.7157,3.6,148.0,False,False
2004-12-19 18:00:00,4.7,83.4,0.7177,5.5,175.0,False,False
2004-12-19 19:00:00,5.2,83.1,0.7411,4.5,170.0,False,False
2004-12-19 20:00:00,5.5,84.1,0.7657,4.7,173.0,False,False
2004-12-19 21:00:00,5.8,84.5,0.7822,4.3,151.0,False,False
2004-12-19 22:00:00,6.2,84.1,0.8018,3.2,129.0,False,False
2004-12-19 23:00:00,6.6,83.3,0.8183,2.9,126.0,False,False
2004-12-20 00:00:00,6.8,82.8,0.8216,3.1,127.0,False,False
2004-12-20 01:00:00,8.2,78.4,0.8561,2.8,118.0,False,False
2004-12-20 02:00:00,9.7,70.9,0.8539,1.2,83.0,False,False
2004-12-20 03:00:00,9.5,69.9,0.8298,0.9,,False,False
2004-12-20 04:00:00,9.3,65.9,0.7757,0.8,60.0,False,False
2004-12-20 05:00:00,8.8,62.9,0.7154,0.6,37.0,False,False
2004-12-20 06:00:00,8.6,58.8,0.6603,0.6,39.0,False,False
2004-12-20 07:00:00,9.2,55.9,0.6521,1.0,70.0,False,False
2004-12-20 08:00:00,8.4,57.7,0.6376,3.2,108.0,False,False
2004-12-20 09:00:00,8.5,60.4,0.6713,3.6,119.0,False,False
2004-12-20 10:00:00,8.9,57.4,0.6575,2.9,111.0,False,False
2004-12-20 11:00:00,9.2,55.8,0.6479,2.4,106.0,False,False
2004-12-20 12:00:00,9.6,53.9,0.6425,2.5,105.0,False,False
2004-12-20 13:00:00,9.6,52.4,0.6276,2.6,114.0,False,False
2004-12-20 14:00:00,9.7,49.8,0.5998,2.3,93.0,False,False
2004-12-20 15:00:00,9.4,44.9,0.5296,2.2,89.0,False,False
2004-12-20 16:00:00,9.8,41.9,0.5083,2.3,102.0,False,False
2004-12-20 17:00:00,8.9,44.9,0.5125,2.9,129.0,False,False
2004-12-20 18:00:00,8.4,45.4,0.5035,4.1,151.0,False,False
2004-12-20 19:00:00,8.0,41.0,0.4416,4.1,151.0,False,False
2004-12-20 20:00:00,7.9,37.1,0.3974,4.0,149.0,False,False
2004-12-20 21:00:00,7.8,33.9,0.3594,3.7,149.0,False,False
2004-12-20 22:00:00,7.3,32.4,0.334,1.7,114.0,False,False
2004-12-20 23:00:00,7.4,34.6,0.3576,1.1,104.0,False,False
2004-12-21 00:00:00,7.1,33.7,0.3417,1.1,104.0,False,False
2004-12-21 01:00:00,6.4,35.8,0.3471,1.5,127.0,False,False
2004-12-21 02:00:00,5.6,37.7,0.3444,0.5,53.0,False,False
2004-12-21 03:00:00,5.6,37.6,0.3448,0.3,,False,False
2004-12-21 04:00:00,5.3,38.8,0.3473,0.2,39.0,False,False
2004-12-21 05:00:00,4.7,41.4,0.3576,0.3,41.0,False,False
2004-12-21 06:00:00,4.3,43.9,0.3675,0.6,97.0,False,False
2004-12-21 07:00:00,4.9,40.6,0.3539,0.7,120.0,False,False
2004-12-21 08:00:00,5.1,40.8,0.3603,2.6,167.0,False,False
2004-12-21 09:00:00,6.5,38.1,0.3709,5.5,198.0,False,False
2004-12-21 10:00:00,7.4,36.5,0.3778,2.6,157.0,False,False
2004-12-21 11:00:00,7.9,36.4,0.3889,1.5,125.0,False,False
2004-12-21 12:00:00,7.8,36.8,0.3908,1.7,135.0,False,False
2004-12-21 13:00:00,8.7,33.7,0.379,2.2,138.0,False,False
2004-12-21 14:00:00,8.5,34.3,0.3813,2.1,132.0,False,False
2004-12-21 15:00:00,8.9,34.5,0.3946,2.2,142.0,False,False
2004-12-21 16:00:00,8.8,35.7,0.4043,2.3,137.0,False,False
2004-12-21 17:00:00,7.9,38.6,0.4137,2.5,145.0,False,False
2004-12-21 18:00:00,7.6,40.1,0.4195,3.1,166.0,False,False
2004-12-21 19:00:00,6.9,40.3,0.4025,3.6,165.0,False,False
2004-12-21 20:00:00,6.5,41.7,0.4047,3.9,175.0,False,False
2004-12-21 21:00:00,6.3,42.6,0.4106,4.0,185.0,False,False
2004-12-21 22:00:00,5.9,44.7,0.4186,2.3,166.0,False,False
2004-12-21 23:00:00,5.8,43.4,0.4037,1.5,140.0,False,False
2004-12-22 00:00:00,5.8,42.5,0.3937,1.5,133.0,False,False
2004-12-22 01:00:00,5.6,42.0,0.3856,2.2,144.0,False,False
2004-12-22 02:00:00,5.3,42.3,0.3806,1.3,126.0,False,False
2004-12-22 03:00:00,5.1,43.5,0.3852,0.9,,False,False
2004-12-22 04:00:00,5.1,44.8,0.3967,,72.0,False,False
2004-12-22 05:00:00,5.2,45.9,0.4099,0.5,70.0,False,False
2004-12-22 06:00:00,4.7,49.0,0.4209,0.5,74.0,False,False
2004-12-22 07:00:00,4.5,51.8,0.4418,0.9,124.0,False,False
2004-12-22 08:00:00,4.5,53.0,0.4495,2.0,152.0,False,False
2004-12-22 09:00:00,4.8,53.1,0.4605,3.2,174.0,False,False
2004-12-22 10:00:00,7.8,42.0,0.4464,2.3,161.0,False,False
2004-12-22 11:00:00,9.3,37.6,0.4391,1.8,120.0,False,False
2004-12-22 12:00:00,10.0,34.2,0.4212,2.1,111.0,False,False
2004-12-22 13:00:00,10.3,32.6,0.4094,1.9,128.0,False,False
2004-12-22 14:00:00,9.8,31.8,0.3858,2.4,133.0,False,False
2004-12-22 15:00:00,9.8,30.3,0.3658,2.1,121.0,False,False
2004-12-22 16:00:00,9.6,29.6,0.3545,2.8,147.0,False,False
2004-12-22 17:00:00,8.1,32.5,0.3516,3.3,136.0,False,False
2004-12-22 18:00:00,6.8,36.1,0.3575,2.9,153.0,False,False
2004-12-22 19:00:00,6.4,36.5,0.3519,3.9,178.0,False,False
2004-12-22 20:00:00,5.9,37.8,0.3528,4.1,174.0,False,False
2004-12-22 21:00:00,5.1,40.7,0.3621,3.3,166.0,False,False
2004-12-22 22:00:00,4.8,45.1,0.3925,3.3,169.0,False,False
2004-12-22 23:00:00,4.5,43.9,0.3728,1.9,132.0,False,False
2004-12-23 00:00:00,5.2,44.1,0.3939,2.0,127.0,False,False
2004-12-23 01:00:00,4.3,46.4,0.3896,1.9,113.0,False,False
2004-12-23 02:00:00,3.0,52.5,0.4021,2.1,128.0,False,False
2004-12-23 03:00:00,2.3,56.3,0.4134,1.7,,False,False
2004-12-23 04:00:00,1.5,61.4,0.4235,1.3,85.0,False,False
2004-12-23 05:00:00,4.0,50.4,0.4154,1.1,77.0,False,False
2004-12-23 06:00:00,2.8,55.2,0.4177,1.2,78.0,False,False
2004-12-23 07:00:00,1.2,61.4,0.4159,1.8,115.0,False,False
2004-12-23 08:00:00,1.4,61.3,0.4208,3.6,169.0,False,False
2004-12-23 09:00:00,2.2,58.1,0.4218,3.7,174.0,False,False
2004-12-23 10:00:00,4.3,49.4,0.4138,3.4,171.0,False,False
2004-12-23 11:00:00,6.6,42.5,0.416,4.0,179.0,False,False
2004-12-23 12:00:00,8.0,38.3,0.4133,3.8,193.0,False,False
2004-12-23 13:00:00,9.1,36.1,0.4172,4.1,210.0,False,False
2004-12-23 14:00:00,10.0,34.7,0.4259,4.9,224.0,False,False
2004-12-23 15:00:00,11.0,33.0,0.4331,3.3,175.0,False,False
2004-12-23 16:00:00,11.3,33.6,0.4504,4.3,177.0,False,False
2004-12-23 17:00:00,9.4,41.3,0.4888,6.6,208.0,False,False
2004-12-23 18:00:00,8.0,45.9,0.4936,8.5,247.0,False,True
2004-12-23 19:00:00,7.1,50.3,0.51,8.7,242.0,False,True
2004-12-23 20:00:00,6.2,56.9,0.5419,9.1,252.0,False,True
2004-12-23 21:00:00,6.3,57.9,0.5575,7.2,228.0,False,False
2004-12-23 22:00:00,6.2,56.8,0.5421,5.0,196.0,False,False
2004-12-23 23:00:00,6.1,54.7,0.5201,4.2,190.0,False,False
2004-12-24 00:00:00,6.0,55.6,0.5244,4.6,187.0,False,False
2004-12-24 01:00:00,5.1,59.0,0.5248,3.9,174.0,False,False
2004-12-24 02:00:00,5.1,58.4,0.517,3.4,158.0,False,False
2004-12-24 03:00:00,4.7,60.8,0.5232,3.0,,False,False
2004-12-24 04:00:00,4.2,63.1,0.5259,2.4,132.0,False,False
2004-12-24 05:00:00,4.3,64.1,0.537,2.5,121.0,False,False
2004-12-24 06:00:00,4.8,61.9,0.537,3.5,136.0,False,False
2004-12-24 07:00:00,5.3,61.1,0.5499,3.9,138.0,False,False
2004-12-24 08:00:00,5.7,61.3,0.5657,4.8,149.0,False,False
2004-12-24 09:00:00,6.1,60.5,0.5719,6.1,165.0,False,False
2004-12-24 10:00:00,6.7,59.7,0.589,6.6,170.0,False,False
2004-12-24 11:00:00,7.2,58.6,0.5986,6.5,165.0,False,False
2004-12-24 12:00:00,8.0,55.9,0.6018,6.0,167.0,False,False
2004-12-24 13:00:00,9.8,52.4,0.6349,6.9,197.0,False,False
2004-12-24 14:00:00,10.5,51.1,0.6503,7.9,217.0,False,False
2004-12-24 15:00:00,10.8,52.4,0.6767,6.1,204.0,False,False
2004-12-24 16:00:00,10.6,55.3,0.7058,6.7,193.0,False,False
2004-12-24 17:00:00,10.4,57.0,0.7167,6.8,192.0,False,False
2004-12-24 18:00:00,10.2,58.3,0.7256,6.7,175.0,False,False
2004-12-24 19:00:00,,,,6.4,168.0,False,False
2004-12-24 20:00:00,,,,6.8,170.0,False,False
2004-12-24 21:00:00,,,,5.6,157.0,False,False
2004-12-24 22:00:00,,,,5.4,143.0,False,False
2004-12-24 23:00:00,,,,5.2,152.0,False,False
2004-12-25 00:00:00,9.4,66.1,0.7816,5.9,169.0,False,False
2004-12-25 01:00:00,9.6,65.9,0.7869,5.6,164.0,False,False
2004-12-25 02:00:00,9.5,66.2,0.7882,5.5,154.0,False,False
2004-12-25 03:00:00,9.2,67.3,0.7851,5.2,,False,False
2004-12-25 04:00:00,9.1,68.7,0.7925,,130.0,False,False
2004-12-25 05:00:00,9.0,69.8,0.8039,2.2,119.0,False,False
2004-12-25 06:00:00,8.9,70.5,0.8056,2.0,106.0,False,False
2004-12-25 07:00:00,8.9,70.4,0.8074,2.2,111.0,False,False
2004-12-25 08:00:00,9.1,69.6,0.8045,2.0,122.0,False,False
2004-12-25 09:00:00,9.0,70.8,0.8173,2.5,121.0,False,False
2004-12-25 10:00:00,9.8,68.6,0.8324,3.0,136.0,False,False
2004-12-25 11:00:00,10.2,67.3,0.8373,2.8,138.0,False,False
2004-12-25 12:00:00,10.7,65.0,0.8378,3.4,147.0,False,False
2004-12-25 13:00:00,11.4,62.9,0.8454,5.5,178.0,False,False
2004-12-25 14:00:00,12.2,61.1,0.8652,4.0,176.0,False,False
2004-12-25 15:00:00,12.1,61.8,0.8723,2.4,159.0,False,False
2004-12-25 16:00:00,11.7,65.6,0.898,3.1,168.0,False,False
2004-12-25 17:00:00,11.4,67.9,0.9119,4.0,181.0,False,False
2004-12-25 18:00:00,11.2,70.8,0.9386,4.6,184.0,False,False
2004-12-25 19:00:00,10.9,75.9,0.9868,4.8,170.0,False,False
2004-12-25 20:00:00,11.3,78.3,1.0455,6.2,174.0,False,False
2004-12-25 21:00:00,10.3,82.8,1.0369,4.6,136.0,False,False
2004-12-25 22:00:00,10.4,82.5,1.0406,4.5,127.0,False,False
2004-12-25 23:00:00,11.0,81.7,1.0727,4.2,125.0,False,False
2004-12-26 00:00:00,11.7,79.8,1.0964,2.6,121.0,False,False
2004-12-26 01:00:00,11.6,80.0,1.0924,1.6,117.0,False,False
2004-12-26 02:00:00,11.3,80.1,1.0741,1.3,108.0,False,False
2004-12-26 03:00:00,11.7,74.1,1.0167,0.6,,False,False
2004-12-26 04:00:00,10.8,78.7,1.0202,0.5,55.0,False,False
2004-12-26 05:00:00,10.7,81.5,1.0497,0.4,46.0,False,False
2004-12-26 06:00:00,10.9,80.3,1.0444,0.3,46.0,False,False
2004-12-26 07:00:00,10.7,80.7,1.0377,0.4,67.0,False,False
2004-12-26 08:00:00,10.5,81.8,1.0416,0.6,90.0,False,False
2004-12-26 09:00:00,10.4,82.9,1.0419,0.9,117.0,False,False
2004-12-26 10:00:00,10.6,82.1,1.0451,1.1,118.0,False,False
2004-12-26 11:00:00,11.5,72.6,0.9846,1.0,112.0,False,False
2004-12-26 12:00:00,12.8,65.5,0.964,1.6,134.0,False,False
2004-12-26 13:00:00,13.9,60.9,0.9644,1.8,127.0,False,False
2004-12-26 14:00:00,14.9,57.9,0.9726,1.0,88.0,False,False
2004-12-26 15:00:00,14.8,63.5,1.0592,0.8,57.0,False,False
2004-12-26 16:00:00,13.6,68.9,1.0699,1.4,99.0,False,False
2004-12-26 17:00:00,13.6,68.9,1.0661,2.1,129.0,False,False
2004-12-26 18:00:00,13.5,67.1,1.0357,2.3,137.0,False,False
2004-12-26 19:00:00,12.3,75.4,1.0768,3.5,146.0,False,False
2004-12-26 20:00:00,11.7,80.0,1.0938,3.8,139.0,False,False
2004-12-26 21:00:00,11.8,82.7,1.1381,2.4,128.0,False,False
2004-12-26 22:00:00,11.8,77.5,1.0741,1.0,106.0,False,False
2004-12-26 23:00:00,12.0,72.3,1.0095,1.3,114.0,False,False
2004-12-27 00:00:00,11.2,79.6,1.0587,2.3,137.0,False,False
2004-12-27 01:00:00,11.5,74.2,1.0063,1.5,114.0,False,False
2004-12-27 02:00:00,11.6,68.9,0.9411,1.1,92.0,False,False
2004-12-27 03:00:00,11.5,67.4,0.9106,0.6,,False,False
2004-12-27 04:00:00,11.7,64.6,0.8888,0.7,55.0,False,False
2004-12-27 05:00:00,11.9,61.1,0.8527,0.4,46.0,False,False
2004-12-27 06:00:00,12.5,57.3,0.8269,0.5,67.0,False,False
2004-12-27 07:00:00,12.3,60.1,0.8562,0.8,95.0,False,False
2004-12-27 08:00:00,11.5,68.7,0.9302,1.9,133.0,False,False
2004-12-27 09:00:00,12.5,63.2,0.9113,2.3,138.0,False,False
2004-12-27 10:00:00,12.9,63.2,0.9335,1.9,127.0,False,False
2004-12-27 11:00:00,13.5,59.9,0.9261,1.6,119.0,False,False
2004-12-27 12:00:00,13.4,61.3,0.9379,1.4,113.0,False,False
2004-12-27 13:00:00,14.4,57.1,0.9309,1.5,109.0,False,False
2004-12-27 14:00:00,15.0,57.2,0.9698,1.4,97.0,False,False
2004-12-27 15:00:00,12.4,72.6,1.0422,2.0,117.0,False,False
2004-12-27 16:00:00,12.8,73.6,1.0851,2.5,132.0,False,False
2004-12-27 17:00:00,13.3,68.2,1.0356,2.2,117.0,False,False
2004-12-27 18:00:00,13.4,66.6,1.0187,2.0,110.0,False,False
2004-12-27 19:00:00,13.3,63.6,0.9661,2.1,119.0,False,False
2004-12-27 20:00:00,12.9,62.4,0.9258,2.1,116.0,False,False
2004-12-27 21:00:00,12.4,64.7,0.9266,2.1,123.0,False,False
2004-12-27 22:00:00,12.1,65.6,0.9222,1.6,117.0,False,False
2004-12-27 23:00:00,11.3,69.8,0.932,1.1,100.0,False,False
2004-12-28 00:00:00,11.0,68.7,0.9001,1.2,101.0,False,False
2004-12-28 01:00:00,11.1,65.3,0.8601,,,False,False
2004-12-28 02:00:00,10.2,66.9,0.8323,,,False,False
2004-12-28 03:00:00,9.5,70.1,0.8343,,,False,False
2004-12-28 04:00:00,9.8,69.4,0.8397,,,False,False
2004-12-28 05:00:00,10.7,62.5,0.802,,,False,False
2004-12-28 06:00:00,10.4,64.8,0.8138,,,False,False
2004-12-28 07:00:00,9.7,73.1,0.8772,,,False,False
2004-12-28 08:00:00,9.3,77.0,0.9018,,,False,False
2004-12-28 09:00:00,9.1,77.1,0.8947,,,False,False
2004-12-28 10:00:00,10.6,67.9,0.8666,,,False,False
2004-12-28 11:00:00,12.7,56.7,0.8304,,,False,False
2004-12-28 12:00:00,13.0,53.9,0.8029,,,False,False
2004-12-28 13:00:00,13.9,49.0,0.7727,,,False,False
2004-12-28 14:00:00,14.4,49.2,0.8027,,,False,False
2004-12-28 15:00:00,14.3,48.6,0.79,,,False,False
2004-12-28 16:00:00,13.6,52.8,0.8177,,,False,False
2004-12-28 17:00:00,13.1,54.3,0.8167,,,False,False
2004-12-28 18:00:00,12.4,59.3,0.853,,,False,False
2004-12-28 19:00:00,12.1,61.5,0.8677,,,False,False
2004-12-28 20:00:00,12.0,60.8,0.852,,,False,False
2004-12-28 21:00:00,11.0,73.8,0.9677,,,False,False
2004-12-28 22:00:00,9.6,82.9,0.99,,,False,False
2004-12-28 23:00:00,8.6,83.5,0.9372,,,False,False
2004-12-29 00:00:00,8.7,83.0,0.9393,,,False,False
2004-12-29 01:00:00,8.8,81.2,0.9214,,,False,False
2004-12-29 02:00:00,8.9,79.0,0.9032,,,False,False
2004-12-29 03:00:00,9.0,76.5,0.8828,,,False,False
2004-12-29 04:00:00,9.0,75.8,0.8721,,,False,False
2004-12-29 05:00:00,9.1,73.9,0.8576,,,False,False
2004-12-29 06:00:00,9.4,70.9,0.8386,,,False,False
2004-12-29 07:00:00,10.1,65.9,0.8148,,,False,False
2004-12-29 08:00:00,10.1,64.6,0.7967,,,False,False
2004-12-29 09:00:00,9.3,64.7,0.7575,,,False,False
2004-12-29 10:00:00,9.9,61.3,0.7499,,,False,False
2004-12-29 11:00:00,10.6,59.9,0.7674,,,False,False
2004-12-29 12:00:00,11.1,55.3,0.7325,,,False,False
2004-12-29 13:00:00,12.0,49.3,0.69,,,False,False
2004-12-29 14:00:00,11.6,46.8,0.6397,,,False,False
2004-12-29 15:00:00,12.0,44.0,0.6169,,,False,False
2004-12-29 16:00:00,11.8,44.3,0.6141,,,False,False
2004-12-29 17:00:00,11.3,45.4,0.6063,,,False,False
2004-12-29 18:00:00,11.3,44.1,0.5909,,,False,False
2004-12-29 19:00:00,11.2,45.1,0.5971,,,False,False
2004-12-29 20:00:00,10.8,47.3,0.6122,,,False,False
2004-12-29 21:00:00,10.7,47.7,0.6127,,,False,False
2004-12-29 22:00:00,10.5,46.9,0.5956,,,False,False
2004-12-29 23:00:00,10.2,45.4,0.5632,,,False,False
2004-12-30 00:00:00,9.7,46.0,0.5546,,,False,False
2004-12-30 01:00:00,9.8,45.2,0.5489,,,False,False
2004-12-30 02:00:00,9.4,45.4,0.5355,,,False,False
2004-12-30 03:00:00,9.3,44.0,0.5153,,,False,False
2004-12-30 04:00:00,8.8,45.2,0.5134,,,False,False
2004-12-30 05:00:00,8.7,45.6,0.5128,,,False,False
2004-12-30 06:00:00,8.5,44.8,0.498,,,False,False
2004-12-30 07:00:00,8.7,43.4,0.4905,,,False,False
2004-12-30 08:00:00,8.5,43.6,0.4865,,,False,False
2004-12-30 09:00:00,8.8,42.0,0.4773,,,False,False
2004-12-30 10:00:00,10.8,35.1,0.4549,,,False,False
2004-12-30 11:00:00,11.7,34.4,0.4712,,,False,False
2004-12-30 12:00:00,12.6,31.7,0.4613,,,False,False
2004-12-30 13:00:00,12.5,30.3,0.4367,,,False,False
2004-12-30 14:00:00,11.4,32.8,0.4424,,,False,False
2004-12-30 15:00:00,12.1,31.1,0.4383,,,False,False
2004-12-30 16:00:00,12.3,29.7,0.4226,,,False,False
2004-12-30 17:00:00,9.8,36.4,0.4414,,,False,False
2004-12-30 18:00:00,9.3,40.8,0.4781,,,False,False
2004-12-30 19:00:00,8.6,45.1,0.5038,,,False,False
2004-12-30 20:00:00,9.3,41.7,0.4884,,,False,False
2004-12-30 21:00:00,8.7,44.3,0.4998,,,False,False
2004-12-30 22:00:00,8.0,47.6,0.5113,,,False,False
2004-12-30 23:00:00,7.7,47.2,0.4975,,,False,False
2004-12-31 00:00:00,7.2,50.2,0.5118,,,False,False
2004-12-31 01:00:00,6.9,50.3,0.5029,,,False,False
2004-12-31 02:00:00,6.7,50.7,0.4998,,,False,False
2004-12-31 03:00:00,7.6,46.4,0.4869,,,False,False
2004-12-31 04:00:00,7.4,45.7,0.4714,,,False,False
2004-12-31 05:00:00,6.9,49.3,0.4913,,,False,False
2004-12-31 06:00:00,7.8,48.1,0.5095,,,False,False
2004-12-31 07:00:00,8.1,47.8,0.5157,,,False,False
2004-12-31 08:00:00,8.5,46.7,0.5191,,,False,False
2004-12-31 09:00:00,8.9,44.1,0.5039,,,False,False
2004-12-31 10:00:00,9.4,42.5,0.5038,,,False,False
2004-12-31 11:00:00,10.8,36.3,0.4712,,,False,False
2004-12-31 12:00:00,11.9,30.6,0.4264,,,False,False
2004-12-31 13:00:00,12.2,29.7,0.4205,,,False,False
2004-12-31 14:00:00,12.0,31.1,0.434,,,False,False
2004-12-31 15:00:00,12.7,28.4,0.416,,,False,False
2004-12-31 16:00:00,13.3,27.5,0.4185,,,False,False
2004-12-31 17:00:00,11.4,30.8,0.4148,,,False,False
2004-12-31 18:00:00,9.8,34.0,0.4112,,,False,False
2004-12-31 19:00:00,9.3,33.6,0.3958,,,False,False
2004-12-31 20:00:00,9.6,32.3,0.3871,,,False,False
2004-12-31 21:00:00,9.1,32.5,0.3766,,,False,False
2004-12-31 22:00:00,9.1,37.2,0.431,,,False,False
2004-12-31 23:00:00,7.8,38.4,0.4085,,,False,False
2005-01-01 00:00:00,8.2,40.1,0.4375,,,False,False
2005-01-01 01:00:00,5.3,50.7,0.4564,1.6,106.0,False,False
2005-01-01 02:00:00,5.9,50.0,0.4689,2.5,129.0,False,False
2005-01-01 03:00:00,4.9,53.9,0.4693,2.7,,False,False
2005-01-01 04:00:00,4.3,55.3,0.465,1.9,126.0,False,False
2005-01-01 05:00:00,4.2,57.1,0.4759,1.4,106.0,False,False
2005-01-01 06:00:00,3.5,58.3,0.4636,1.5,99.0,False,False
2005-01-01 07:00:00,3.0,60.7,0.4667,1.4,97.0,False,False
2005-01-01 08:00:00,2.6,63.2,0.4721,1.1,94.0,False,False
2005-01-01 09:00:00,3.9,59.0,0.4807,1.0,86.0,False,False
2005-01-01 10:00:00,4.7,57.2,0.4932,1.2,97.0,False,False
2005-01-01 11:00:00,6.8,48.6,0.4822,1.7,113.0,False,False
2005-01-01 12:00:00,8.6,43.6,0.4887,2.3,125.0,False,False
2005-01-01 13:00:00,9.5,41.2,0.4908,2.2,147.0,False,False
2005-01-01 14:00:00,10.9,35.9,0.468,2.4,153.0,False,False
2005-01-01 15:00:00,12.5,32.3,0.467,2.2,147.0,False,False
2005-01-01 16:00:00,12.8,32.6,0.4814,2.1,139.0,False,False
2005-01-01 17:00:00,10.9,39.7,0.5166,3.0,165.0,False,False
2005-01-01 18:00:00,9.0,51.8,0.5961,4.7,191.0,False,False
2005-01-01 19:00:00,8.1,54.1,0.5882,3.6,172.0,False,False
2005-01-01 20:00:00,7.8,54.6,0.5786,2.5,151.0,False,False
2005-01-01 21:00:00,6.2,59.6,0.5698,2.3,137.0,False,False
2005-01-01 22:00:00,5.7,59.9,0.5523,2.1,130.0,False,False
2005-01-01 23:00:00,5.6,59.7,0.5463,1.7,115.0,False,False
2005-01-02 00:00:00,4.7,62.9,0.5424,1.8,112.0,False,False
2005-01-02 01:00:00,4.5,63.5,0.5411,1.6,105.0,False,False
2005-01-02 02:00:00,4.5,63.6,0.5414,1.3,96.0,False,False
2005-01-02 03:00:00,3.1,70.0,0.5388,1.3,,False,False
2005-01-02 04:00:00,3.2,68.3,0.531,1.3,87.0,False,False
2005-01-02 05:00:00,3.1,69.2,0.5337,1.1,75.0,False,False
2005-01-02 06:00:00,2.4,71.9,0.5288,1.0,82.0,False,False
2005-01-02 07:00:00,3.1,68.7,0.5317,1.0,83.0,False,False
2005-01-02 08:00:00,2.1,73.1,0.5289,1.2,88.0,False,False
2005-01-02 09:00:00,3.3,68.2,0.5346,1.3,106.0,False,False
2005-01-02 10:00:00,4.1,65.8,0.5451,1.6,112.0,False,False
2005-01-02 11:00:00,6.6,56.6,0.5528,2.2,141.0,False,False
2005-01-02 12:00:00,8.0,51.2,0.5516,2.2,148.0,False,False
2005-01-02 13:00:00,10.3,44.9,0.5612,2.8,171.0,False,False
2005-01-02 14:00:00,12.3,41.7,0.5961,2.1,160.0,False,False
2005-01-02 15:00:00,13.5,41.3,0.6342,1.6,137.0,False,False
2005-01-02 16:00:00,13.4,43.1,0.66,2.8,167.0,False,False
2005-01-02 17:00:00,9.9,53.3,0.6504,2.6,164.0,False,False
2005-01-02 18:00:00,8.9,54.6,0.6226,2.8,166.0,False,False
2005-01-02 19:00:00,8.9,54.8,0.6244,2.9,167.0,False,False
2005-01-02 20:00:00,8.3,58.2,0.6391,3.4,174.0,False,False
2005-01-02 21:00:00,,,,2.9,160.0,False,False
2005-01-02 22:00:00,,,,3.2,169.0,False,False
2005-01-02 23:00:00,,,,3.1,162.0,False,False
2005-01-03 00:00:00,,,,3.0,149.0,False,False
2005-01-03 01:00:00,,,,3.4,158.0,False,False
2005-01-03 02:00:00,,,,3.0,143.0,False,False
2005-01-03 03:00:00,,,,2.7,,False,False
2005-01-03 04:00:00,,,,,121.0,False,False
2005-01-03 05:00:00,,,,1.1,92.0,False,False
2005-01-03 06:00:00,,,,1.4,102.0,False,False
2005-01-03 07:00:00,,,,1.8,121.0,False,False
2005-01-03 08:00:00,,,,3.6,164.0,False,False
2005-01-03 09:00:00,,,,3.1,175.0,False,False
2005-01-03 10:00:00,,,,1.9,130.0,False,False
2005-01-03 11:00:00,,,,1.7,117.0,False,False
2005-01-03 12:00:00,,,,1.7,115.0,False,False
2005-01-03 13:00:00,,,,1.6,106.0,False,False
2005-01-03 14:00:00,,,,1.6,102.0,False,False
2005-01-03 15:00:00,,,,1.7,122.0,False,False
2005-01-03 16:00:00,,,,2.2,138.0,False,False
2005-01-03 17:00:00,,,,3.3,162.0,False,False
2005-01-03 18:00:00,,,,3.9,177.0,False,False
2005-01-03 19:00:00,,,,5.0,190.0,False,False
2005-01-03 20:00:00,,,,4.2,182.0,False,False
2005-01-03 21:00:00,,,,3.2,163.0,False,False
2005-01-03 22:00:00,,,,1.7,135.0,False,False
2005-01-03 23:00:00,,,,1.5,130.0,False,False
2005-01-04 00:00:00,,,,1.3,117.0,False,False
2005-01-04 01:00:00,,,,1.2,104.0,False,False
2005-01-04 02:00:00,,,,1.3,97.0,False,False
2005-01-04 03:00:00,,,,0.8,,False,False
2005-01-04 04:00:00,,,,0.6,72.0,False,False
2005-01-04 05:00:00,,,,0.8,71.0,False,False
2005-01-04 06:00:00,,,,0.9,94.0,False,False
2005-01-04 07:00:00,,,,1.1,118.0,False,False
2005-01-04 08:00:00,,,,3.4,174.0,False,False
2005-01-04 09:00:00,,,,3.6,170.0,False,False
2005-01-04 10:00:00,,,,3.1,171.0,False,False
2005-01-04 11:00:00,,,,3.3,196.0,False,False
2005-01-04 12:00:00,,,,3.4,191.0,False,False
2005-01-04 13:00:00,,,,2.8,165.0,False,False
2005-01-04 14:00:00,,,,2.6,148.0,False,False
2005-01-04 15:00:00,,,,3.0,172.0,False,False
2005-01-04 16:00:00,,,,2.9,165.0,False,False
2005-01-04 17:00:00,,,,3.8,184.0,False,False
2005-01-04 18:00:00,,,,3.8,173.0,False,False
2005-01-04 19:00:00,,,,3.6,174.0,False,False
2005-01-04 20:00:00,,,,4.5,181.0,False,False
2005-01-04 21:00:00,,,,3.7,166.0,False,False
2005-01-04 22:00:00,,,,2.4,150.0,False,False
2005-01-04 23:00:00,,,,1.7,131.0,False,False
2005-01-05 00:00:00,,,,1.7,129.0,False,False
2005-01-05 01:00:00,9.5,69.5,0.8261,1.7,120.0,False,False
2005-01-05 02:00:00,9.1,70.9,0.8176,1.9,119.0,False,False
2005-01-05 03:00:00,8.1,72.1,0.7798,2.0,,False,False
2005-01-05 04:00:00,7.9,72.1,0.7679,2.0,111.0,False,False
2005-01-05 05:00:00,7.6,72.7,0.7598,1.7,109.0,False,False
2005-01-05 06:00:00,7.5,71.7,0.7439,1.8,110.0,False,False
2005-01-05 07:00:00,7.9,70.6,0.7562,2.2,126.0,False,False
2005-01-05 08:00:00,8.6,69.0,0.7732,3.7,148.0,False,False
2005-01-05 09:00:00,9.1,67.5,0.7831,4.8,162.0,False,False
2005-01-05 10:00:00,9.8,65.8,0.7967,4.8,173.0,False,False
2005-01-05 11:00:00,11.2,61.9,0.8226,5.2,198.0,False,False
2005-01-05 12:00:00,12.8,60.1,0.882,5.9,219.0,False,False
2005-01-05 13:00:00,13.4,62.4,0.9513,5.9,206.0,False,False
2005-01-05 14:00:00,14.3,61.2,0.9941,3.1,155.0,False,False
2005-01-05 15:00:00,14.6,59.6,0.9824,2.6,150.0,False,False
2005-01-05 16:00:00,14.2,60.0,0.9684,2.8,148.0,False,False
2005-01-05 17:00:00,13.8,62.6,0.9862,2.8,158.0,False,False
2005-01-05 18:00:00,13.6,64.0,0.9891,2.8,152.0,False,False
2005-01-05 19:00:00,13.4,64.5,0.9865,3.1,148.0,False,False
2005-01-05 20:00:00,13.5,64.7,0.9971,3.3,147.0,False,False
2005-01-05 21:00:00,13.4,65.3,0.9967,2.7,144.0,False,False
2005-01-05 22:00:00,13.2,64.5,0.9732,2.3,144.0,False,False
2005-01-05 23:00:00,13.2,62.3,0.9392,1.6,126.0,False,False
2005-01-06 00:00:00,12.5,63.7,0.9196,1.6,115.0,False,False
2005-01-06 01:00:00,12.3,64.6,0.9229,1.7,116.0,False,False
2005-01-06 02:00:00,12.5,63.8,0.9244,1.6,112.0,False,False
2005-01-06 03:00:00,12.6,62.7,0.9121,1.4,,False,False
2005-01-06 04:00:00,12.0,64.6,0.906,,67.0,False,False
2005-01-06 05:00:00,10.7,69.5,0.8919,0.9,67.0,False,False
2005-01-06 06:00:00,12.4,62.6,0.8994,0.8,72.0,False,False
2005-01-06 07:00:00,12.3,62.7,0.8947,0.7,69.0,False,False
2005-01-06 08:00:00,11.4,66.6,0.8948,1.1,107.0,False,False
2005-01-06 09:00:00,11.1,70.2,0.9276,1.5,117.0,False,False
2005-01-06 10:00:00,13.4,61.0,0.9348,1.5,115.0,False,False
2005-01-06 11:00:00,15.9,52.2,0.9377,1.6,120.0,False,False
2005-01-06 12:00:00,15.6,54.0,0.9515,1.6,128.0,False,False
2005-01-06 13:00:00,16.3,51.5,0.9462,2.0,138.0,False,False
2005-01-06 14:00:00,16.5,50.8,0.9442,1.7,127.0,False,False
2005-01-06 15:00:00,16.3,51.9,0.9535,1.5,111.0,False,False
2005-01-06 16:00:00,16.2,53.0,0.9687,2.0,122.0,False,False
2005-01-06 17:00:00,15.6,54.8,0.966,1.9,134.0,False,False
2005-01-06 18:00:00,14.5,57.5,0.944,2.1,153.0,False,False
2005-01-06 19:00:00,14.0,60.1,0.9566,2.8,169.0,False,False
2005-01-06 20:00:00,13.5,63.0,0.9686,2.7,162.0,False,False
2005-01-06 21:00:00,12.6,65.4,0.9529,2.4,152.0,False,False
2005-01-06 22:00:00,12.0,67.5,0.9413,1.6,127.0,False,False
2005-01-06 23:00:00,10.5,72.0,0.912,1.7,112.0,False,False
2005-01-07 00:00:00,10.0,70.9,0.8706,1.3,98.0,False,False
2005-01-07 01:00:00,9.8,70.7,0.8571,1.4,89.0,False,False
2005-01-07 02:00:00,8.0,75.0,0.8098,1.2,82.0,False,False
2005-01-07 03:00:00,7.9,75.1,0.805,1.0,,False,False
2005-01-07 04:00:00,7.0,77.3,0.7782,1.0,77.0,False,False
2005-01-07 05:00:00,7.2,74.4,0.7581,0.6,55.0,False,False
2005-01-07 06:00:00,6.7,75.0,0.7418,0.7,63.0,False,False
2005-01-07 07:00:00,6.4,76.3,0.7389,1.0,69.0,False,False
2005-01-07 08:00:00,6.0,78.5,0.7377,1.7,99.0,False,False
2005-01-07 09:00:00,6.3,77.4,0.7452,3.0,125.0,False,False
2005-01-07 10:00:00,7.7,73.8,0.7769,2.4,123.0,False,False
2005-01-07 11:00:00,10.2,61.5,0.7638,2.2,128.0,False,False
2005-01-07 12:00:00,11.3,58.1,0.7743,2.6,149.0,False,False
2005-01-07 13:00:00,10.6,62.3,0.7981,2.5,137.0,False,False
2005-01-07 14:00:00,11.1,62.0,0.8199,3.0,147.0,False,False
2005-01-07 15:00:00,12.6,57.7,0.8387,3.3,168.0,False,False
2005-01-07 16:00:00,13.3,56.2,0.8548,3.8,180.0,False,False
2005-01-07 17:00:00,11.2,65.3,0.8639,3.6,170.0,False,False
2005-01-07 18:00:00,8.8,74.6,0.8434,5.0,180.0,False,False
2005-01-07 19:00:00,7.2,78.5,0.803,5.7,178.0,False,False
2005-01-07 20:00:00,6.5,80.0,0.7789,5.0,159.0,False,False
2005-01-07 21:00:00,5.8,83.8,0.7768,4.8,156.0,False,False
2005-01-07 22:00:00,5.5,83.5,0.7619,3.9,146.0,False,False
2005-01-07 23:00:00,5.8,81.3,0.7568,3.3,132.0,False,False
2005-01-08 00:00:00,5.4,82.6,0.7495,3.4,137.0,False,False
2005-01-08 01:00:00,6.4,76.3,0.7369,2.4,114.0,False,False
2005-01-08 02:00:00,7.0,73.6,0.7417,1.4,95.0,False,False
2005-01-08 03:00:00,7.2,72.3,0.7392,1.4,,False,False
2005-01-08 04:00:00,7.9,69.3,0.7413,1.2,88.0,False,False
2005-01-08 05:00:00,7.4,71.7,0.7434,1.2,94.0,False,False
2005-01-08 06:00:00,7.7,71.9,0.7575,1.2,97.0,False,False
2005-01-08 07:00:00,8.1,68.0,0.7396,1.3,93.0,False,False
2005-01-08 08:00:00,6.7,77.1,0.7597,2.3,113.0,False,False
2005-01-08 09:00:00,6.8,77.9,0.7756,3.4,126.0,False,False
2005-01-08 10:00:00,8.9,66.7,0.7634,3.0,133.0,False,False
2005-01-08 11:00:00,11.6,54.1,0.7387,2.5,141.0,False,False
2005-01-08 12:00:00,13.5,49.4,0.7598,2.7,139.0,False,False
2005-01-08 13:00:00,13.8,50.9,0.796,2.8,147.0,False,False
2005-01-08 14:00:00,13.4,55.9,0.8588,3.6,175.0,False,False
2005-01-08 15:00:00,12.9,59.0,0.8736,3.1,180.0,False,False
2005-01-08 16:00:00,13.3,59.0,0.8945,4.3,194.0,False,False
2005-01-08 17:00:00,13.0,61.9,0.9224,4.6,192.0,False,False
2005-01-08 18:00:00,12.5,63.6,0.9193,4.3,188.0,False,False
2005-01-08 19:00:00,12.2,65.8,0.931,4.3,179.0,False,False
2005-01-08 20:00:00,12.6,65.2,0.9474,5.5,196.0,False,False
2005-01-08 21:00:00,13.3,63.6,0.9681,3.4,169.0,False,False
2005-01-08 22:00:00,13.5,62.6,0.9644,2.4,151.0,False,False
2005-01-08 23:00:00,14.1,59.6,0.9563,1.6,123.0,False,False
2005-01-09 00:00:00,14.0,61.4,0.9773,1.7,127.0,False,False
2005-01-09 01:00:00,13.5,63.4,0.9755,1.6,127.0,False,False
2005-01-09 02:00:00,13.2,64.2,0.9706,1.3,118.0,False,False
2005-01-09 03:00:00,13.6,62.2,0.9643,0.8,,False,False
2005-01-09 04:00:00,13.7,61.1,0.9537,,55.0,False,False
2005-01-09 05:00:00,13.5,63.8,0.9801,0.6,44.0,False,False
2005-01-09 06:00:00,12.5,67.3,0.9743,0.6,46.0,False,False
2005-01-09 07:00:00,13.2,64.2,0.9664,0.5,46.0,False,False
2005-01-09 08:00:00,13.1,63.4,0.9535,0.6,61.0,False,False
2005-01-09 09:00:00,13.8,60.5,0.9526,0.7,60.0,False,False
2005-01-09 10:00:00,13.7,60.4,0.939,0.9,71.0,False,False
2005-01-09 11:00:00,14.0,59.7,0.9495,1.5,111.0,False,False
2005-01-09 12:00:00,15.0,56.2,0.9539,1.9,127.0,False,False
2005-01-09 13:00:00,16.9,50.9,0.9714,1.9,128.0,False,False
2005-01-09 14:00:00,16.6,52.4,0.981,2.2,142.0,False,False
2005-01-09 15:00:00,16.4,53.2,0.9826,3.8,145.0,False,False
2005-01-09 16:00:00,16.1,52.8,0.9579,2.0,145.0,False,False
2005-01-09 17:00:00,15.7,54.4,0.9616,2.2,156.0,False,False
2005-01-09 18:00:00,15.4,55.3,0.9616,3.3,154.0,False,False
2005-01-09 19:00:00,15.2,54.7,0.9362,2.7,165.0,False,False
2005-01-09 20:00:00,14.7,56.6,0.9392,2.6,153.0,False,False
2005-01-09 21:00:00,14.4,58.2,0.9495,2.5,151.0,False,False
2005-01-09 22:00:00,14.3,59.2,0.9608,1.5,131.0,False,False
2005-01-09 23:00:00,14.0,60.4,0.9622,1.9,128.0,False,False
2005-01-10 00:00:00,13.7,63.6,0.9912,2.0,137.0,False,False
2005-01-10 01:00:00,13.1,68.7,1.0329,1.7,119.0,False,False
2005-01-10 02:00:00,13.2,69.9,1.0526,1.2,96.0,False,False
2005-01-10 03:00:00,12.8,71.2,1.0454,0.9,,False,False
2005-01-10 04:00:00,12.9,70.4,1.0444,0.6,60.0,False,False
2005-01-10 05:00:00,12.4,72.5,1.0411,,54.0,False,False
2005-01-10 06:00:00,13.0,70.3,1.0502,,66.0,False,False
2005-01-10 07:00:00,12.3,73.3,1.0448,0.4,104.0,False,False
2005-01-10 08:00:00,12.8,71.8,1.0551,2.6,137.0,False,False
2005-01-10 09:00:00,13.1,70.2,1.0567,3.5,146.0,False,False
2005-01-10 10:00:00,12.8,71.8,1.0551,2.1,136.0,False,False
2005-01-10 11:00:00,13.1,70.3,1.0566,2.1,144.0,False,False
2005-01-10 12:00:00,13.7,67.0,1.0446,1.7,133.0,False,False
2005-01-10 13:00:00,14.0,65.4,1.0427,2.6,148.0,False,False
2005-01-10 14:00:00,14.4,63.8,1.0421,2.6,155.0,False,False
2005-01-10 15:00:00,14.1,65.9,1.0531,2.4,152.0,False,False
2005-01-10 16:00:00,14.1,65.9,1.0552,2.4,145.0,False,False
2005-01-10 17:00:00,14.1,66.0,1.0539,2.0,139.0,False,False
2005-01-10 18:00:00,14.0,66.4,1.0536,2.0,134.0,False,False
2005-01-10 19:00:00,13.8,66.4,1.0451,3.1,128.0,False,False
2005-01-10 20:00:00,13.4,68.1,1.0441,3.3,135.0,False,False
2005-01-10 21:00:00,13.2,69.1,1.0452,3.3,136.0,False,False
2005-01-10 22:00:00,13.0,70.0,1.042,2.6,126.0,False,False
2005-01-10 23:00:00,12.7,69.9,1.0223,1.7,116.0,False,False
2005-01-11 00:00:00,12.0,71.9,1.0071,1.8,116.0,False,False
2005-01-11 01:00:00,13.2,66.8,1.0087,1.5,107.0,False,False
2005-01-11 02:00:00,12.4,69.5,0.9986,1.1,91.0,False,False
2005-01-11 03:00:00,13.1,65.7,0.9858,0.9,,False,False
2005-01-11 04:00:00,11.8,70.6,0.9731,0.7,70.0,False,False
2005-01-11 05:00:00,12.3,68.0,0.9734,0.7,78.0,False,False
2005-01-11 06:00:00,12.0,69.2,0.9697,0.9,75.0,False,False
2005-01-11 07:00:00,11.7,69.8,0.9612,1.3,101.0,False,False
2005-01-11 08:00:00,12.1,67.6,0.95,3.2,136.0,False,False
2005-01-11 09:00:00,12.5,65.1,0.9399,5.1,147.0,False,False
2005-01-11 10:00:00,12.8,62.5,0.9213,3.7,143.0,False,False
2005-01-11 11:00:00,13.4,59.9,0.9143,3.2,153.0,False,False
2005-01-11 12:00:00,13.4,57.9,0.8895,3.1,148.0,False,False
2005-01-11 13:00:00,13.6,56.4,0.8754,3.0,149.0,False,False
2005-01-11 14:00:00,13.8,56.3,0.8841,3.6,141.0,False,False
2005-01-11 15:00:00,13.7,57.9,0.9063,3.2,147.0,False,False
2005-01-11 16:00:00,13.6,58.9,0.9139,3.9,159.0,False,False
2005-01-11 17:00:00,13.4,59.7,0.9142,3.4,152.0,False,False
2005-01-11 18:00:00,13.3,61.2,0.933,3.9,144.0,False,False
2005-01-11 19:00:00,13.2,61.8,0.9313,3.6,146.0,False,False
2005-01-11 20:00:00,12.9,61.5,0.9139,4.7,162.0,False,False
2005-01-11 21:00:00,12.6,63.9,0.9307,4.1,156.0,False,False
2005-01-11 22:00:00,12.0,67.4,0.9417,3.4,146.0,False,False
2005-01-11 23:00:00,11.9,69.0,0.9568,3.5,151.0,False,False
2005-01-12 00:00:00,12.0,66.6,0.9293,1.2,127.0,False,False
2005-01-12 01:00:00,11.4,69.6,0.9373,2.4,123.0,False,False
2005-01-12 02:00:00,11.2,70.3,0.9323,2.1,122.0,False,False
2005-01-12 03:00:00,11.5,68.2,0.9271,1.1,,False,False
2005-01-12 04:00:00,10.7,71.3,0.9161,,85.0,False,False
2005-01-12 05:00:00,10.0,74.8,0.9161,1.0,83.0,False,False
2005-01-12 06:00:00,9.2,78.5,0.9143,1.4,98.0,False,False
2005-01-12 07:00:00,8.8,79.4,0.9033,1.8,109.0,False,False
2005-01-12 08:00:00,8.7,79.4,0.8944,3.8,138.0,False,False
2005-01-12 09:00:00,8.9,76.5,0.8767,4.1,138.0,False,False
2005-01-12 10:00:00,9.9,73.3,0.8936,4.4,170.0,False,False
2005-01-12 11:00:00,11.8,65.5,0.901,3.5,191.0,False,False
2005-01-12 12:00:00,13.0,60.9,0.9061,3.5,196.0,False,False
2005-01-12 13:00:00,14.7,52.3,0.8687,3.8,185.0,False,False
2005-01-12 14:00:00,15.1,49.6,0.8428,3.1,156.0,False,False
2005-01-12 15:00:00,15.7,48.8,0.8657,3.4,173.0,False,False
2005-01-12 16:00:00,15.8,48.9,0.8707,3.3,166.0,False,False
2005-01-12 17:00:00,14.6,54.0,0.8946,3.4,173.0,False,False
2005-01-12 18:00:00,14.3,56.3,0.9119,4.7,177.0,False,False
2005-01-12 19:00:00,14.1,57.8,0.9262,5.7,182.0,False,False
2005-01-12 20:00:00,13.1,62.9,0.943,5.6,166.0,False,False
2005-01-12 21:00:00,12.0,67.5,0.9467,5.9,177.0,False,False
2005-01-12 22:00:00,10.7,70.9,0.9113,3.6,158.0,False,False
2005-01-12 23:00:00,10.0,73.2,0.8988,2.5,133.0,False,False
2005-01-13 00:00:00,9.4,75.0,0.8874,2.9,123.0,False,False
2005-01-13 01:00:00,8.5,76.9,0.8557,2.5,120.0,False,False
2005-01-13 02:00:00,8.4,75.9,0.8407,1.7,105.0,False,False
2005-01-13 03:00:00,6.9,80.7,0.8054,1.6,,False,False
2005-01-13 04:00:00,6.2,82.1,0.7825,1.1,86.0,False,False
2005-01-13 05:00:00,7.0,77.3,0.7759,0.9,77.0,False,False
2005-01-13 06:00:00,6.5,79.7,0.7751,1.0,81.0,False,False
2005-01-13 07:00:00,7.7,76.8,0.8112,1.6,103.0,False,False
2005-01-13 08:00:00,8.2,74.9,0.8184,3.1,127.0,False,False
2005-01-13 09:00:00,8.8,73.2,0.8298,4.1,134.0,False,False
2005-01-13 10:00:00,9.7,70.1,0.8432,3.9,158.0,False,False
2005-01-13 11:00:00,11.7,62.7,0.8586,3.6,175.0,False,False
2005-01-13 12:00:00,13.1,58.5,0.877,3.2,178.0,False,False
2005-01-13 13:00:00,14.2,54.1,0.8707,2.2,135.0,False,False
2005-01-13 14:00:00,14.2,54.3,0.8757,2.4,133.0,False,False
2005-01-13 15:00:00,14.0,56.3,0.894,2.7,134.0,False,False
2005-01-13 16:00:00,13.5,57.8,0.8933,2.7,137.0,False,False
2005-01-13 17:00:00,12.3,63.0,0.9015,3.9,160.0,False,False
2005-01-13 18:00:00,11.4,68.0,0.9166,5.2,166.0,False,False
2005-01-13 19:00:00,10.8,69.5,0.8995,4.0,144.0,False,False
2005-01-13 20:00:00,11.0,67.1,0.8766,2.9,129.0,False,False
2005-01-13 21:00:00,9.5,71.3,0.8458,3.3,129.0,False,False
2005-01-13 22:00:00,8.8,71.0,0.8089,2.0,107.0,False,False
2005-01-13 23:00:00,8.0,73.4,0.7899,1.8,101.0,False,False
2005-01-14 00:00:00,7.6,73.0,0.7629,2.7,112.0,False,False
2005-01-14 01:00:00,7.1,73.9,0.7515,1.8,98.0,False,False
2005-01-14 02:00:00,7.1,73.5,0.7439,1.3,90.0,False,False
2005-01-14 03:00:00,6.7,75.0,0.739,1.0,,False,False
2005-01-14 04:00:00,5.1,81.3,0.7204,1.1,59.0,False,False
2005-01-14 05:00:00,4.3,82.9,0.6968,1.6,98.0,False,False
2005-01-14 06:00:00,5.3,80.4,0.7234,1.3,109.0,False,False
2005-01-14 07:00:00,5.7,79.3,0.7326,1.4,110.0,False,False
2005-01-14 08:00:00,6.8,74.8,0.7423,5.0,159.0,False,False
2005-01-14 09:00:00,6.9,75.2,0.7505,4.3,144.0,False,False
2005-01-14 10:00:00,8.0,71.9,0.7712,4.1,147.0,False,False
2005-01-14 11:00:00,9.3,67.1,0.7849,3.8,179.0,False,False
2005-01-14 12:00:00,10.2,63.6,0.7928,3.1,164.0,False,False
2005-01-14 13:00:00,11.0,60.9,0.7966,3.3,160.0,False,False
2005-01-14 14:00:00,11.3,60.1,0.8022,3.1,143.0,False,False
2005-01-14 15:00:00,12.2,56.9,0.8068,2.7,138.0,False,False
2005-01-14 16:00:00,11.9,59.1,0.8211,3.4,143.0,False,False
2005-01-14 17:00:00,10.3,66.3,0.8286,5.0,196.0,False,False
2005-01-14 18:00:00,8.2,74.9,0.8187,5.7,197.0,False,False
2005-01-14 19:00:00,7.9,77.1,0.8223,5.8,189.0,False,False
2005-01-14 20:00:00,8.3,75.0,0.8253,5.8,188.0,False,False
2005-01-14 21:00:00,8.2,75.2,0.8185,5.0,190.0,False,False
2005-01-14 22:00:00,8.3,69.7,0.7632,1.7,126.0,False,False
2005-01-14 23:00:00,6.7,74.4,0.7344,1.6,113.0,False,False
2005-01-15 00:00:00,6.4,74.9,0.7238,2.3,129.0,False,False
2005-01-15 01:00:00,4.9,80.1,0.7011,2.4,128.0,False,False
2005-01-15 02:00:00,4.8,79.4,0.6872,2.0,122.0,False,False
2005-01-15 03:00:00,3.3,82.6,0.645,1.6,,False,False
2005-01-15 04:00:00,2.4,86.6,0.6369,,115.0,False,False
2005-01-15 05:00:00,3.4,81.4,0.6425,1.1,92.0,False,False
2005-01-15 06:00:00,4.2,77.0,0.6439,1.0,70.0,False,False
2005-01-15 07:00:00,3.5,80.8,0.6406,1.3,83.0,False,False
2005-01-15 08:00:00,3.5,80.3,0.6366,1.9,127.0,False,False
2005-01-15 09:00:00,4.0,78.5,0.645,2.6,142.0,False,False
2005-01-15 10:00:00,4.5,76.6,0.6534,2.7,155.0,False,False
2005-01-15 11:00:00,5.6,72.3,0.6627,2.4,153.0,False,False
2005-01-15 12:00:00,7.5,64.4,0.672,2.7,177.0,False,False
2005-01-15 13:00:00,8.9,60.8,0.6921,3.1,179.0,False,False
2005-01-15 14:00:00,10.6,55.3,0.7058,4.4,212.0,False,False
2005-01-15 15:00:00,12.3,46.3,0.6597,3.2,182.0,False,False
2005-01-15 16:00:00,12.2,47.0,0.6686,2.9,168.0,False,False
2005-01-15 17:00:00,10.5,55.1,0.6993,3.0,179.0,False,False
2005-01-15 18:00:00,8.7,66.3,0.7491,3.7,182.0,False,False
2005-01-15 19:00:00,7.9,69.9,0.7487,5.2,194.0,False,False
2005-01-15 20:00:00,7.6,65.3,0.6842,3.3,166.0,False,False
2005-01-15 21:00:00,6.5,67.6,0.6608,3.6,168.0,False,False
2005-01-15 22:00:00,5.9,66.4,0.6226,2.3,148.0,False,False
2005-01-15 23:00:00,5.2,70.0,0.6232,3.0,151.0,False,False
2005-01-16 00:00:00,5.2,67.8,0.6028,3.8,165.0,False,False
2005-01-16 01:00:00,4.9,67.1,0.5863,3.2,165.0,False,False
2005-01-16 02:00:00,5.1,65.5,0.5811,2.1,128.0,False,False
2005-01-16 03:00:00,4.0,69.5,0.5706,1.7,,False,False
2005-01-16 04:00:00,3.7,68.9,0.5549,1.7,115.0,False,False
2005-01-16 05:00:00,4.5,62.7,0.5343,1.4,120.0,False,False
2005-01-16 06:00:00,4.7,62.3,0.5368,1.2,106.0,False,False
2005-01-16 07:00:00,3.9,67.1,0.5483,1.4,118.0,False,False
2005-01-16 08:00:00,5.7,54.5,0.5034,1.4,156.0,False,False
2005-01-16 09:00:00,6.1,50.3,0.4769,1.7,130.0,False,False
2005-01-16 10:00:00,9.0,39.5,0.4554,1.0,112.0,False,False
2005-01-16 11:00:00,10.7,34.4,0.4406,1.0,96.0,False,False
2005-01-16 12:00:00,11.1,33.4,0.4401,0.8,89.0,False,False
2005-01-16 13:00:00,11.9,30.8,0.4285,1.0,98.0,False,False
2005-01-16 14:00:00,11.4,32.0,0.431,0.8,85.0,False,False
2005-01-16 15:00:00,11.3,32.5,0.4334,0.7,80.0,False,False
2005-01-16 16:00:00,11.0,33.0,0.4331,1.1,112.0,False,False
2005-01-16 17:00:00,10.3,35.0,0.4377,1.1,121.0,False,False
2005-01-16 18:00:00,8.4,40.9,0.4542,1.2,132.0,False,False
2005-01-16 19:00:00,8.3,38.5,0.4228,2.0,160.0,False,False
2005-01-16 20:00:00,8.1,37.9,0.41,2.2,167.0,False,False
2005-01-16 21:00:00,7.7,39.0,0.4106,1.5,157.0,False,False
2005-01-16 22:00:00,7.0,41.5,0.4193,1.2,130.0,False,False
2005-01-16 23:00:00,6.6,42.6,0.4179,1.5,145.0,False,False
2005-01-17 00:00:00,6.4,44.2,0.428,1.4,133.0,False,False
2005-01-17 01:00:00,6.0,46.0,0.4349,1.2,110.0,False,False
2005-01-17 02:00:00,4.4,53.1,0.4484,1.0,100.0,False,False
2005-01-17 03:00:00,4.0,54.3,0.4454,0.6,,False,False
2005-01-17 04:00:00,3.7,55.8,0.4489,0.7,79.0,False,False
2005-01-17 05:00:00,2.6,58.6,0.4385,0.5,79.0,False,False
2005-01-17 06:00:00,3.2,56.0,0.4364,0.7,90.0,False,False
2005-01-17 07:00:00,3.6,55.4,0.4419,1.0,95.0,False,False
2005-01-17 08:00:00,1.8,63.3,0.4464,3.0,169.0,False,False
2005-01-17 09:00:00,2.4,60.2,0.4426,4.1,199.0,False,False
2005-01-17 10:00:00,4.6,52.1,0.4472,3.1,186.0,False,False
2005-01-17 11:00:00,8.2,40.5,0.4414,3.8,208.0,False,False
2005-01-17 12:00:00,10.5,34.7,0.4393,2.7,178.0,False,False
2005-01-17 13:00:00,11.1,33.3,0.4384,3.1,176.0,False,False
2005-01-17 14:00:00,11.1,32.6,0.4292,3.1,177.0,False,False
2005-01-17 15:00:00,12.4,28.3,0.4076,3.2,182.0,False,False
2005-01-17 16:00:00,12.9,24.5,0.363,3.3,182.0,False,False
2005-01-17 17:00:00,11.4,28.7,0.3865,4.0,193.0,False,False
2005-01-17 18:00:00,9.2,39.3,0.4573,8.6,272.0,False,True
2005-01-17 19:00:00,7.8,48.1,0.5115,8.7,225.0,False,False
2005-01-17 20:00:00,7.2,50.6,0.517,3.6,181.0,False,False
2005-01-17 21:00:00,6.0,53.3,0.5008,3.0,172.0,False,False
2005-01-17 22:00:00,5.3,55.0,0.4921,1.9,153.0,False,False
2005-01-17 23:00:00,4.2,58.1,0.4832,1.9,143.0,False,False
2005-01-18 00:00:00,3.4,60.9,0.4809,1.6,142.0,False,False
2005-01-18 01:00:00,3.0,60.2,0.4639,1.4,131.0,False,False
2005-01-18 02:00:00,3.2,58.8,0.4578,1.0,105.0,False,False
2005-01-18 03:00:00,3.3,57.7,0.4516,0.7,,False,False
2005-01-18 04:00:00,4.5,53.8,0.4572,,83.0,False,False
2005-01-18 05:00:00,3.1,59.7,0.4604,0.8,87.0,False,False
2005-01-18 06:00:00,4.2,57.1,0.4743,0.9,106.0,False,False
2005-01-18 07:00:00,3.4,58.5,0.4608,1.5,140.0,False,False
2005-01-18 08:00:00,3.9,57.3,0.4661,3.1,167.0,False,False
2005-01-18 09:00:00,4.3,56.8,0.4768,5.1,175.0,False,False
2005-01-18 10:00:00,5.6,52.9,0.4841,5.8,235.0,False,False
2005-01-18 11:00:00,5.5,54.9,0.4985,3.8,196.0,False,False
2005-01-18 12:00:00,5.1,64.3,0.5697,4.4,211.0,False,False
2005-01-18 13:00:00,5.5,66.1,0.601,4.9,234.0,False,False
2005-01-18 14:00:00,5.5,69.3,0.6331,5.2,240.0,False,False
2005-01-18 15:00:00,5.0,75.5,0.6667,4.6,243.0,False,False
2005-01-18 16:00:00,5.2,76.2,0.6796,4.8,224.0,False,False
2005-01-18 17:00:00,5.3,77.4,0.6954,4.9,240.0,False,False
2005-01-18 18:00:00,5.0,79.6,0.7022,4.9,215.0,False,False
2005-01-18 19:00:00,5.1,83.0,0.7352,5.5,216.0,False,False
2005-01-18 20:00:00,6.4,82.9,0.8022,4.2,184.0,False,False
2005-01-18 21:00:00,10.3,74.0,0.9237,1.5,152.0,False,False
2005-01-18 22:00:00,11.3,71.8,0.9577,0.1,104.0,False,False
2005-01-18 23:00:00,9.8,81.9,0.9923,0.2,104.0,False,False
2005-01-19 00:00:00,9.5,83.8,0.9972,0.9,124.0,False,False
2005-01-19 01:00:00,9.9,81.0,0.9885,1.0,127.0,False,False
2005-01-19 02:00:00,9.9,79.8,0.9725,0.4,109.0,False,False
2005-01-19 03:00:00,6.9,76.4,0.7661,,,False,False
2005-01-19 04:00:00,4.8,75.7,0.659,,73.0,False,False
2005-01-19 05:00:00,4.7,78.9,0.682,,52.0,False,False
2005-01-19 06:00:00,5.0,75.0,0.6627,,57.0,False,False
2005-01-19 07:00:00,5.6,69.5,0.6362,0.1,89.0,False,False
2005-01-19 08:00:00,7.0,64.9,0.6512,0.7,128.0,False,False
2005-01-19 09:00:00,7.1,65.4,0.6644,1.2,152.0,False,False
2005-01-19 10:00:00,6.4,67.4,0.6537,0.2,128.0,False,False
2005-01-19 11:00:00,5.3,75.9,0.6824,,124.0,False,False
2005-01-19 12:00:00,6.3,73.0,0.7024,,117.0,False,False
2005-01-19 13:00:00,8.6,63.3,0.7073,0.3,110.0,False,False
2005-01-19 14:00:00,10.0,55.0,0.6753,0.6,128.0,False,False
2005-01-19 15:00:00,9.4,53.6,0.6333,0.2,114.0,False,False
2005-01-19 16:00:00,9.2,55.0,0.6402,0.2,110.0,False,False
2005-01-19 17:00:00,8.7,55.1,0.6228,0.7,112.0,False,False
2005-01-19 18:00:00,8.9,54.4,0.62,1.8,130.0,False,False
2005-01-19 19:00:00,8.6,53.6,0.5992,2.2,135.0,False,False
2005-01-19 20:00:00,9.0,50.4,0.5809,2.3,141.0,False,False
2005-01-19 21:00:00,9.2,49.8,0.5808,2.6,141.0,False,False
2005-01-19 22:00:00,8.8,52.1,0.5918,1.1,95.0,False,False
2005-01-19 23:00:00,8.8,50.9,0.5781,1.2,97.0,False,False
2005-01-20 00:00:00,8.7,51.1,0.5755,1.8,112.0,False,False
2005-01-20 01:00:00,8.6,51.5,0.5772,1.1,74.0,False,False
2005-01-20 02:00:00,8.5,51.9,0.5766,0.9,62.0,False,False
2005-01-20 03:00:00,8.1,53.1,0.5742,0.7,,False,False
2005-01-20 04:00:00,7.8,54.2,0.5755,0.6,40.0,False,False
2005-01-20 05:00:00,7.1,56.0,0.569,0.6,45.0,False,False
2005-01-20 06:00:00,7.0,57.6,0.5784,0.9,93.0,False,False
2005-01-20 07:00:00,7.5,55.3,0.5734,1.0,104.0,False,False
2005-01-20 08:00:00,7.0,56.3,0.566,3.4,162.0,False,False
2005-01-20 09:00:00,7.6,53.5,0.5605,4.2,169.0,False,False
2005-01-20 10:00:00,8.3,50.5,0.5558,4.4,190.0,False,False
2005-01-20 11:00:00,12.4,37.1,0.5329,2.9,170.0,False,False
2005-01-20 12:00:00,13.9,32.3,0.5117,2.6,151.0,False,False
2005-01-20 13:00:00,14.4,28.9,0.4723,2.6,150.0,False,False
2005-01-20 14:00:00,14.8,25.4,0.4259,3.0,154.0,False,False
2005-01-20 15:00:00,15.1,20.8,0.3536,2.3,140.0,False,False
2005-01-20 16:00:00,15.4,23.5,0.4076,3.0,167.0,False,False
2005-01-20 17:00:00,13.7,28.1,0.4381,4.5,204.0,False,False
2005-01-20 18:00:00,11.5,37.5,0.5068,6.0,210.0,False,False
2005-01-20 19:00:00,10.4,42.3,0.5337,4.3,182.0,False,False
2005-01-20 20:00:00,9.9,44.0,0.5381,3.4,165.0,False,False
2005-01-20 21:00:00,8.7,48.3,0.5458,2.8,150.0,False,False
2005-01-20 22:00:00,8.1,49.9,0.5417,2.1,132.0,False,False
2005-01-20 23:00:00,7.3,52.8,0.5419,1.7,120.0,False,False
2005-01-21 00:00:00,8.0,52.2,0.5623,1.8,119.0,False,False
2005-01-21 01:00:00,6.8,56.4,0.5609,1.6,110.0,False,False
2005-01-21 02:00:00,6.7,57.4,0.5654,1.4,94.0,False,False
2005-01-21 03:00:00,5.9,62.1,0.5806,1.3,,False,False
2005-01-21 04:00:00,5.4,65.9,0.5947,,101.0,False,False
2005-01-21 05:00:00,5.5,66.5,0.6054,1.3,117.0,False,False
2005-01-21 06:00:00,5.9,65.8,0.6178,1.6,121.0,False,False
2005-01-21 07:00:00,6.4,63.9,0.6192,2.4,138.0,False,False
2005-01-21 08:00:00,7.2,62.2,0.6351,4.5,174.0,False,False
2005-01-21 09:00:00,7.9,60.0,0.6406,5.7,179.0,False,False
2005-01-21 10:00:00,8.3,58.5,0.6403,4.3,175.0,False,False
2005-01-21 11:00:00,9.3,54.5,0.6415,4.2,183.0,False,False
2005-01-21 12:00:00,10.2,53.1,0.6608,4.5,189.0,False,False
2005-01-21 13:00:00,11.1,51.4,0.679,5.0,198.0,False,False
2005-01-21 14:00:00,12.8,46.9,0.6919,2.9,142.0,False,False
2005-01-21 15:00:00,13.1,48.0,0.7181,3.0,139.0,False,False
2005-01-21 16:00:00,13.5,51.5,0.793,3.3,99.0,False,False
2005-01-21 17:00:00,13.4,51.2,0.7808,1.4,135.0,False,False
2005-01-21 18:00:00,12.1,55.3,0.7777,2.3,223.0,False,False
2005-01-21 19:00:00,12.0,56.5,0.7924,1.6,194.0,False,False
2005-01-21 20:00:00,10.4,64.4,0.8123,4.9,244.0,False,False
2005-01-21 21:00:00,9.4,69.1,0.815,6.4,243.0,False,False
2005-01-21 22:00:00,8.9,71.0,0.8115,3.5,230.0,False,False
2005-01-21 23:00:00,8.1,73.8,0.7968,1.7,207.0,False,False
2005-01-22 00:00:00,7.3,76.8,0.7904,2.6,223.0,False,False
2005-01-22 01:00:00,7.3,76.7,0.7862,1.6,216.0,False,False
2005-01-22 02:00:00,7.1,77.3,0.7826,1.5,198.0,False,False
2005-01-22 03:00:00,6.7,78.7,0.7779,0.9,,False,False
2005-01-22 04:00:00,7.0,77.8,0.7848,0.5,126.0,False,False
2005-01-22 05:00:00,5.7,80.5,0.7416,0.9,144.0,False,False
2005-01-22 06:00:00,5.2,81.4,0.7276,0.4,183.0,False,False
2005-01-22 07:00:00,5.6,80.4,0.7349,0.5,193.0,False,False
2005-01-22 08:00:00,6.3,78.8,0.7544,0.8,196.0,False,False
2005-01-22 09:00:00,6.9,76.9,0.7682,1.4,208.0,False,False
2005-01-22 10:00:00,9.2,67.7,0.79,1.6,217.0,False,False
2005-01-22 11:00:00,11.6,59.8,0.8152,1.5,246.0,False,False
2005-01-22 12:00:00,14.0,52.0,0.8288,1.0,204.0,False,False
2005-01-22 13:00:00,15.0,50.2,0.8495,1.0,192.0,False,False
2005-01-22 14:00:00,14.9,49.9,0.8394,1.3,186.0,False,False
2005-01-22 15:00:00,15.8,33.8,0.6034,0.1,133.0,False,False
2005-01-22 16:00:00,15.4,29.3,0.5068,,126.0,False,False
2005-01-22 17:00:00,14.4,25.7,0.4193,,138.0,False,False
2005-01-22 18:00:00,13.4,27.2,0.4157,0.1,148.0,False,False
2005-01-22 19:00:00,12.2,28.7,0.4077,0.4,167.0,False,False
2005-01-22 20:00:00,11.3,25.7,0.3422,0.7,175.0,False,False
2005-01-22 21:00:00,9.7,31.9,0.3848,2.7,224.0,False,False
2005-01-22 22:00:00,8.4,36.5,0.4035,2.1,215.0,False,False
2005-01-22 23:00:00,8.2,36.8,0.4016,1.3,196.0,False,False
2005-01-23 00:00:00,8.0,36.0,0.3872,0.8,195.0,False,False
2005-01-23 01:00:00,7.0,39.9,0.4006,,181.0,False,False
2005-01-23 02:00:00,5.7,44.3,0.4093,,150.0,False,False
2005-01-23 03:00:00,4.7,46.6,0.4025,,,False,False
2005-01-23 04:00:00,4.2,50.8,0.4234,,139.0,False,False
2005-01-23 05:00:00,4.6,45.1,0.3861,,74.0,False,False
2005-01-23 06:00:00,2.7,53.3,0.4006,,73.0,False,False
2005-01-23 07:00:00,3.1,51.0,0.3947,,77.0,False,False
2005-01-23 08:00:00,2.5,54.1,0.4017,,98.0,False,False
2005-01-23 09:00:00,3.1,53.5,0.4123,,121.0,False,False
2005-01-23 10:00:00,5.0,47.5,0.418,,162.0,False,False
2005-01-23 11:00:00,5.8,43.4,0.4032,,178.0,False,False
2005-01-23 12:00:00,7.1,42.8,0.4327,,206.0,False,False
2005-01-23 13:00:00,7.9,41.6,0.4459,,191.0,False,False
2005-01-23 14:00:00,8.1,41.2,0.448,,175.0,False,False
2005-01-23 15:00:00,8.3,41.3,0.4533,,169.0,False,False
2005-01-23 16:00:00,8.9,49.1,0.5629,,180.0,False,False
2005-01-23 17:00:00,7.1,66.0,0.6678,,124.0,False,False
2005-01-23 18:00:00,5.7,75.1,0.6942,,130.0,False,False
2005-01-23 19:00:00,5.4,77.6,0.7031,,141.0,False,False
2005-01-23 20:00:00,5.4,78.2,0.7074,,157.0,False,False
2005-01-23 21:00:00,7.3,68.1,0.6979,,123.0,False,False
2005-01-23 22:00:00,5.8,74.4,0.6924,,104.0,False,False
2005-01-23 23:00:00,6.2,72.3,0.6887,,134.0,False,False
2005-01-24 00:00:00,5.9,72.7,0.6791,,105.0,False,False
2005-01-24 01:00:00,5.0,76.5,0.6728,,121.0,False,False
2005-01-24 02:00:00,4.0,80.4,0.663,0.1,136.0,False,False
2005-01-24 03:00:00,5.8,59.0,0.5493,,,False,False
2005-01-24 04:00:00,5.8,59.5,0.5519,,48.0,False,False
2005-01-24 05:00:00,6.6,51.3,0.5026,0.3,40.0,False,False
2005-01-24 06:00:00,7.0,47.2,0.4745,0.5,67.0,False,False
2005-01-24 07:00:00,6.6,47.9,0.4686,0.6,104.0,False,False
2005-01-24 08:00:00,7.2,49.8,0.5061,1.8,169.0,False,False
2005-01-24 09:00:00,6.9,52.8,0.5293,2.0,203.0,False,False
2005-01-24 10:00:00,8.7,46.7,0.5249,1.4,183.0,False,False
2005-01-24 11:00:00,10.0,40.6,0.4971,0.6,151.0,False,False
2005-01-24 12:00:00,11.8,35.4,0.4877,0.5,138.0,False,False
2005-01-24 13:00:00,10.7,37.2,0.4788,0.7,127.0,False,False
2005-01-24 14:00:00,10.9,34.9,0.456,0.7,,False,False
2005-01-24 15:00:00,10.7,33.1,0.4256,1.1,148.0,False,False
2005-01-24 16:00:00,10.6,34.2,0.4375,1.3,172.0,False,False
2005-01-24 17:00:00,8.9,38.1,0.4341,1.0,163.0,False,False
2005-01-24 18:00:00,7.8,39.7,0.4206,1.5,180.0,False,False
2005-01-24 19:00:00,7.3,42.2,0.4341,1.5,169.0,False,False
2005-01-24 20:00:00,6.9,42.5,0.4257,1.2,152.0,False,False
2005-01-24 21:00:00,6.6,43.2,0.4247,0.3,107.0,False,False
2005-01-24 22:00:00,6.4,41.7,0.4034,,75.0,False,False
2005-01-24 23:00:00,6.1,42.6,0.4041,,58.0,False,False
2005-01-25 00:00:00,5.9,41.8,0.3928,,57.0,False,False
2005-01-25 01:00:00,5.7,41.5,0.3836,,44.0,False,False
2005-01-25 02:00:00,5.5,42.4,0.3867,,29.0,False,False
2005-01-25 03:00:00,4.5,52.0,0.4436,,,False,False
2005-01-25 04:00:00,4.3,51.6,0.4323,,19.0,False,False
2005-01-25 05:00:00,3.7,56.3,0.453,,20.0,False,False
2005-01-25 06:00:00,3.3,58.1,0.4559,,35.0,False,False
2005-01-25 07:00:00,3.9,47.3,0.3862,,60.0,False,False
2005-01-25 08:00:00,4.3,45.9,0.3843,0.2,115.0,False,False
2005-01-25 09:00:00,4.2,50.1,0.4168,0.7,157.0,False,False
2005-01-25 10:00:00,3.4,62.7,0.4943,0.5,147.0,False,False
2005-01-25 11:00:00,5.0,51.4,0.4534,0.4,188.0,False,False
2005-01-25 12:00:00,5.7,44.1,0.4063,0.3,126.0,False,False
2005-01-25 13:00:00,5.2,44.5,0.3968,0.3,114.0,False,False
2005-01-25 14:00:00,4.7,48.6,0.4194,0.4,123.0,False,False
2005-01-25 15:00:00,4.5,51.0,0.4327,0.2,107.0,False,False
2005-01-25 16:00:00,5.1,50.1,0.4432,0.4,121.0,False,False
2005-01-25 17:00:00,5.0,50.4,0.443,0.4,118.0,False,False
2005-01-25 18:00:00,4.3,56.4,0.4721,0.7,134.0,False,False
2005-01-25 19:00:00,4.3,56.7,0.476,1.0,142.0,False,False
2005-01-25 20:00:00,4.3,57.0,0.4771,1.1,133.0,False,False
2005-01-25 21:00:00,3.5,60.3,0.4782,0.3,106.0,False,False
2005-01-25 22:00:00,4.1,52.5,0.4351,0.1,87.0,False,False
2005-01-25 23:00:00,3.9,50.6,0.4127,,67.0,False,False
2005-01-26 00:00:00,3.9,47.7,0.3901,,55.0,False,False
2005-01-26 01:00:00,4.0,47.8,0.3939,,49.0,False,False
2005-01-26 02:00:00,3.9,50.9,0.4144,,30.0,False,False
2005-01-26 03:00:00,3.0,57.7,0.4423,,,False,False
2005-01-26 04:00:00,3.3,52.8,0.4137,,20.0,False,False
2005-01-26 05:00:00,2.7,53.9,0.4062,,17.0,False,False
2005-01-26 06:00:00,2.8,54.4,0.411,,35.0,False,False
2005-01-26 07:00:00,3.6,49.0,0.3915,,71.0,False,False
2005-01-26 08:00:00,3.3,50.2,0.3934,0.3,136.0,False,False
2005-01-26 09:00:00,3.5,47.5,0.3778,0.6,163.0,False,False
2005-01-26 10:00:00,4.3,49.4,0.4136,0.3,143.0,False,False
2005-01-26 11:00:00,4.5,48.4,0.4131,0.1,134.0,False,False
2005-01-26 12:00:00,4.3,50.0,0.4199,0.1,130.0,False,False
2005-01-26 13:00:00,4.3,49.7,0.4166,0.2,122.0,False,False
2005-01-26 14:00:00,4.9,45.3,0.3955,0.5,129.0,False,False
2005-01-26 15:00:00,5.6,42.4,0.3884,0.3,132.0,False,False
2005-01-26 16:00:00,5.7,43.1,0.3984,0.3,133.0,False,False
2005-01-26 17:00:00,4.8,49.7,0.4305,0.3,126.0,False,False
2005-01-26 18:00:00,5.1,43.0,0.3821,1.0,177.0,False,False
2005-01-26 19:00:00,5.3,44.4,0.397,1.4,185.0,False,False
2005-01-26 20:00:00,4.9,47.9,0.418,1.4,169.0,False,False
2005-01-26 21:00:00,4.7,50.8,0.4398,1.1,151.0,False,False
2005-01-26 22:00:00,4.6,54.8,0.4704,0.4,114.0,False,False
2005-01-26 23:00:00,4.0,56.8,0.4688,0.2,90.0,False,False
2005-01-27 00:00:00,4.2,46.8,0.39,0.2,87.0,False,False
2005-01-27 01:00:00,4.5,42.0,0.3571,0.2,83.0,False,False
2005-01-27 02:00:00,4.1,42.1,0.3487,0.2,74.0,False,False
2005-01-27 03:00:00,4.5,39.7,0.3379,,,False,False
2005-01-27 04:00:00,4.4,42.2,0.3571,,28.0,False,False
2005-01-27 05:00:00,4.1,45.9,0.3804,0.4,26.0,False,False
2005-01-27 06:00:00,4.3,42.5,0.3556,0.5,61.0,False,False
2005-01-27 07:00:00,4.6,38.1,0.3267,0.7,91.0,False,False
2005-01-27 08:00:00,4.6,39.4,0.3367,1.9,184.0,False,False
2005-01-27 09:00:00,4.8,41.9,0.3634,2.4,204.0,False,False
2005-01-27 10:00:00,5.9,40.2,0.376,2.0,185.0,False,False
2005-01-27 11:00:00,7.0,38.4,0.3861,1.3,125.0,False,False
2005-01-27 12:00:00,6.6,40.2,0.3944,1.0,104.0,False,False
2005-01-27 13:00:00,6.6,41.2,0.4046,1.2,115.0,False,False
2005-01-27 14:00:00,7.3,36.8,0.3779,1.5,126.0,False,False
2005-01-27 15:00:00,7.3,35.0,0.3584,1.3,125.0,False,False
2005-01-27 16:00:00,7.0,33.5,0.3367,1.5,139.0,False,False
2005-01-27 17:00:00,6.5,32.4,0.3155,1.5,142.0,False,False
2005-01-27 18:00:00,5.7,33.9,0.3131,2.1,170.0,False,False
2005-01-27 19:00:00,5.0,36.1,0.3178,2.6,195.0,False,False
2005-01-27 20:00:00,4.7,38.3,0.3306,3.0,202.0,False,False
2005-01-27 21:00:00,4.5,39.9,0.339,2.0,168.0,False,False
2005-01-27 22:00:00,4.3,41.1,0.3451,1.4,128.0,False,False
2005-01-27 23:00:00,4.0,43.1,0.3551,1.3,115.0,False,False
2005-01-28 00:00:00,3.7,46.0,0.3701,1.2,111.0,False,False
2005-01-28 01:00:00,3.3,47.4,0.3716,1.1,97.0,False,False
2005-01-28 02:00:00,3.0,49.1,0.3774,0.9,77.0,False,False
2005-01-28 03:00:00,3.5,48.0,0.3822,0.8,,False,False
2005-01-28 04:00:00,3.6,48.0,0.3835,0.6,51.0,False,False
2005-01-28 05:00:00,4.0,47.8,0.3919,0.5,49.0,False,False
2005-01-28 06:00:00,4.1,48.1,0.3975,0.6,79.0,False,False
2005-01-28 07:00:00,4.1,47.4,0.3926,0.7,92.0,False,False
2005-01-28 08:00:00,4.2,48.7,0.4073,1.6,167.0,False,False
2005-01-28 09:00:00,4.1,49.8,0.4117,2.2,206.0,False,False
2005-01-28 10:00:00,4.3,48.4,0.4043,1.8,184.0,False,False
2005-01-28 11:00:00,4.6,49.7,0.4271,1.5,176.0,False,False
2005-01-28 12:00:00,4.5,49.6,0.421,1.8,191.0,False,False
2005-01-28 13:00:00,4.4,48.4,0.4087,1.4,147.0,False,False
2005-01-28 14:00:00,4.7,47.2,0.4075,2.1,174.0,False,False
2005-01-28 15:00:00,4.2,49.5,0.4118,1.6,167.0,False,False
2005-01-28 16:00:00,3.4,50.7,0.3991,1.3,138.0,False,False
2005-01-28 17:00:00,,,,1.9,164.0,False,False
2005-01-28 18:00:00,,,,2.4,190.0,False,False
2005-01-28 19:00:00,,,,3.0,198.0,False,False
2005-01-28 20:00:00,,,,1.9,155.0,False,False
2005-01-28 21:00:00,,,,1.8,153.0,False,False
2005-01-28 22:00:00,,,,1.1,110.0,False,False
2005-01-28 23:00:00,,,,1.1,91.0,False,False
2005-01-29 00:00:00,,,,1.1,105.0,False,False
2005-01-29 01:00:00,,,,1.0,85.0,False,False
2005-01-29 02:00:00,1.9,49.7,0.3528,0.7,60.0,False,False
2005-01-29 03:00:00,1.6,52.9,0.3692,0.6,,False,False
2005-01-29 04:00:00,1.4,53.8,0.3687,0.5,34.0,False,False
2005-01-29 05:00:00,1.0,54.7,0.3657,0.5,31.0,False,False
2005-01-29 06:00:00,1.4,52.3,0.3591,0.4,37.0,False,False
2005-01-29 07:00:00,1.6,51.0,0.3561,0.5,58.0,False,False
2005-01-29 08:00:00,1.4,53.1,0.3642,0.8,92.0,False,False
2005-01-29 09:00:00,1.7,54.1,0.3785,1.1,110.0,False,False
2005-01-29 10:00:00,2.5,51.0,0.3778,1.1,101.0,False,False
2005-01-29 11:00:00,2.9,48.7,0.3706,1.1,96.0,False,False
2005-01-29 12:00:00,3.6,45.8,0.3674,1.1,102.0,False,False
2005-01-29 13:00:00,3.1,48.1,0.3722,1.1,96.0,False,False
2005-01-29 14:00:00,3.4,46.6,0.3668,1.2,102.0,False,False
2005-01-29 15:00:00,3.7,45.8,0.3697,1.0,88.0,False,False
2005-01-29 16:00:00,4.4,43.7,0.3688,1.2,87.0,False,False
2005-01-29 17:00:00,4.0,44.9,0.3689,1.3,115.0,False,False
2005-01-29 18:00:00,3.3,46.8,0.3671,1.4,118.0,False,False
2005-01-29 19:00:00,3.1,48.1,0.3707,1.3,134.0,False,False
2005-01-29 20:00:00,2.8,49.0,0.37,1.4,125.0,False,False
2005-01-29 21:00:00,3.1,47.4,0.3661,1.5,140.0,False,False
2005-01-29 22:00:00,2.9,49.0,0.3725,1.0,83.0,False,False
2005-01-29 23:00:00,2.8,49.1,0.3726,1.0,73.0,False,False
2005-01-30 00:00:00,2.9,49.7,0.3782,1.1,92.0,False,False
2005-01-30 01:00:00,3.8,46.5,0.3762,1.3,109.0,False,False
2005-01-30 02:00:00,3.2,46.9,0.3658,1.0,82.0,False,False
2005-01-30 03:00:00,3.1,45.2,0.3504,1.1,,False,False
2005-01-30 04:00:00,3.1,44.8,0.3473,,83.0,False,False
2005-01-30 05:00:00,3.1,44.4,0.342,0.6,50.0,False,False
2005-01-30 06:00:00,3.0,43.4,0.3337,0.5,44.0,False,False
2005-01-30 07:00:00,2.8,43.8,0.3308,0.4,49.0,False,False
2005-01-30 08:00:00,2.7,43.2,0.3259,0.5,62.0,False,False
2005-01-30 09:00:00,3.3,42.3,0.3299,0.7,85.0,False,False
2005-01-30 10:00:00,4.6,39.0,0.333,0.8,82.0,False,False
2005-01-30 11:00:00,5.6,37.5,0.3426,0.8,77.0,False,False
2005-01-30 12:00:00,7.2,34.2,0.3488,1.0,92.0,False,False
2005-01-30 13:00:00,6.9,35.6,0.3561,0.9,95.0,False,False
2005-01-30 14:00:00,8.2,30.1,0.3281,0.9,95.0,False,False
2005-01-30 15:00:00,7.6,27.9,0.2927,0.9,76.0,False,False
2005-01-30 16:00:00,7.9,25.9,0.2774,1.0,95.0,False,False
2005-01-30 17:00:00,7.8,28.3,0.3017,1.0,118.0,False,False
2005-01-30 18:00:00,6.3,28.8,0.2772,1.1,123.0,False,False
2005-01-30 19:00:00,5.4,30.1,0.2726,1.2,140.0,False,False
2005-01-30 20:00:00,5.0,31.1,0.273,1.6,163.0,False,False
2005-01-30 21:00:00,4.6,33.8,0.2898,1.7,164.0,False,False
2005-01-30 22:00:00,4.3,36.6,0.3064,1.1,120.0,False,False
2005-01-30 23:00:00,4.0,39.0,0.3203,1.3,130.0,False,False
2005-01-31 00:00:00,2.9,42.8,0.3276,1.7,145.0,False,False
2005-01-31 01:00:00,3.4,38.9,0.3076,1.5,126.0,False,False
2005-01-31 02:00:00,4.0,36.4,0.2982,0.8,61.0,False,False
2005-01-31 03:00:00,4.0,36.4,0.2989,0.5,,False,False
2005-01-31 04:00:00,3.7,37.7,0.3024,0.4,37.0,False,False
2005-01-31 05:00:00,3.4,38.9,0.3075,0.4,37.0,False,False
2005-01-31 06:00:00,3.7,37.5,0.3012,0.4,50.0,False,False
2005-01-31 07:00:00,3.7,35.2,0.2833,0.7,109.0,False,False
2005-01-31 08:00:00,3.7,33.9,0.2732,1.8,198.0,False,False
2005-01-31 09:00:00,4.4,38.8,0.328,,,False,False
2005-01-31 10:00:00,6.6,34.4,0.3359,3.5,283.0,False,True
2005-01-31 11:00:00,10.0,22.4,0.2753,2.8,256.0,False,True
2005-01-31 12:00:00,11.9,18.6,0.2581,3.1,261.0,False,True
2005-01-31 13:00:00,12.5,17.2,0.2477,2.5,181.0,False,False
2005-01-31 14:00:00,13.2,17.3,0.2606,2.7,194.0,False,False
2005-01-31 15:00:00,13.5,18.7,0.2872,2.9,214.0,False,False
2005-01-31 16:00:00,14.1,18.2,0.2908,3.2,204.0,False,False
2005-01-31 17:00:00,13.0,20.3,0.303,4.1,228.0,False,False
2005-01-31 18:00:00,10.4,24.7,0.3116,6.1,270.0,False,True
2005-01-31 19:00:00,8.6,29.8,0.3344,6.8,285.0,False,True
2005-01-31 20:00:00,7.3,36.8,0.3771,6.8,282.0,False,True
2005-01-31 21:00:00,6.3,39.4,0.3795,3.7,235.0,False,False
2005-01-31 22:00:00,5.4,43.5,0.3922,2.1,208.0,False,False
2005-01-31 23:00:00,5.1,45.6,0.4056,1.4,161.0,False,False
2005-02-01 00:00:00,4.2,49.4,0.412,1.3,146.0,False,False
2005-02-01 01:00:00,4.1,50.1,0.415,1.1,123.0,False,False
2005-02-01 02:00:00,4.1,51.5,0.4263,1.0,109.0,False,False
2005-02-01 03:00:00,3.7,57.5,0.4621,0.9,,False,False
2005-02-01 04:00:00,2.5,64.8,0.4807,0.8,115.0,False,False
2005-02-01 05:00:00,1.8,68.9,0.4878,0.9,114.0,False,False
2005-02-01 06:00:00,2.0,64.9,0.4661,1.1,122.0,False,False
2005-02-01 07:00:00,2.2,65.3,0.473,1.6,149.0,False,False
2005-02-01 08:00:00,3.1,64.0,0.4938,3.7,187.0,False,False
2005-02-01 09:00:00,3.7,61.7,0.4967,4.8,198.0,False,False
2005-02-01 10:00:00,4.4,58.8,0.4979,4.1,196.0,False,False
2005-02-01 11:00:00,5.8,54.1,0.502,4.5,218.0,False,False
2005-02-01 12:00:00,7.3,50.8,0.5226,4.5,227.0,False,False
2005-02-01 13:00:00,9.5,47.2,0.5589,3.7,181.0,False,False
2005-02-01 14:00:00,11.8,44.4,0.6118,4.2,179.0,False,False
2005-02-01 15:00:00,12.7,45.5,0.6648,3.3,151.0,False,False
2005-02-01 16:00:00,13.5,44.8,0.6898,3.2,162.0,False,False
2005-02-01 17:00:00,12.3,48.9,0.6967,3.6,165.0,False,False
2005-02-01 18:00:00,10.8,40.3,0.5201,3.5,173.0,False,False
2005-02-01 19:00:00,9.4,36.7,0.4324,4.1,188.0,False,False
2005-02-01 20:00:00,8.3,39.5,0.4318,4.0,186.0,False,False
2005-02-01 21:00:00,7.8,41.3,0.4389,3.3,172.0,False,False
2005-02-01 22:00:00,7.3,43.8,0.4505,3.0,150.0,False,False
2005-02-01 23:00:00,6.7,47.6,0.4688,2.6,137.0,False,False
2005-02-02 00:00:00,6.6,51.2,0.5007,2.6,133.0,False,False
2005-02-02 01:00:00,6.4,52.6,0.5074,2.6,122.0,False,False
2005-02-02 02:00:00,5.3,57.8,0.5177,2.9,130.0,False,False
2005-02-02 03:00:00,3.4,66.7,0.5281,2.9,,False,False
2005-02-02 04:00:00,3.3,66.8,0.5215,2.5,121.0,False,False
2005-02-02 05:00:00,3.7,62.9,0.5059,2.0,115.0,False,False
2005-02-02 06:00:00,2.6,67.5,0.5034,2.2,125.0,False,False
2005-02-02 07:00:00,3.5,60.9,0.4857,2.4,136.0,False,False
2005-02-02 08:00:00,2.7,63.4,0.4787,4.0,174.0,False,False
2005-02-02 09:00:00,2.8,64.2,0.4859,6.7,224.0,False,True
2005-02-02 10:00:00,5.8,53.1,0.4942,5.6,230.0,False,False
2005-02-02 11:00:00,9.7,40.1,0.4832,4.3,205.0,False,False
2005-02-02 12:00:00,12.7,30.0,0.4398,4.0,204.0,False,False
2005-02-02 13:00:00,13.7,20.7,0.3221,2.6,139.0,False,False
2005-02-02 14:00:00,13.7,19.9,0.3114,2.2,133.0,False,False
2005-02-02 15:00:00,14.1,18.1,0.2884,1.9,127.0,False,False
2005-02-02 16:00:00,14.5,18.0,0.2956,1.8,124.0,False,False
2005-02-02 17:00:00,13.2,20.4,0.3074,3.1,158.0,False,False
2005-02-02 18:00:00,10.5,25.1,0.3194,4.8,171.0,False,False
2005-02-02 19:00:00,8.9,31.4,0.3597,5.8,193.0,False,False
2005-02-02 20:00:00,8.2,36.2,0.3953,5.9,195.0,False,False
2005-02-02 21:00:00,6.7,39.6,0.3906,4.1,212.0,False,False
2005-02-02 22:00:00,5.8,42.0,0.3904,1.8,193.0,False,False
2005-02-02 23:00:00,4.9,45.9,0.3999,1.7,167.0,False,False
2005-02-03 00:00:00,4.5,47.9,0.4079,1.7,156.0,False,False
2005-02-03 01:00:00,3.9,51.6,0.4226,1.5,153.0,False,False
2005-02-03 02:00:00,3.4,54.7,0.4323,1.1,128.0,False,False
2005-02-03 03:00:00,3.3,56.1,0.4379,0.9,,False,False
2005-02-03 04:00:00,2.0,60.8,0.4337,,96.0,False,False
2005-02-03 05:00:00,1.2,63.7,0.4327,0.3,105.0,False,False
2005-02-03 06:00:00,2.1,60.3,0.4368,0.4,130.0,False,False
2005-02-03 07:00:00,1.3,63.1,0.4322,0.6,134.0,False,False
2005-02-03 08:00:00,1.3,64.8,0.441,3.0,275.0,False,True
2005-02-03 09:00:00,2.1,62.2,0.4491,5.6,309.0,False,True
2005-02-03 10:00:00,5.1,50.8,0.4499,4.9,322.0,False,True
2005-02-03 11:00:00,8.5,39.7,0.4425,3.5,333.0,False,False
2005-02-03 12:00:00,11.5,33.0,0.4476,2.2,235.0,False,False
2005-02-03 13:00:00,12.2,34.3,0.4864,2.7,241.0,False,False
2005-02-03 14:00:00,13.5,35.0,0.5396,2.7,214.0,False,False
2005-02-03 15:00:00,14.9,34.9,0.5869,2.1,174.0,False,False
2005-02-03 16:00:00,15.7,34.5,0.6111,2.0,157.0,False,False
2005-02-03 17:00:00,14.7,37.2,0.618,2.4,170.0,False,False
2005-02-03 18:00:00,12.2,44.8,0.6342,6.7,212.0,False,False
2005-02-03 19:00:00,10.3,52.4,0.6578,6.4,249.0,False,False
2005-02-03 20:00:00,9.3,55.5,0.6503,3.9,231.0,False,False
2005-02-03 21:00:00,8.3,57.6,0.6304,2.7,216.0,False,False
2005-02-03 22:00:00,6.3,65.1,0.6237,3.0,217.0,False,False
2005-02-03 23:00:00,6.5,63.1,0.6132,2.1,203.0,False,False
2005-02-04 00:00:00,6.0,62.7,0.589,1.2,161.0,False,False
2005-02-04 01:00:00,5.1,65.4,0.5797,1.2,147.0,False,False
2005-02-04 02:00:00,4.7,64.6,0.5568,0.7,111.0,False,False
2005-02-04 03:00:00,2.9,72.2,0.5523,0.9,,False,False
2005-02-04 04:00:00,5.0,63.5,0.5575,0.8,115.0,False,False
2005-02-04 05:00:00,3.9,65.5,0.5367,0.4,80.0,False,False
2005-02-04 06:00:00,1.8,74.5,0.5271,0.7,122.0,False,False
2005-02-04 07:00:00,1.8,73.7,0.5198,1.4,186.0,False,False
2005-02-04 08:00:00,2.3,70.9,0.5182,4.0,306.0,False,True
2005-02-04 09:00:00,4.4,61.1,0.5176,3.9,301.0,False,True
2005-02-04 10:00:00,7.7,49.8,0.5267,3.1,274.0,False,False
2005-02-04 11:00:00,12.1,36.9,0.5212,3.2,247.0,False,False
2005-02-04 12:00:00,15.0,28.5,0.4821,1.5,169.0,False,False
2005-02-04 13:00:00,14.5,28.3,0.4665,1.2,138.0,False,False
2005-02-04 14:00:00,12.9,31.8,0.4707,1.9,149.0,False,False
2005-02-04 15:00:00,12.1,32.3,0.4548,1.5,165.0,False,False
2005-02-04 16:00:00,11.3,33.5,0.4476,1.4,156.0,False,False
2005-02-04 17:00:00,11.4,32.6,0.4373,1.9,184.0,False,False
2005-02-04 18:00:00,9.1,37.8,0.4372,2.2,197.0,False,False
2005-02-04 19:00:00,8.1,41.0,0.4458,3.0,204.0,False,False
2005-02-04 20:00:00,7.7,41.9,0.4409,2.6,207.0,False,False
2005-02-04 21:00:00,7.1,43.9,0.4433,2.8,208.0,False,False
2005-02-04 22:00:00,6.3,45.8,0.4408,1.6,174.0,False,False
2005-02-04 23:00:00,6.0,46.1,0.4351,1.3,157.0,False,False
2005-02-05 00:00:00,5.5,49.0,0.4471,1.6,166.0,False,False
2005-02-05 01:00:00,4.9,52.0,0.4548,1.5,167.0,False,False
2005-02-05 02:00:00,4.1,54.7,0.4536,1.3,154.0,False,False
2005-02-05 03:00:00,2.1,64.2,0.4633,1.6,,False,False
2005-02-05 04:00:00,1.5,66.2,0.4571,2.0,164.0,False,False
2005-02-05 05:00:00,1.0,67.7,0.4523,1.3,149.0,False,False
2005-02-05 06:00:00,0.8,69.9,0.4591,0.9,150.0,False,False
2005-02-05 07:00:00,1.3,67.2,0.4598,1.4,205.0,False,False
2005-02-05 08:00:00,2.0,63.6,0.4564,3.1,283.0,False,True
2005-02-05 09:00:00,4.1,52.7,0.4345,4.1,310.0,False,True
2005-02-05 10:00:00,7.5,39.2,0.4091,1.3,200.0,False,False
2005-02-05 11:00:00,9.0,34.5,0.398,0.9,147.0,False,False
2005-02-05 12:00:00,9.2,34.5,0.4025,1.0,128.0,False,False
2005-02-05 13:00:00,9.3,33.8,0.3981,1.0,121.0,False,False
2005-02-05 14:00:00,9.3,33.1,0.3874,1.1,129.0,False,False
2005-02-05 15:00:00,9.7,30.8,0.3716,0.8,110.0,False,False
2005-02-05 16:00:00,9.6,31.1,0.3718,1.0,126.0,False,False
2005-02-05 17:00:00,8.6,32.8,0.3669,0.9,121.0,False,False
2005-02-05 18:00:00,7.2,35.0,0.3567,0.9,142.0,False,False
2005-02-05 19:00:00,6.4,36.8,0.3566,1.6,174.0,False,False
2005-02-05 20:00:00,6.0,40.2,0.3773,1.4,168.0,False,False
2005-02-05 21:00:00,5.5,42.6,0.3874,1.4,180.0,False,False
2005-02-05 22:00:00,4.9,43.7,0.3809,1.1,157.0,False,False
2005-02-05 23:00:00,4.2,43.2,0.3605,1.2,162.0,False,False
2005-02-06 00:00:00,4.0,39.2,0.3228,1.8,173.0,False,False
2005-02-06 01:00:00,3.7,40.1,0.323,1.4,176.0,False,False
2005-02-06 02:00:00,3.1,47.1,0.3638,1.4,172.0,False,False
2005-02-06 03:00:00,2.6,48.8,0.3658,0.9,,False,False
2005-02-06 04:00:00,0.8,53.8,0.3542,,108.0,False,False
2005-02-06 05:00:00,1.2,51.9,0.3515,0.8,88.0,False,False
2005-02-06 06:00:00,1.0,52.2,0.3489,0.7,85.0,False,False
2005-02-06 07:00:00,0.6,53.3,0.3467,0.7,88.0,False,False
2005-02-06 08:00:00,0.8,52.8,0.3468,0.6,94.0,False,False
2005-02-06 09:00:00,0.3,53.7,0.3424,0.8,115.0,False,False
2005-02-06 10:00:00,4.1,42.9,0.3551,1.3,137.0,False,False
2005-02-06 11:00:00,8.0,33.3,0.3591,2.0,212.0,False,False
2005-02-06 12:00:00,10.7,25.2,0.3242,1.7,173.0,False,False
2005-02-06 13:00:00,11.1,23.5,0.3105,1.2,135.0,False,False
2005-02-06 14:00:00,10.6,26.0,0.332,1.0,100.0,False,False
2005-02-06 15:00:00,10.3,27.7,0.3481,0.8,78.0,False,False
2005-02-06 16:00:00,10.2,28.3,0.3516,1.0,100.0,False,False
2005-02-06 17:00:00,9.2,29.9,0.3479,1.4,150.0,False,False
2005-02-06 18:00:00,6.9,36.4,0.3635,1.1,142.0,False,False
2005-02-06 19:00:00,6.0,38.0,0.3584,1.6,165.0,False,False
2005-02-06 20:00:00,5.8,36.4,0.3385,1.8,179.0,False,False
2005-02-06 21:00:00,5.8,35.4,0.3286,1.4,149.0,False,False
2005-02-06 22:00:00,5.4,36.6,0.3304,1.1,126.0,False,False
2005-02-06 23:00:00,5.1,37.9,0.3358,1.0,120.0,False,False
2005-02-07 00:00:00,4.8,38.0,0.33,1.1,110.0,False,False
2005-02-07 01:00:00,4.5,38.1,0.3249,1.0,92.0,False,False
2005-02-07 02:00:00,4.3,38.1,0.3207,0.8,78.0,False,False
2005-02-07 03:00:00,3.9,39.9,0.325,0.6,,False,False
2005-02-07 04:00:00,3.8,41.0,0.3327,0.6,65.0,False,False
2005-02-07 05:00:00,3.3,44.6,0.3499,0.6,73.0,False,False
2005-02-07 06:00:00,3.6,44.5,0.3574,0.6,85.0,False,False
2005-02-07 07:00:00,3.4,47.0,0.3713,0.8,133.0,False,False
2005-02-07 08:00:00,2.9,49.5,0.3775,2.3,246.0,False,False
2005-02-07 09:00:00,5.6,40.5,0.3704,2.8,281.0,False,True
2005-02-07 10:00:00,7.5,33.8,0.352,2.1,222.0,False,False
2005-02-07 11:00:00,10.8,25.2,0.3251,1.7,182.0,False,False
2005-02-07 12:00:00,12.9,20.6,0.3045,1.4,154.0,False,False
2005-02-07 13:00:00,12.2,21.4,0.3033,1.6,168.0,False,False
2005-02-07 14:00:00,12.0,21.9,0.3069,1.4,149.0,False,False
2005-02-07 15:00:00,12.2,24.0,0.3392,1.3,156.0,False,False
2005-02-07 16:00:00,12.0,24.3,0.3393,1.4,156.0,False,False
2005-02-07 17:00:00,10.5,27.8,0.3525,1.7,187.0,False,False
2005-02-07 18:00:00,8.7,33.9,0.3832,1.9,194.0,False,False
2005-02-07 19:00:00,7.8,37.6,0.4004,2.3,204.0,False,False
2005-02-07 20:00:00,7.2,39.4,0.4032,2.0,174.0,False,False
2005-02-07 21:00:00,7.1,39.6,0.4019,1.6,154.0,False,False
2005-02-07 22:00:00,7.1,39.6,0.4001,1.0,117.0,False,False
2005-02-07 23:00:00,7.2,39.3,0.4004,0.9,98.0,False,False
2005-02-08 00:00:00,6.9,39.6,0.3966,0.9,90.0,False,False
2005-02-08 01:00:00,7.0,39.8,0.4006,0.9,74.0,False,False
2005-02-08 02:00:00,7.1,40.5,0.409,0.5,49.0,False,False
2005-02-08 03:00:00,6.9,40.9,0.4091,0.4,,False,False
2005-02-08 04:00:00,6.0,42.9,0.404,0.5,54.0,False,False
2005-02-08 05:00:00,6.4,42.7,0.4126,0.6,69.0,False,False
2005-02-08 06:00:00,6.1,43.6,0.4129,0.6,92.0,False,False
2005-02-08 07:00:00,5.9,45.1,0.4211,1.0,146.0,False,False
2005-02-08 08:00:00,6.0,46.4,0.4367,2.1,224.0,False,False
2005-02-08 09:00:00,6.6,43.7,0.4273,2.9,253.0,False,False
2005-02-08 10:00:00,8.7,36.3,0.4074,2.2,225.0,False,False
2005-02-08 11:00:00,10.5,33.4,0.4246,1.6,180.0,False,False
2005-02-08 12:00:00,11.4,27.8,0.3748,1.8,194.0,False,False
2005-02-08 13:00:00,12.7,27.4,0.4011,1.5,158.0,False,False
2005-02-08 14:00:00,13.3,23.3,0.354,2.2,184.0,False,False
2005-02-08 15:00:00,13.9,20.7,0.3271,1.6,165.0,False,False
2005-02-08 16:00:00,13.6,20.0,0.3093,1.5,156.0,False,False
2005-02-08 17:00:00,,,,1.8,172.0,False,False
2005-02-08 18:00:00,,,,1.8,194.0,False,False
2005-02-08 19:00:00,,,,2.3,208.0,False,False
2005-02-08 20:00:00,,,,1.9,187.0,False,False
2005-02-08 21:00:00,,,,1.9,187.0,False,False
2005-02-08 22:00:00,,,,1.1,127.0,False,False
2005-02-08 23:00:00,,,,0.9,107.0,False,False
2005-02-09 00:00:00,,,,0.8,99.0,False,False
2005-02-09 01:00:00,,,,0.9,100.0,False,False
2005-02-09 02:00:00,,,,0.7,73.0,False,False
2005-02-09 03:00:00,,,,0.8,,False,False
2005-02-09 04:00:00,,,,,83.0,False,False
2005-02-09 05:00:00,,,,0.7,92.0,False,False
2005-02-09 06:00:00,,,,0.6,100.0,False,False
2005-02-09 07:00:00,,,,1.0,149.0,False,False
2005-02-09 08:00:00,,,,1.7,231.0,False,False
2005-02-09 09:00:00,,,,2.7,245.0,False,False
2005-02-09 10:00:00,,,,3.3,203.0,False,False
2005-02-09 11:00:00,,,,2.1,165.0,False,False
2005-02-09 12:00:00,,,,2.0,168.0,False,False
2005-02-09 13:00:00,,,,2.0,151.0,False,False
2005-02-09 14:00:00,,,,2.3,152.0,False,False
2005-02-09 15:00:00,,,,2.0,144.0,False,False
2005-02-09 16:00:00,,,,2.1,148.0,False,False
2005-02-09 17:00:00,,,,2.3,176.0,False,False
2005-02-09 18:00:00,,,,3.1,209.0,False,False
2005-02-09 19:00:00,,,,3.9,240.0,False,False
2005-02-09 20:00:00,,,,3.8,223.0,False,False
2005-02-09 21:00:00,,,,2.9,187.0,False,False
2005-02-09 22:00:00,,,,2.2,157.0,False,False
2005-02-09 23:00:00,,,,1.9,123.0,False,False
2005-02-10 00:00:00,,,,2.0,126.0,False,False
2005-02-10 01:00:00,,,,1.8,106.0,False,False
2005-02-10 02:00:00,,,,1.6,95.0,False,False
2005-02-10 03:00:00,,,,1.5,,False,False
2005-02-10 04:00:00,,,,1.4,87.0,False,False
2005-02-10 05:00:00,,,,1.5,88.0,False,False
2005-02-10 06:00:00,,,,1.7,134.0,False,False
2005-02-10 07:00:00,,,,1.9,156.0,False,False
2005-02-10 08:00:00,,,,3.3,247.0,False,False
2005-02-10 09:00:00,,,,3.8,289.0,False,False
2005-02-10 10:00:00,,,,4.3,250.0,False,False
2005-02-10 11:00:00,,,,3.7,232.0,False,False
2005-02-10 12:00:00,,,,2.7,185.0,False,False
2005-02-10 13:00:00,,,,2.2,147.0,False,False
2005-02-10 14:00:00,,,,2.4,128.0,False,False
2005-02-10 15:00:00,,,,2.2,131.0,False,False
2005-02-10 16:00:00,,,,2.3,135.0,False,False
2005-02-10 17:00:00,,,,2.6,149.0,False,False
2005-02-10 18:00:00,,,,4.2,209.0,False,False
2005-02-10 19:00:00,,,,6.2,243.0,False,False
2005-02-10 20:00:00,,,,8.4,276.0,False,False
2005-02-10 21:00:00,,,,4.5,225.0,False,False
2005-02-10 22:00:00,,,,2.7,194.0,False,False
2005-02-10 23:00:00,,,,2.4,164.0,False,False
2005-02-11 00:00:00,,,,2.3,148.0,False,False
2005-02-11 01:00:00,,,,2.2,136.0,False,False
2005-02-11 02:00:00,,,,2.0,116.0,False,False
2005-02-11 03:00:00,,,,1.6,,False,False
2005-02-11 04:00:00,,,,1.6,91.0,False,False
2005-02-11 05:00:00,,,,1.5,87.0,False,False
2005-02-11 06:00:00,,,,1.7,123.0,False,False
2005-02-11 07:00:00,,,,1.8,152.0,False,False
2005-02-11 08:00:00,,,,3.8,267.0,False,False
2005-02-11 09:00:00,,,,5.9,296.0,False,False
2005-02-11 10:00:00,,,,5.4,291.0,False,False
2005-02-11 11:00:00,,,,4.7,276.0,False,False
2005-02-11 12:00:00,,,,4.3,250.0,False,False
2005-02-11 13:00:00,,,,5.4,251.0,False,False
2005-02-11 14:00:00,,,,5.8,275.0,False,False
2005-02-11 15:00:00,,,,6.1,312.0,False,False
2005-02-11 16:00:00,,,,7.1,340.0,False,False
2005-02-11 17:00:00,,,,6.6,326.0,False,False
2005-02-11 18:00:00,,,,6.5,284.0,False,False
2005-02-11 19:00:00,,,,7.1,289.0,False,False
2005-02-11 20:00:00,,,,4.9,215.0,False,False
2005-02-11 21:00:00,8.5,50.9,0.5664,4.0,207.0,False,False
2005-02-11 22:00:00,8.3,53.3,0.5843,4.0,213.0,False,False
2005-02-11 23:00:00,7.1,58.1,0.5885,3.6,192.0,False,False
2005-02-12 00:00:00,5.8,64.3,0.5964,4.2,211.0,False,False
2005-02-12 01:00:00,5.3,66.8,0.5979,4.3,229.0,False,False
2005-02-12 02:00:00,5.0,66.6,0.5871,3.6,216.0,False,False
2005-02-12 03:00:00,5.0,66.3,0.5811,2.5,,False,False
2005-02-12 04:00:00,5.1,65.9,0.5827,,146.0,False,False
2005-02-12 05:00:00,4.1,69.0,0.5735,1.4,136.0,False,False
2005-02-12 06:00:00,4.6,67.6,0.5778,1.4,156.0,False,False
2005-02-12 07:00:00,5.2,65.5,0.5836,1.6,176.0,False,False
2005-02-12 08:00:00,6.0,62.8,0.5929,2.3,224.0,False,False
2005-02-12 09:00:00,7.1,59.3,0.6005,2.4,207.0,False,False
2005-02-12 10:00:00,7.8,58.0,0.6136,2.7,221.0,False,False
2005-02-12 11:00:00,9.0,54.7,0.6271,3.4,229.0,False,False
2005-02-12 12:00:00,10.0,53.1,0.6495,3.1,208.0,False,False
2005-02-12 13:00:00,10.8,52.0,0.6738,3.6,207.0,False,False
2005-02-12 14:00:00,11.0,51.4,0.6746,3.8,216.0,False,False
2005-02-12 15:00:00,11.0,51.4,0.6725,3.3,224.0,False,False
2005-02-12 16:00:00,10.9,52.0,0.6796,3.4,225.0,False,False
2005-02-12 17:00:00,11.1,52.0,0.6869,3.7,227.0,False,False
2005-02-12 18:00:00,11.0,53.6,0.7033,4.6,248.0,False,False
2005-02-12 19:00:00,11.0,55.1,0.7221,5.0,251.0,False,False
2005-02-12 20:00:00,11.4,55.4,0.7471,5.7,265.0,False,False
2005-02-12 21:00:00,11.1,56.9,0.7506,5.2,262.0,False,False
2005-02-12 22:00:00,10.2,60.0,0.7461,5.0,241.0,False,False
2005-02-12 23:00:00,10.1,59.9,0.7379,4.5,231.0,False,False
2005-02-13 00:00:00,9.9,63.2,0.7706,4.1,229.0,False,False
2005-02-13 01:00:00,9.4,73.4,0.8662,4.1,221.0,False,False
2005-02-13 02:00:00,9.4,77.7,0.9203,3.1,180.0,False,False
2005-02-13 03:00:00,9.6,78.7,0.9429,2.7,,False,False
2005-02-13 04:00:00,8.9,81.3,0.9277,2.8,140.0,False,False
2005-02-13 05:00:00,8.5,82.9,0.9243,2.9,153.0,False,False
2005-02-13 06:00:00,8.3,84.0,0.9234,2.6,150.0,False,False
2005-02-13 07:00:00,8.1,85.0,0.9221,2.6,145.0,False,False
2005-02-13 08:00:00,8.7,83.7,0.9423,2.8,149.0,False,False
2005-02-13 09:00:00,9.5,82.4,0.976,3.3,155.0,False,False
2005-02-13 10:00:00,11.0,78.2,1.022,3.2,158.0,False,False
2005-02-13 11:00:00,14.1,67.9,1.0859,3.3,188.0,False,False
2005-02-13 12:00:00,16.3,56.6,1.0422,1.5,154.0,False,False
2005-02-13 13:00:00,18.7,48.0,1.0259,1.2,107.0,False,False
2005-02-13 14:00:00,19.5,39.3,0.882,1.1,92.0,False,False
2005-02-13 15:00:00,19.9,34.1,0.782,1.7,106.0,False,False
2005-02-13 16:00:00,19.4,32.4,0.7239,1.0,90.0,False,False
2005-02-13 17:00:00,17.1,35.8,0.6944,1.0,100.0,False,False
2005-02-13 18:00:00,15.5,40.7,0.7103,2.6,132.0,False,False
2005-02-13 19:00:00,14.8,42.8,0.7182,2.5,211.0,False,False
2005-02-13 20:00:00,13.9,43.8,0.6937,2.1,179.0,False,False
2005-02-13 21:00:00,13.7,42.9,0.6687,1.0,116.0,False,False
2005-02-13 22:00:00,12.5,47.8,0.6877,1.3,143.0,False,False
2005-02-13 23:00:00,11.8,53.4,0.7366,1.5,142.0,False,False
2005-02-14 00:00:00,10.9,55.9,0.7312,1.4,135.0,False,False
2005-02-14 01:00:00,10.1,58.9,0.7301,1.6,136.0,False,False
2005-02-14 02:00:00,9.8,61.2,0.7413,1.1,109.0,False,False
2005-02-14 03:00:00,8.4,67.1,0.7411,0.7,,False,False
2005-02-14 04:00:00,8.3,67.2,0.7382,0.5,62.0,False,False
2005-02-14 05:00:00,7.7,68.9,0.728,0.4,49.0,False,False
2005-02-14 06:00:00,6.9,70.0,0.6997,0.7,81.0,False,False
2005-02-14 07:00:00,9.0,37.3,0.4297,0.7,104.0,False,False
2005-02-14 08:00:00,9.4,44.9,0.5296,2.3,176.0,False,False
2005-02-14 09:00:00,10.3,45.4,0.5666,2.5,193.0,False,False
2005-02-14 10:00:00,11.5,39.6,0.5372,1.7,168.0,False,False
2005-02-14 11:00:00,11.7,36.9,0.506,2.5,123.0,False,False
2005-02-14 12:00:00,11.8,36.2,0.4999,2.1,111.0,False,False
2005-02-14 13:00:00,12.0,38.7,0.5402,1.1,120.0,False,False
2005-02-14 14:00:00,13.7,30.3,0.4724,1.3,123.0,False,False
2005-02-14 15:00:00,12.6,30.6,0.4443,1.1,115.0,False,False
2005-02-14 16:00:00,13.0,27.4,0.4085,1.1,120.0,False,False
2005-02-14 17:00:00,13.6,22.7,0.3529,1.4,140.0,False,False
2005-02-14 18:00:00,11.8,23.0,0.3171,2.3,185.0,False,False
2005-02-14 19:00:00,10.7,19.9,0.2547,4.2,212.0,False,False
2005-02-14 20:00:00,10.4,18.0,0.2269,3.5,200.0,False,False
2005-02-14 21:00:00,9.7,20.6,0.2488,3.0,191.0,False,False
2005-02-14 22:00:00,9.4,24.8,0.2923,1.7,169.0,False,False
2005-02-14 23:00:00,8.8,31.2,0.3533,1.6,139.0,False,False
2005-02-15 00:00:00,8.7,31.2,0.3521,1.0,102.0,False,False
2005-02-15 01:00:00,8.5,30.4,0.3391,0.8,76.0,False,False
2005-02-15 02:00:00,8.0,32.9,0.353,0.6,56.0,False,False
2005-02-15 03:00:00,7.1,37.4,0.3799,0.4,,False,False
2005-02-15 04:00:00,6.9,39.1,0.3901,,30.0,False,False
2005-02-15 05:00:00,6.9,39.8,0.3966,0.3,28.0,False,False
2005-02-15 06:00:00,6.1,40.8,0.3868,0.4,56.0,False,False
2005-02-15 07:00:00,6.0,41.5,0.3896,0.5,94.0,False,False
2005-02-15 08:00:00,6.1,39.9,0.3781,1.5,196.0,False,False
2005-02-15 09:00:00,6.5,39.5,0.3865,2.1,220.0,False,False
2005-02-15 10:00:00,9.4,32.7,0.3855,1.6,168.0,False,False
2005-02-15 11:00:00,11.3,24.9,0.3318,1.0,133.0,False,False
2005-02-15 12:00:00,12.8,19.8,0.2933,1.2,134.0,False,False
2005-02-15 13:00:00,12.3,19.3,0.274,1.3,138.0,False,False
2005-02-15 14:00:00,12.0,19.3,0.2716,1.4,135.0,False,False
2005-02-15 15:00:00,11.9,19.2,0.2677,1.0,111.0,False,False
2005-02-15 16:00:00,12.1,20.7,0.2906,1.4,124.0,False,False
2005-02-15 17:00:00,11.5,22.1,0.2987,1.5,158.0,False,False
2005-02-15 18:00:00,10.4,23.1,0.2905,2.4,181.0,False,False
2005-02-15 19:00:00,9.5,25.2,0.2996,2.8,185.0,False,False
2005-02-15 20:00:00,8.9,26.9,0.3069,3.1,187.0,False,False
2005-02-15 21:00:00,8.2,30.1,0.327,3.1,196.0,False,False
2005-02-15 22:00:00,7.4,31.8,0.3287,2.0,174.0,False,False
2005-02-15 23:00:00,6.6,37.5,0.3664,2.1,182.0,False,False
2005-02-16 00:00:00,6.3,40.1,0.3842,1.9,182.0,False,False
2005-02-16 01:00:00,5.2,44.2,0.3943,2.5,193.0,False,False
2005-02-16 02:00:00,4.4,47.5,0.4017,2.0,174.0,False,False
2005-02-16 03:00:00,4.0,49.1,0.4019,1.4,,False,False
2005-02-16 04:00:00,3.3,52.2,0.4074,1.1,142.0,False,False
2005-02-16 05:00:00,3.2,52.4,0.4071,0.8,137.0,False,False
2005-02-16 06:00:00,3.6,51.7,0.4123,0.9,140.0,False,False
2005-02-16 07:00:00,3.5,54.2,0.4297,1.6,201.0,False,False
2005-02-16 08:00:00,5.2,48.3,0.4304,3.6,288.0,False,True
2005-02-16 09:00:00,7.8,37.6,0.3994,3.3,260.0,False,False
2005-02-16 10:00:00,8.9,33.8,0.385,2.1,206.0,False,False
2005-02-16 11:00:00,9.1,33.0,0.3827,1.3,98.0,False,False
2005-02-16 12:00:00,9.1,34.5,0.3994,1.1,138.0,False,False
2005-02-16 13:00:00,9.6,31.3,0.3763,1.5,139.0,False,False
2005-02-16 14:00:00,8.5,36.3,0.4026,1.5,137.0,False,False
2005-02-16 15:00:00,9.3,34.6,0.405,1.6,155.0,False,False
2005-02-16 16:00:00,8.9,37.9,0.4318,1.5,155.0,False,False
2005-02-16 17:00:00,8.2,41.8,0.4563,1.6,148.0,False,False
2005-02-16 18:00:00,7.4,44.5,0.4582,2.2,153.0,False,False
2005-02-16 19:00:00,7.0,43.4,0.4366,3.4,171.0,False,False
2005-02-16 20:00:00,6.6,43.4,0.4241,5.6,227.0,False,False
2005-02-16 21:00:00,5.9,44.3,0.4137,5.2,251.0,False,True
2005-02-16 22:00:00,5.0,46.6,0.4099,2.8,216.0,False,False
2005-02-16 23:00:00,5.8,40.3,0.374,2.4,200.0,False,False
2005-02-17 00:00:00,5.4,43.8,0.3945,2.7,192.0,False,False
2005-02-17 01:00:00,5.7,42.1,0.3883,2.6,187.0,False,False
2005-02-17 02:00:00,5.7,42.1,0.3885,2.3,173.0,False,False
2005-02-17 03:00:00,5.8,42.9,0.399,1.0,,False,False
2005-02-17 04:00:00,5.7,46.6,0.4298,0.6,64.0,False,False
2005-02-17 05:00:00,6.9,45.0,0.4499,0.5,46.0,False,False
2005-02-17 06:00:00,6.9,42.2,0.4224,0.5,51.0,False,False
2005-02-17 07:00:00,6.4,43.8,0.423,1.0,115.0,False,False
2005-02-17 08:00:00,6.6,44.6,0.4383,2.6,238.0,False,False
2005-02-17 09:00:00,7.7,42.1,0.444,2.7,202.0,False,False
2005-02-17 10:00:00,10.1,36.7,0.4536,1.8,167.0,False,False
2005-02-17 11:00:00,9.0,41.4,0.4775,1.2,139.0,False,False
2005-02-17 12:00:00,8.7,42.5,0.4787,1.3,147.0,False,False
2005-02-17 13:00:00,8.3,47.8,0.5238,1.4,130.0,False,False
2005-02-17 14:00:00,8.9,45.5,0.5208,1.8,143.0,False,False
2005-02-17 15:00:00,8.9,46.1,0.5256,1.3,143.0,False,False
2005-02-17 16:00:00,9.0,44.9,0.5173,1.4,136.0,False,False
2005-02-17 17:00:00,9.3,42.3,0.4974,1.4,143.0,False,False
2005-02-17 18:00:00,8.4,45.2,0.4977,2.4,177.0,False,False
2005-02-17 19:00:00,7.6,47.8,0.5013,2.8,198.0,False,False
2005-02-17 20:00:00,7.4,47.2,0.4871,3.3,200.0,False,False
2005-02-17 21:00:00,7.4,46.9,0.4854,2.5,191.0,False,False
2005-02-17 22:00:00,6.9,48.2,0.4832,2.1,169.0,False,False
2005-02-17 23:00:00,7.1,47.9,0.4867,1.2,106.0,False,False
2005-02-18 00:00:00,6.9,48.7,0.4874,1.2,105.0,False,False
2005-02-18 01:00:00,6.8,48.2,0.4792,1.3,130.0,False,False
2005-02-18 02:00:00,6.3,49.6,0.4787,1.0,82.0,False,False
2005-02-18 03:00:00,5.6,52.9,0.4855,0.8,,False,False
2005-02-18 04:00:00,6.4,49.8,0.4814,,45.0,False,False
2005-02-18 05:00:00,6.9,48.1,0.4796,0.4,35.0,False,False
2005-02-18 06:00:00,6.4,50.2,0.485,0.5,60.0,False,False
2005-02-18 07:00:00,6.4,50.7,0.4886,0.7,90.0,False,False
2005-02-18 08:00:00,6.9,48.8,0.4903,2.1,205.0,False,False
2005-02-18 09:00:00,8.4,44.6,0.4922,2.5,199.0,False,False
2005-02-18 10:00:00,10.8,37.1,0.4794,2.0,153.0,False,False
2005-02-18 11:00:00,11.2,36.2,0.4818,1.4,163.0,False,False
2005-02-18 12:00:00,11.8,34.4,0.4758,1.3,152.0,False,False
2005-02-18 13:00:00,11.5,33.1,0.4479,1.4,146.0,False,False
2005-02-18 14:00:00,10.9,32.6,0.426,1.6,146.0,False,False
2005-02-18 15:00:00,11.3,31.7,0.4249,1.7,134.0,False,False
2005-02-18 16:00:00,11.6,30.9,0.4223,1.8,164.0,False,False
2005-02-18 17:00:00,11.1,32.2,0.4243,2.4,141.0,False,False
2005-02-18 18:00:00,9.7,36.0,0.4333,2.8,204.0,False,False
2005-02-18 19:00:00,8.5,39.0,0.4336,3.3,210.0,False,False
2005-02-18 20:00:00,8.3,40.3,0.4411,4.8,250.0,False,False
2005-02-18 21:00:00,8.0,41.3,0.4448,2.8,202.0,False,False
2005-02-18 22:00:00,7.0,44.2,0.4446,2.4,190.0,False,False
2005-02-18 23:00:00,5.4,51.8,0.4698,2.9,236.0,False,False
2005-02-19 00:00:00,4.1,55.0,0.4558,2.7,250.0,False,False
2005-02-19 01:00:00,3.1,57.8,0.4462,2.1,219.0,False,False
2005-02-19 02:00:00,3.1,56.7,0.4388,1.5,156.0,False,False
2005-02-19 03:00:00,2.2,59.6,0.4333,1.2,,False,False
2005-02-19 04:00:00,2.3,58.9,0.4317,0.9,98.0,False,False
2005-02-19 05:00:00,1.9,60.0,0.4276,0.8,89.0,False,False
2005-02-19 06:00:00,1.9,60.3,0.4293,0.8,104.0,False,False
2005-02-19 07:00:00,0.9,64.6,0.4294,1.1,148.0,False,False
2005-02-19 08:00:00,0.6,65.0,0.4231,1.9,194.0,False,False
2005-02-19 09:00:00,2.1,59.9,0.4338,2.5,231.0,False,False
2005-02-19 10:00:00,3.1,57.2,0.4402,2.2,200.0,False,False
2005-02-19 11:00:00,4.2,54.0,0.4483,2.1,217.0,False,False
2005-02-19 12:00:00,7.4,43.8,0.4538,2.3,210.0,False,False
2005-02-19 13:00:00,11.2,34.5,0.4586,1.2,126.0,False,False
2005-02-19 14:00:00,13.8,32.4,0.5084,1.2,118.0,False,False
2005-02-19 15:00:00,12.4,34.9,0.5002,1.1,114.0,False,False
2005-02-19 16:00:00,12.8,31.9,0.4684,1.1,117.0,False,False
2005-02-19 17:00:00,13.5,29.1,0.4486,1.4,140.0,False,False
2005-02-19 18:00:00,11.6,33.3,0.454,1.7,168.0,False,False
2005-02-19 19:00:00,10.9,34.9,0.4568,2.5,202.0,False,False
2005-02-19 20:00:00,10.4,37.3,0.4708,2.7,211.0,False,False
2005-02-19 21:00:00,9.7,39.7,0.4792,3.1,231.0,False,False
2005-02-19 22:00:00,9.1,41.9,0.4857,2.8,214.0,False,False
2005-02-19 23:00:00,9.3,41.9,0.4927,1.9,181.0,False,False
2005-02-20 00:00:00,9.4,44.7,0.5279,1.9,173.0,False,False
2005-02-20 01:00:00,8.5,45.8,0.5108,1.7,169.0,False,False
2005-02-20 02:00:00,7.8,50.0,0.53,2.2,174.0,False,False
2005-02-20 03:00:00,7.7,49.7,0.5242,1.6,,False,False
2005-02-20 04:00:00,8.2,46.9,0.5099,1.5,130.0,False,False
2005-02-20 05:00:00,8.4,48.6,0.5375,0.8,72.0,False,False
2005-02-20 06:00:00,8.0,54.7,0.5883,0.5,40.0,False,False
2005-02-20 07:00:00,7.8,55.7,0.5914,0.5,56.0,False,False
2005-02-20 08:00:00,8.0,53.8,0.5796,0.7,81.0,False,False
2005-02-20 09:00:00,8.8,50.7,0.5752,0.7,81.0,False,False
2005-02-20 10:00:00,10.1,47.6,0.587,0.9,88.0,False,False
2005-02-20 11:00:00,10.6,45.8,0.5838,1.0,94.0,False,False
2005-02-20 12:00:00,9.1,56.2,0.6515,1.1,97.0,False,False
2005-02-20 13:00:00,7.9,66.5,0.7124,1.1,112.0,False,False
2005-02-20 14:00:00,8.0,65.0,0.6991,1.0,104.0,False,False
2005-02-20 15:00:00,8.4,61.0,0.6721,1.1,107.0,False,False
2005-02-20 16:00:00,8.6,57.3,0.6429,1.3,114.0,False,False
2005-02-20 17:00:00,8.4,56.3,0.6227,1.2,115.0,False,False
2005-02-20 18:00:00,8.0,57.7,0.6222,1.3,127.0,False,False
2005-02-20 19:00:00,7.1,62.6,0.6341,1.1,119.0,False,False
2005-02-20 20:00:00,7.4,59.3,0.6123,1.5,149.0,False,False
2005-02-20 21:00:00,7.7,56.9,0.5994,1.4,140.0,False,False
2005-02-20 22:00:00,7.7,54.4,0.5753,1.1,105.0,False,False
2005-02-20 23:00:00,7.7,53.0,0.5572,1.3,116.0,False,False
2005-02-21 00:00:00,6.7,62.8,0.6188,1.4,112.0,False,False
2005-02-21 01:00:00,6.6,61.9,0.6056,1.1,80.0,False,False
2005-02-21 02:00:00,5.7,70.3,0.6498,0.8,59.0,False,False
2005-02-21 03:00:00,4.5,79.2,0.6751,0.6,,False,False
2005-02-21 04:00:00,4.0,81.5,0.6712,,36.0,False,False
2005-02-21 05:00:00,3.9,81.5,0.6653,0.5,49.0,False,False
2005-02-21 06:00:00,3.3,84.3,0.6617,0.6,63.0,False,False
2005-02-21 07:00:00,4.2,80.9,0.6742,1.2,123.0,False,False
2005-02-21 08:00:00,5.1,75.0,0.6646,2.2,164.0,False,False
2005-02-21 09:00:00,4.6,77.6,0.6651,2.9,218.0,False,False
2005-02-21 10:00:00,3.8,84.3,0.6811,2.9,254.0,False,True
2005-02-21 11:00:00,6.2,77.4,0.7383,2.0,210.0,False,False
2005-02-21 12:00:00,7.7,67.6,0.7133,1.7,208.0,False,False
2005-02-21 13:00:00,8.1,64.8,0.7039,2.2,204.0,False,False
2005-02-21 14:00:00,8.1,64.0,0.6942,1.8,172.0,False,False
2005-02-21 15:00:00,6.9,71.3,0.7118,1.6,157.0,False,False
2005-02-21 16:00:00,7.0,73.7,0.7425,1.9,181.0,False,False
2005-02-21 17:00:00,7.3,70.0,0.7195,2.2,194.0,False,False
2005-02-21 18:00:00,5.8,77.8,0.7223,2.2,193.0,False,False
2005-02-21 19:00:00,5.4,80.9,0.7293,4.9,252.0,False,True
2005-02-21 20:00:00,5.5,79.8,0.7261,6.3,283.0,False,True
2005-02-21 21:00:00,5.6,74.0,0.6808,2.7,208.0,False,False
2005-02-21 22:00:00,5.6,71.9,0.6604,1.4,143.0,False,False
2005-02-21 23:00:00,6.4,70.7,0.6848,1.2,124.0,False,False
2005-02-22 00:00:00,6.3,70.1,0.6733,0.8,89.0,False,False
2005-02-22 01:00:00,4.4,80.5,0.6825,0.8,85.0,False,False
2005-02-22 02:00:00,3.9,83.1,0.6787,0.7,66.0,False,False
2005-02-22 03:00:00,2.5,86.6,0.6407,0.4,,False,False
2005-02-22 04:00:00,3.4,85.4,0.6736,0.4,46.0,False,False
2005-02-22 05:00:00,3.3,84.5,0.6608,0.5,60.0,False,False
2005-02-22 06:00:00,3.4,84.5,0.664,0.9,117.0,False,False
2005-02-22 07:00:00,3.4,84.5,0.6677,1.5,178.0,False,False
2005-02-22 08:00:00,4.1,82.7,0.682,3.8,295.0,False,True
2005-02-22 09:00:00,4.6,80.3,0.6889,5.4,243.0,False,True
2005-02-22 10:00:00,6.1,74.0,0.7025,3.5,255.0,False,False
2005-02-22 11:00:00,9.1,58.4,0.6787,1.7,201.0,False,False
2005-02-22 12:00:00,11.4,48.9,0.658,2.0,208.0,False,False
2005-02-22 13:00:00,8.3,64.4,0.7072,2.1,212.0,False,False
2005-02-22 14:00:00,6.5,71.0,0.6903,3.0,238.0,False,False
2005-02-22 15:00:00,6.6,71.1,0.6973,2.1,201.0,False,False
2005-02-22 16:00:00,7.4,69.3,0.7165,2.5,218.0,False,False
2005-02-22 17:00:00,6.4,70.6,0.6834,2.2,222.0,False,False
2005-02-22 18:00:00,5.8,72.5,0.6718,2.4,206.0,False,False
2005-02-22 19:00:00,5.6,71.6,0.6556,3.6,251.0,False,False
2005-02-22 20:00:00,4.2,77.8,0.6491,2.6,190.0,False,False
2005-02-22 21:00:00,4.3,79.5,0.6648,2.7,218.0,False,False
2005-02-22 22:00:00,4.5,75.5,0.6429,1.4,150.0,False,False
2005-02-22 23:00:00,4.4,77.1,0.6523,0.9,111.0,False,False
2005-02-23 00:00:00,4.2,78.2,0.6506,1.5,142.0,False,False
2005-02-23 01:00:00,4.0,79.3,0.6517,1.1,119.0,False,False
2005-02-23 02:00:00,3.9,78.7,0.643,0.8,87.0,False,False
2005-02-23 03:00:00,3.5,80.6,0.6403,0.6,,False,False
2005-02-23 04:00:00,3.2,82.8,0.6426,0.6,70.0,False,False
2005-02-23 05:00:00,4.1,76.0,0.6304,0.6,68.0,False,False
2005-02-23 06:00:00,4.2,75.9,0.6311,0.6,66.0,False,False
2005-02-23 07:00:00,4.5,76.3,0.648,0.7,117.0,False,False
2005-02-23 08:00:00,4.4,79.1,0.6687,1.7,197.0,False,False
2005-02-23 09:00:00,4.3,79.8,0.6706,1.9,198.0,False,False
2005-02-23 10:00:00,3.1,83.0,0.6419,1.4,167.0,False,False
2005-02-23 11:00:00,2.8,83.9,0.6326,1.3,180.0,False,False
2005-02-23 12:00:00,3.9,79.5,0.6482,1.2,169.0,False,False
2005-02-23 13:00:00,5.1,74.5,0.6621,1.9,210.0,False,False
2005-02-23 14:00:00,5.7,72.5,0.6686,2.5,232.0,False,False
2005-02-23 15:00:00,5.6,74.6,0.6826,2.3,223.0,False,False
2005-02-23 16:00:00,5.4,75.9,0.6875,2.3,224.0,False,False
2005-02-23 17:00:00,4.9,78.2,0.6826,2.5,238.0,False,False
2005-02-23 18:00:00,4.8,79.0,0.6845,2.8,249.0,False,False
2005-02-23 19:00:00,4.8,78.6,0.6826,2.7,223.0,False,False
2005-02-23 20:00:00,4.6,78.2,0.6686,3.1,244.0,False,False
2005-02-23 21:00:00,4.2,79.7,0.6647,2.9,243.0,False,False
2005-02-23 22:00:00,4.3,78.9,0.6621,2.6,226.0,False,False
2005-02-23 23:00:00,4.2,77.9,0.6479,1.5,167.0,False,False
2005-02-24 00:00:00,3.2,83.0,0.645,1.6,172.0,False,False
2005-02-24 01:00:00,5.1,74.5,0.6626,1.1,120.0,False,False
2005-02-24 02:00:00,4.0,80.8,0.6666,0.9,100.0,False,False
2005-02-24 03:00:00,4.3,81.0,0.677,0.7,,False,False
2005-02-24 04:00:00,2.9,85.3,0.6503,,86.0,False,False
2005-02-24 05:00:00,3.3,84.5,0.6612,0.6,81.0,False,False
2005-02-24 06:00:00,3.6,84.4,0.6724,0.8,131.0,False,False
2005-02-24 07:00:00,3.8,83.8,0.6771,1.5,170.0,False,False
2005-02-24 08:00:00,4.1,82.5,0.6819,3.1,267.0,False,True
2005-02-24 09:00:00,3.9,83.9,0.6847,3.8,269.0,False,True
2005-02-24 10:00:00,4.1,83.9,0.6967,2.7,244.0,False,False
2005-02-24 11:00:00,4.6,82.0,0.6997,1.8,232.0,False,False
2005-02-24 12:00:00,5.5,79.5,0.7238,1.4,196.0,False,False
2005-02-24 13:00:00,6.7,76.2,0.7519,1.7,195.0,False,False
2005-02-24 14:00:00,7.9,69.0,0.7394,1.9,189.0,False,False
2005-02-24 15:00:00,8.5,66.3,0.7387,2.2,212.0,False,False
2005-02-24 16:00:00,7.6,70.8,0.7399,3.0,267.0,False,False
2005-02-24 17:00:00,7.2,72.4,0.7372,3.0,262.0,False,False
2005-02-24 18:00:00,6.7,74.2,0.7326,3.9,270.0,False,False
2005-02-24 19:00:00,6.1,75.8,0.7184,4.0,260.0,False,False
2005-02-24 20:00:00,6.3,74.9,0.7187,3.9,265.0,False,False
2005-02-24 21:00:00,6.0,78.0,0.7345,3.5,262.0,False,False
2005-02-24 22:00:00,5.6,81.2,0.7443,2.4,227.0,False,False
2005-02-24 23:00:00,5.5,81.5,0.7393,2.1,192.0,False,False
2005-02-25 00:00:00,5.3,84.1,0.753,2.5,202.0,False,False
2005-02-25 01:00:00,5.2,83.9,0.7487,2.1,189.0,False,False
2005-02-25 02:00:00,5.1,83.5,0.7416,1.5,157.0,False,False
2005-02-25 03:00:00,5.0,82.9,0.73,1.1,,False,False
2005-02-25 04:00:00,5.0,82.5,0.7265,1.0,97.0,False,False
2005-02-25 05:00:00,5.0,82.8,0.7273,0.8,100.0,False,False
2005-02-25 06:00:00,5.2,80.7,0.7219,1.0,146.0,False,False
2005-02-25 07:00:00,5.3,80.2,0.7179,1.4,175.0,False,False
2005-02-25 08:00:00,5.7,79.7,0.734,3.6,,False,False
2005-02-25 09:00:00,6.2,76.8,0.7355,5.8,,False,False
2005-02-25 10:00:00,8.3,67.4,0.7384,4.2,190.0,False,False
2005-02-25 11:00:00,10.8,52.1,0.6746,3.3,166.0,False,False
2005-02-25 12:00:00,13.0,40.3,0.6028,1.7,153.0,False,False
2005-02-25 13:00:00,10.9,44.8,0.5849,2.1,167.0,False,False
2005-02-25 14:00:00,11.5,42.1,0.5706,2.2,137.0,False,False
2005-02-25 15:00:00,12.5,38.5,0.5568,1.8,140.0,False,False
2005-02-25 16:00:00,12.6,38.5,0.5586,2.0,150.0,False,False
2005-02-25 17:00:00,12.3,38.4,0.5488,2.3,152.0,False,False
2005-02-25 18:00:00,10.2,43.1,0.5366,2.8,177.0,False,False
2005-02-25 19:00:00,8.6,48.2,0.5385,3.4,189.0,False,False
2005-02-25 20:00:00,7.8,50.8,0.5384,4.0,195.0,False,False
2005-02-25 21:00:00,7.3,52.8,0.5404,2.3,179.0,False,False
2005-02-25 22:00:00,6.2,62.4,0.5958,2.7,188.0,False,False
2005-02-25 23:00:00,5.1,68.2,0.6033,2.7,170.0,False,False
2005-02-26 00:00:00,4.7,69.0,0.5936,2.8,161.0,False,False
2005-02-26 01:00:00,4.0,69.8,0.5756,2.1,145.0,False,False
2005-02-26 02:00:00,3.4,71.3,0.5626,1.9,136.0,False,False
2005-02-26 03:00:00,2.8,74.0,0.5591,2.1,,False,False
2005-02-26 04:00:00,2.3,75.1,0.5514,1.7,122.0,False,False
2005-02-26 05:00:00,3.8,66.2,0.5359,1.3,115.0,False,False
2005-02-26 06:00:00,4.6,60.5,0.5173,0.9,103.0,False,False
2005-02-26 07:00:00,5.7,54.3,0.5022,1.0,108.0,False,False
2005-02-26 08:00:00,6.2,51.3,0.488,1.0,124.0,False,False
2005-02-26 09:00:00,6.7,49.5,0.4892,1.5,133.0,False,False
2005-02-26 10:00:00,8.8,45.0,0.5114,1.5,124.0,False,False
2005-02-26 11:00:00,9.6,43.5,0.5202,1.4,116.0,False,False
2005-02-26 12:00:00,9.8,43.3,0.5238,2.4,113.0,False,False
2005-02-26 13:00:00,9.9,43.5,0.53,2.8,117.0,False,False
2005-02-26 14:00:00,9.8,44.1,0.5332,2.9,118.0,False,False
2005-02-26 15:00:00,9.7,45.1,0.5417,2.6,108.0,False,False
2005-02-26 16:00:00,9.0,47.3,0.542,2.5,98.0,False,False
2005-02-26 17:00:00,7.4,56.0,0.5797,2.7,117.0,False,False
2005-02-26 18:00:00,6.4,61.7,0.5956,2.8,126.0,False,False
2005-02-26 19:00:00,6.8,58.0,0.5758,3.0,142.0,False,False
2005-02-26 20:00:00,7.3,56.7,0.5806,3.7,157.0,False,False
2005-02-26 21:00:00,7.2,56.7,0.579,3.5,161.0,False,False
2005-02-26 22:00:00,6.7,59.1,0.5848,3.8,169.0,False,False
2005-02-26 23:00:00,5.9,62.1,0.5808,4.3,166.0,False,False
2005-02-27 00:00:00,6.3,60.4,0.5811,4.8,189.0,False,False
2005-02-27 01:00:00,5.5,60.2,0.5458,4.2,184.0,False,False
2005-02-27 02:00:00,4.6,64.4,0.5525,3.3,145.0,False,False
2005-02-27 03:00:00,3.5,68.8,0.5458,3.0,,False,False
2005-02-27 04:00:00,2.8,70.9,0.5383,,119.0,False,False
2005-02-27 05:00:00,3.7,65.9,0.5295,1.0,87.0,False,False
2005-02-27 06:00:00,1.6,74.3,0.5168,0.9,77.0,False,False
2005-02-27 07:00:00,1.4,76.3,0.5261,1.1,112.0,False,False
2005-02-27 08:00:00,2.5,69.5,0.5172,1.1,118.0,False,False
2005-02-27 09:00:00,3.7,64.8,0.5208,1.2,124.0,False,False
2005-02-27 10:00:00,7.8,49.9,0.5307,1.7,144.0,False,False
2005-02-27 11:00:00,11.2,37.1,0.4936,1.6,128.0,False,False
2005-02-27 12:00:00,12.6,30.6,0.446,1.4,120.0,False,False
2005-02-27 13:00:00,10.3,32.9,0.4131,1.8,131.0,False,False
2005-02-27 14:00:00,10.0,35.5,0.4346,1.1,115.0,False,False
2005-02-27 15:00:00,8.8,40.0,0.4538,0.9,82.0,False,False
2005-02-27 16:00:00,8.3,40.3,0.4431,1.1,100.0,False,False
2005-02-27 17:00:00,7.9,38.9,0.4141,1.1,111.0,False,False
2005-02-27 18:00:00,6.8,41.0,0.4072,1.2,132.0,False,False
2005-02-27 19:00:00,6.0,42.0,0.3962,1.6,155.0,False,False
2005-02-27 20:00:00,5.5,43.5,0.3963,2.6,181.0,False,False
2005-02-27 21:00:00,4.6,46.8,0.4001,1.5,155.0,False,False
2005-02-27 22:00:00,4.5,48.0,0.4085,1.0,105.0,False,False
2005-02-27 23:00:00,4.3,48.6,0.4069,1.3,119.0,False,False
2005-02-28 00:00:00,4.0,50.0,0.4115,1.6,150.0,False,False
2005-02-28 01:00:00,4.0,52.9,0.4338,1.0,94.0,False,False
2005-02-28 02:00:00,4.0,51.0,0.42,0.6,56.0,False,False
2005-02-28 03:00:00,3.9,48.1,0.393,0.4,,False,False
2005-02-28 04:00:00,3.8,48.0,0.3879,0.3,28.0,False,False
2005-02-28 05:00:00,3.6,50.3,0.4022,0.3,25.0,False,False
2005-02-28 06:00:00,2.8,52.6,0.3972,0.3,31.0,False,False
2005-02-28 07:00:00,2.5,52.7,0.3908,0.4,66.0,False,False
2005-02-28 08:00:00,2.7,50.5,0.3804,1.0,111.0,False,False
2005-02-28 09:00:00,2.7,49.4,0.3714,1.2,122.0,False,False
2005-02-28 10:00:00,3.3,45.2,0.354,1.0,115.0,False,False
2005-02-28 11:00:00,3.1,43.3,0.3354,0.9,123.0,False,False
2005-02-28 12:00:00,3.7,38.8,0.3123,0.8,119.0,False,False
2005-02-28 13:00:00,4.0,36.8,0.3016,1.1,125.0,False,False
2005-02-28 14:00:00,3.7,35.0,0.2823,1.0,110.0,False,False
2005-02-28 15:00:00,3.4,32.4,0.2563,0.8,111.0,False,False
2005-02-28 16:00:00,3.3,33.1,0.2592,0.9,114.0,False,False
2005-02-28 17:00:00,2.6,35.1,0.2618,0.9,114.0,False,False
2005-02-28 18:00:00,2.1,36.6,0.2634,2.0,140.0,False,False
2005-02-28 19:00:00,1.6,37.9,0.2645,2.4,141.0,False,False
2005-02-28 20:00:00,1.4,38.0,0.2615,2.5,142.0,False,False
2005-02-28 21:00:00,1.0,36.6,0.2456,1.6,123.0,False,False
2005-02-28 22:00:00,1.1,35.4,0.2382,0.9,90.0,False,False
2005-02-28 23:00:00,1.0,34.3,0.2292,0.7,79.0,False,False
2005-03-01 00:00:00,1.0,37.4,0.2487,0.6,69.0,False,False
2005-03-01 01:00:00,0.7,41.2,0.2693,0.6,60.0,False,False
2005-03-01 02:00:00,0.2,40.6,0.2566,0.4,37.0,False,False
2005-03-01 03:00:00,0.1,40.0,0.2499,0.2,,False,False
2005-03-01 04:00:00,-0.1,37.5,0.2326,0.2,27.0,False,True
2005-03-01 05:00:00,-0.3,38.4,0.2347,0.2,30.0,False,True
2005-03-01 06:00:00,-0.6,40.1,0.2404,0.2,33.0,False,True
2005-03-01 07:00:00,-0.6,41.4,0.2478,0.5,84.0,False,False
2005-03-01 08:00:00,-0.2,40.2,0.2478,1.5,147.0,False,False
2005-03-01 09:00:00,0.6,36.8,0.2388,1.9,143.0,False,False
2005-03-01 10:00:00,2.8,30.3,0.2294,1.4,122.0,False,False
2005-03-01 11:00:00,3.1,29.1,0.224,0.9,109.0,False,False
2005-03-01 12:00:00,3.3,29.2,0.2288,0.7,95.0,False,False
2005-03-01 13:00:00,3.1,31.0,0.2386,0.8,94.0,False,False
2005-03-01 14:00:00,3.2,30.8,0.2399,1.0,102.0,False,False
2005-03-01 15:00:00,3.3,31.5,0.2464,0.9,107.0,False,False
2005-03-01 16:00:00,4.1,28.6,0.2363,1.0,113.0,False,False
2005-03-01 17:00:00,3.9,29.2,0.2378,0.9,110.0,False,False
2005-03-01 18:00:00,1.9,35.0,0.2494,1.4,116.0,False,False
2005-03-01 19:00:00,1.8,35.4,0.2497,2.1,148.0,False,False
2005-03-01 20:00:00,1.4,36.5,0.2503,2.8,156.0,False,False
2005-03-01 21:00:00,0.8,36.3,0.2388,2.2,159.0,False,False
2005-03-01 22:00:00,0.6,34.1,0.221,1.0,116.0,False,False
2005-03-01 23:00:00,0.3,31.9,0.2031,1.1,110.0,False,False
2005-03-02 00:00:00,0.2,30.2,0.191,0.9,102.0,False,False
2005-03-02 01:00:00,0.0,29.7,0.1847,0.8,93.0,False,False
2005-03-02 02:00:00,-0.1,31.9,0.1975,0.6,67.0,False,False
2005-03-02 03:00:00,-1.1,41.4,0.2379,0.5,,False,False
2005-03-02 04:00:00,-1.4,44.9,0.2536,,75.0,False,False
2005-03-02 05:00:00,-1.3,46.3,0.2635,0.4,73.0,False,False
2005-03-02 06:00:00,-1.2,47.2,0.27,0.5,96.0,False,False
2005-03-02 07:00:00,-1.3,47.5,0.2702,0.7,110.0,False,False
2005-03-02 08:00:00,-1.9,51.4,0.2801,2.4,150.0,False,False
2005-03-02 09:00:00,-0.5,45.9,0.2763,2.8,169.0,False,False
2005-03-02 10:00:00,4.6,32.5,0.2783,2.0,181.0,False,False
2005-03-02 11:00:00,7.5,24.3,0.2528,2.2,187.0,False,False
2005-03-02 12:00:00,9.6,18.8,0.2246,1.4,146.0,False,False
2005-03-02 13:00:00,9.3,18.4,0.2157,1.2,131.0,False,False
2005-03-02 14:00:00,9.7,18.6,0.2244,1.9,161.0,False,False
2005-03-02 15:00:00,10.1,16.7,0.2062,1.3,143.0,False,False
2005-03-02 16:00:00,11.8,13.5,0.1862,2.0,176.0,False,False
2005-03-02 17:00:00,11.6,15.3,0.2086,2.0,178.0,False,False
2005-03-02 18:00:00,9.1,19.2,0.2225,3.4,207.0,False,False
2005-03-02 19:00:00,7.2,25.6,0.2611,5.1,240.0,False,True
2005-03-02 20:00:00,6.1,34.0,0.3237,5.3,236.0,False,True
2005-03-02 21:00:00,5.1,36.4,0.323,2.8,199.0,False,False
2005-03-02 22:00:00,4.8,39.6,0.344,1.6,170.0,False,False
2005-03-02 23:00:00,5.0,39.6,0.3479,1.4,153.0,False,False
2005-03-03 00:00:00,4.1,41.7,0.3456,1.4,140.0,False,False
2005-03-03 01:00:00,4.4,43.3,0.3656,1.4,138.0,False,False
2005-03-03 02:00:00,3.8,45.9,0.3728,1.1,117.0,False,False
2005-03-03 03:00:00,3.6,49.7,0.396,0.9,,False,False
2005-03-03 04:00:00,3.4,56.3,0.4455,1.0,119.0,False,False
2005-03-03 05:00:00,2.9,67.9,0.5183,1.0,108.0,False,False
2005-03-03 06:00:00,2.8,74.1,0.5618,1.2,121.0,False,False
2005-03-03 07:00:00,2.9,75.6,0.5742,1.4,136.0,False,False
2005-03-03 08:00:00,3.8,72.4,0.5867,3.0,175.0,False,False
2005-03-03 09:00:00,5.9,50.2,0.4706,4.2,211.0,False,False
2005-03-03 10:00:00,7.3,39.4,0.4035,2.1,186.0,False,False
2005-03-03 11:00:00,3.6,75.9,0.6055,2.0,177.0,False,False
2005-03-03 12:00:00,3.6,78.6,0.6283,1.6,147.0,False,False
2005-03-03 13:00:00,5.3,69.2,0.6213,1.4,150.0,False,False
2005-03-03 14:00:00,6.1,66.0,0.6255,1.6,148.0,False,False
2005-03-03 15:00:00,6.0,70.1,0.6577,1.5,151.0,False,False
2005-03-03 16:00:00,6.3,72.1,0.6907,1.7,151.0,False,False
2005-03-03 17:00:00,6.3,75.7,0.7252,1.9,165.0,False,False
2005-03-03 18:00:00,5.6,80.4,0.7382,3.8,197.0,False,False
2005-03-03 19:00:00,4.9,82.4,0.7201,5.4,228.0,False,True
2005-03-03 20:00:00,4.3,84.0,0.7051,4.2,196.0,False,False
2005-03-03 21:00:00,4.3,83.6,0.7025,3.8,192.0,False,False
2005-03-03 22:00:00,4.6,82.5,0.7066,2.3,161.0,False,False
2005-03-03 23:00:00,4.4,82.0,0.6938,2.1,156.0,False,False
2005-03-04 00:00:00,4.3,80.9,0.6791,2.3,158.0,False,False
2005-03-04 01:00:00,4.1,81.2,0.6721,2.3,154.0,False,False
2005-03-04 02:00:00,3.9,80.9,0.6613,1.7,138.0,False,False
2005-03-04 03:00:00,4.5,70.6,0.6004,1.2,,False,False
2005-03-04 04:00:00,4.5,65.1,0.5547,0.6,92.0,False,False
2005-03-04 05:00:00,4.0,75.2,0.6161,0.9,103.0,False,False
2005-03-04 06:00:00,3.7,76.4,0.6164,1.1,117.0,False,False
2005-03-04 07:00:00,3.1,77.3,0.5985,1.9,139.0,False,False
2005-03-04 08:00:00,3.7,74.4,0.5992,3.7,167.0,False,False
2005-03-04 09:00:00,5.0,69.4,0.6118,6.1,205.0,False,False
2005-03-04 10:00:00,6.5,60.9,0.5919,4.6,216.0,False,False
2005-03-04 11:00:00,7.6,59.8,0.6245,3.3,192.0,False,False
2005-03-04 12:00:00,8.6,57.6,0.6471,3.3,188.0,False,False
2005-03-04 13:00:00,10.9,52.4,0.6826,3.4,189.0,False,False
2005-03-04 14:00:00,12.3,48.3,0.6871,3.6,192.0,False,False
2005-03-04 15:00:00,12.5,43.4,0.6298,3.9,194.0,False,False
2005-03-04 16:00:00,11.9,42.3,0.5902,4.8,217.0,False,False
2005-03-04 17:00:00,12.3,41.2,0.5867,3.9,178.0,False,False
2005-03-04 18:00:00,10.8,48.1,0.6235,3.6,183.0,False,False
2005-03-04 19:00:00,8.9,52.5,0.5996,3.6,189.0,False,False
2005-03-04 20:00:00,8.4,54.7,0.6057,4.6,225.0,False,False
2005-03-04 21:00:00,7.5,58.7,0.6112,2.3,175.0,False,False
2005-03-04 22:00:00,6.9,60.0,0.5977,1.6,153.0,False,False
2005-03-04 23:00:00,6.6,61.3,0.5995,1.8,156.0,False,False
2005-03-05 00:00:00,6.3,59.8,0.5761,2.2,172.0,False,False
2005-03-05 01:00:00,5.4,65.8,0.5935,2.1,164.0,False,False
2005-03-05 02:00:00,5.8,59.6,0.5523,1.7,157.0,False,False
2005-03-05 03:00:00,4.9,62.6,0.5477,1.5,,False,False
2005-03-05 04:00:00,4.4,63.9,0.5385,,136.0,False,False
2005-03-05 05:00:00,4.2,62.5,0.5191,1.1,110.0,False,False
2005-03-05 06:00:00,3.1,68.6,0.5302,1.1,128.0,False,False
2005-03-05 07:00:00,4.6,54.6,0.4682,0.8,132.0,False,False
2005-03-05 08:00:00,5.0,54.5,0.4788,1.3,156.0,False,False
2005-03-05 09:00:00,7.0,48.1,0.4847,2.3,185.0,False,False
2005-03-05 10:00:00,10.0,37.7,0.4643,1.1,121.0,False,False
2005-03-05 11:00:00,13.0,30.3,0.452,1.1,117.0,False,False
2005-03-05 12:00:00,14.0,28.1,0.4476,1.5,133.0,False,False
2005-03-05 13:00:00,13.3,28.9,0.4399,1.6,136.0,False,False
2005-03-05 14:00:00,13.4,29.0,0.4436,2.2,162.0,False,False
2005-03-05 15:00:00,13.5,28.3,0.4374,1.5,132.0,False,False
2005-03-05 16:00:00,13.0,29.7,0.442,1.8,162.0,False,False
2005-03-05 17:00:00,11.6,38.7,0.5271,2.0,159.0,False,False
2005-03-05 18:00:00,8.6,56.3,0.6312,1.9,156.0,False,False
2005-03-05 19:00:00,8.5,57.9,0.6435,2.5,177.0,False,False
2005-03-05 20:00:00,7.8,63.4,0.6735,2.6,185.0,False,False
2005-03-05 21:00:00,7.2,69.5,0.7084,3.2,199.0,False,False
2005-03-05 22:00:00,6.5,74.7,0.7248,2.2,166.0,False,False
2005-03-05 23:00:00,6.5,73.9,0.7224,1.9,152.0,False,False
2005-03-06 00:00:00,6.8,72.1,0.7143,2.4,170.0,False,False
2005-03-06 01:00:00,7.0,60.0,0.6055,1.8,160.0,False,False
2005-03-06 02:00:00,7.2,47.8,0.487,0.9,100.0,False,False
2005-03-06 03:00:00,7.2,47.3,0.483,0.8,,False,False
2005-03-06 04:00:00,6.8,52.9,0.5245,0.7,57.0,False,False
2005-03-06 05:00:00,5.8,65.0,0.6029,0.6,48.0,False,False
2005-03-06 06:00:00,5.8,59.4,0.5502,0.5,32.0,False,False
2005-03-06 07:00:00,5.5,58.3,0.529,0.6,72.0,False,False
2005-03-06 08:00:00,5.9,54.8,0.5119,0.6,86.0,False,False
2005-03-06 09:00:00,7.3,48.7,0.5007,0.7,79.0,False,False
2005-03-06 10:00:00,9.4,39.9,0.4707,0.7,87.0,False,False
2005-03-06 11:00:00,11.2,33.8,0.449,0.9,85.0,False,False
2005-03-06 12:00:00,12.3,29.9,0.4255,1.0,97.0,False,False
2005-03-06 13:00:00,14.8,23.7,0.3945,1.0,96.0,False,False
2005-03-06 14:00:00,13.1,26.6,0.399,1.4,113.0,False,False
2005-03-06 15:00:00,13.3,25.7,0.3914,3.0,163.0,False,False
2005-03-06 16:00:00,12.0,27.7,0.3885,1.5,146.0,False,False
2005-03-06 17:00:00,11.5,30.1,0.4067,1.7,167.0,False,False
2005-03-06 18:00:00,10.1,33.2,0.4115,2.3,162.0,False,False
2005-03-06 19:00:00,8.6,38.1,0.4282,2.5,194.0,False,False
2005-03-06 20:00:00,8.0,41.2,0.4433,2.1,185.0,False,False
2005-03-06 21:00:00,7.5,43.8,0.4551,1.5,158.0,False,False
2005-03-06 22:00:00,6.8,46.9,0.465,1.4,156.0,False,False
2005-03-06 23:00:00,6.1,46.3,0.4394,1.4,157.0,False,False
2005-03-07 00:00:00,5.6,45.5,0.4187,1.4,141.0,False,False
2005-03-07 01:00:00,5.4,48.8,0.4393,1.2,116.0,False,False
2005-03-07 02:00:00,5.1,51.2,0.4534,0.9,84.0,False,False
2005-03-07 03:00:00,5.3,51.0,0.4563,0.6,,False,False
2005-03-07 04:00:00,5.2,57.2,0.5094,0.4,34.0,False,False
2005-03-07 05:00:00,4.5,63.1,0.5381,0.4,45.0,False,False
2005-03-07 06:00:00,5.2,54.5,0.486,0.5,59.0,False,False
2005-03-07 07:00:00,5.6,51.3,0.4712,0.7,99.0,False,False
2005-03-07 08:00:00,5.9,45.4,0.4244,1.5,165.0,False,False
2005-03-07 09:00:00,6.9,41.3,0.4145,1.9,168.0,False,False
2005-03-07 10:00:00,8.6,34.2,0.3834,1.6,169.0,False,False
2005-03-07 11:00:00,9.6,27.7,0.3308,1.4,162.0,False,False
2005-03-07 12:00:00,10.6,25.3,0.3224,1.3,155.0,False,False
2005-03-07 13:00:00,10.2,25.6,0.3181,1.3,136.0,False,False
2005-03-07 14:00:00,10.0,25.2,0.3079,1.2,124.0,False,False
2005-03-07 15:00:00,9.7,25.7,0.3088,1.3,158.0,False,False
2005-03-07 16:00:00,9.7,26.8,0.3226,1.4,167.0,False,False
2005-03-07 17:00:00,9.4,27.3,0.3216,1.7,176.0,False,False
2005-03-07 18:00:00,7.9,28.0,0.2999,2.5,204.0,False,False
2005-03-07 19:00:00,6.9,30.7,0.3066,3.8,209.0,False,False
2005-03-07 20:00:00,6.1,33.3,0.3152,4.2,224.0,False,False
2005-03-07 21:00:00,5.0,37.4,0.329,2.8,211.0,False,False
2005-03-07 22:00:00,4.2,40.9,0.3417,1.5,174.0,False,False
2005-03-07 23:00:00,3.9,43.5,0.3538,1.8,181.0,False,False
2005-03-08 00:00:00,3.0,47.7,0.3658,1.5,157.0,False,False
2005-03-08 01:00:00,2.5,52.1,0.3855,1.5,154.0,False,False
2005-03-08 02:00:00,2.0,53.5,0.3831,1.2,147.0,False,False
2005-03-08 03:00:00,1.0,56.7,0.3803,0.8,,False,False
2005-03-08 04:00:00,0.5,59.4,0.3841,,101.0,False,False
2005-03-08 05:00:00,1.4,56.8,0.3903,0.7,114.0,False,False
2005-03-08 06:00:00,0.9,58.4,0.388,0.7,134.0,False,False
2005-03-08 07:00:00,0.3,61.0,0.3881,1.3,144.0,False,False
2005-03-08 08:00:00,0.9,59.1,0.3913,3.4,182.0,False,False
2005-03-08 09:00:00,4.1,47.9,0.3959,5.5,223.0,False,False
2005-03-08 10:00:00,7.7,34.6,0.3652,4.1,219.0,False,False
2005-03-08 11:00:00,10.9,25.7,0.3341,3.0,215.0,False,False
2005-03-08 12:00:00,13.7,17.4,0.2715,1.9,191.0,False,False
2005-03-08 13:00:00,14.0,16.8,0.2672,1.8,162.0,False,False
2005-03-08 14:00:00,14.1,17.0,0.2729,2.1,165.0,False,False
2005-03-08 15:00:00,15.0,15.8,0.2678,2.3,171.0,False,False
2005-03-08 16:00:00,16.5,14.9,0.2775,2.3,164.0,False,False
2005-03-08 17:00:00,15.8,16.7,0.2972,2.0,168.0,False,False
2005-03-08 18:00:00,13.2,23.9,0.3597,3.1,204.0,False,False
2005-03-08 19:00:00,11.0,33.8,0.4436,5.1,242.0,False,False
2005-03-08 20:00:00,9.5,39.0,0.4644,5.9,246.0,False,False
2005-03-08 21:00:00,8.5,42.4,0.4716,3.2,215.0,False,False
2005-03-08 22:00:00,7.5,44.0,0.4564,2.4,206.0,False,False
2005-03-08 23:00:00,6.6,46.0,0.4505,1.4,167.0,False,False
2005-03-09 00:00:00,5.5,49.6,0.4526,1.4,145.0,False,False
2005-03-09 01:00:00,4.9,52.2,0.4567,1.3,133.0,False,False
2005-03-09 02:00:00,4.6,53.5,0.4584,1.0,117.0,False,False
2005-03-09 03:00:00,4.7,53.1,0.4589,0.8,,False,False
2005-03-09 04:00:00,3.8,56.8,0.4614,0.8,90.0,False,False
2005-03-09 05:00:00,2.3,63.5,0.463,0.9,112.0,False,False
2005-03-09 06:00:00,2.0,64.9,0.4657,0.9,120.0,False,False
2005-03-09 07:00:00,2.0,65.3,0.4688,1.7,141.0,False,False
2005-03-09 08:00:00,3.3,61.6,0.4829,4.3,190.0,False,False
2005-03-09 09:00:00,5.7,52.5,0.4851,6.0,215.0,False,False
2005-03-09 10:00:00,8.3,43.5,0.4774,3.8,215.0,False,False
2005-03-09 11:00:00,10.5,38.9,0.4926,3.3,235.0,False,False
2005-03-09 12:00:00,14.5,33.4,0.5488,2.3,194.0,False,False
2005-03-09 13:00:00,15.7,34.6,0.6147,2.4,159.0,False,False
2005-03-09 14:00:00,16.1,36.3,0.6593,2.2,123.0,False,False
2005-03-09 15:00:00,17.3,34.5,0.6728,1.9,121.0,False,False
2005-03-09 16:00:00,17.6,34.1,0.6781,1.7,102.0,False,False
2005-03-09 17:00:00,18.0,33.1,0.6779,1.9,114.0,False,False
2005-03-09 18:00:00,14.6,41.0,0.6792,3.8,168.0,False,False
2005-03-09 19:00:00,12.8,46.2,0.6794,5.3,207.0,False,False
2005-03-09 20:00:00,11.5,53.9,0.7312,5.9,199.0,False,False
2005-03-09 21:00:00,10.6,58.8,0.7512,5.5,192.0,False,False
2005-03-09 22:00:00,9.7,60.0,0.7238,2.0,148.0,False,False
2005-03-09 23:00:00,8.3,64.2,0.7071,1.8,137.0,False,False
2005-03-10 00:00:00,7.8,65.5,0.6961,1.6,123.0,False,False
2005-03-10 01:00:00,7.5,65.9,0.6868,1.3,109.0,False,False
2005-03-10 02:00:00,6.1,72.1,0.6847,1.1,98.0,False,False
2005-03-10 03:00:00,4.6,78.2,0.6684,1.1,,False,False
2005-03-10 04:00:00,4.0,80.9,0.667,1.0,94.0,False,False
2005-03-10 05:00:00,4.2,79.1,0.6611,0.8,95.0,False,False
2005-03-10 06:00:00,5.3,73.2,0.6577,0.9,101.0,False,False
2005-03-10 07:00:00,4.3,76.1,0.6395,1.3,100.0,False,False
2005-03-10 08:00:00,4.8,74.6,0.647,4.1,150.0,False,False
2005-03-10 09:00:00,7.5,64.5,0.6702,3.9,168.0,False,False
2005-03-10 10:00:00,11.7,49.3,0.6772,3.5,199.0,False,False
2005-03-10 11:00:00,14.7,41.2,0.6857,2.7,168.0,False,False
2005-03-10 12:00:00,17.4,33.2,0.6535,2.3,161.0,False,False
2005-03-10 13:00:00,18.8,26.2,0.5637,2.3,,False,False
2005-03-10 14:00:00,19.1,18.1,0.3955,2.1,145.0,False,False
2005-03-10 15:00:00,19.5,15.3,0.3431,2.2,148.0,False,False
2005-03-10 16:00:00,20.2,14.4,0.337,1.8,131.0,False,False
2005-03-10 17:00:00,19.8,16.0,0.3632,1.9,137.0,False,False
2005-03-10 18:00:00,16.5,21.6,0.4012,2.7,163.0,False,False
2005-03-10 19:00:00,14.5,18.3,0.2996,4.7,219.0,False,False
2005-03-10 20:00:00,12.8,22.8,0.3364,5.4,245.0,False,True
2005-03-10 21:00:00,11.5,35.9,0.4862,4.2,229.0,False,False
2005-03-10 22:00:00,9.5,34.6,0.411,2.1,184.0,False,False
2005-03-10 23:00:00,8.3,38.2,0.4203,1.4,151.0,False,False
2005-03-11 00:00:00,7.7,41.7,0.4387,1.4,133.0,False,False
2005-03-11 01:00:00,6.8,44.9,0.4472,1.4,135.0,False,False
2005-03-11 02:00:00,5.7,49.4,0.4551,1.0,111.0,False,False
2005-03-11 03:00:00,5.7,50.1,0.4629,0.8,90.0,False,False
2005-03-11 04:00:00,4.4,56.4,0.4761,,91.0,False,False
2005-03-11 05:00:00,4.9,55.2,0.4807,0.7,89.0,False,False
2005-03-11 06:00:00,4.5,56.3,0.48,0.6,89.0,False,False
2005-03-11 07:00:00,3.8,59.7,0.4839,0.2,117.0,False,False
2005-03-11 08:00:00,4.3,58.6,0.4915,1.5,141.0,False,False
2005-03-11 09:00:00,7.1,50.0,0.5067,3.5,189.0,False,False
2005-03-11 10:00:00,11.1,38.4,0.5066,3.0,211.0,False,False
2005-03-11 11:00:00,,,,3.0,235.0,False,False
2005-03-11 12:00:00,17.2,30.6,0.5949,1.0,162.0,False,False
2005-03-11 13:00:00,17.8,33.3,0.6741,1.5,172.0,False,False
2005-03-11 14:00:00,18.8,31.8,0.6853,2.2,182.0,False,False
2005-03-11 15:00:00,19.3,29.9,0.6604,1.7,180.0,False,False
2005-03-11 16:00:00,18.8,31.5,0.6752,1.1,156.0,False,False
2005-03-11 17:00:00,18.2,28.1,0.5817,1.3,168.0,False,False
2005-03-11 18:00:00,16.0,35.3,0.6356,1.5,181.0,False,False
2005-03-11 19:00:00,13.8,43.6,0.6825,3.4,226.0,False,False
2005-03-11 20:00:00,12.9,48.8,0.725,3.8,231.0,False,False
2005-03-11 21:00:00,12.8,49.3,0.7277,2.8,222.0,False,False
2005-03-11 22:00:00,12.2,50.9,0.7202,0.8,165.0,False,False
2005-03-11 23:00:00,10.6,55.9,0.7138,0.5,151.0,False,False
2005-03-12 00:00:00,10.3,55.9,0.7014,1.0,174.0,False,False
2005-03-12 01:00:00,10.2,55.8,0.6927,0.4,145.0,False,False
2005-03-12 02:00:00,10.0,57.3,0.7015,0.4,147.0,False,False
2005-03-12 03:00:00,10.2,57.9,0.7191,0.3,134.0,False,False
2005-03-12 04:00:00,10.3,59.4,0.7459,,85.0,False,False
2005-03-12 05:00:00,9.8,68.9,0.8329,,55.0,False,False
2005-03-12 06:00:00,9.2,75.3,0.8764,,65.0,False,False
2005-03-12 07:00:00,9.4,73.1,0.8621,,84.0,False,False
2005-03-12 08:00:00,10.6,66.1,0.8444,0.1,88.0,False,False
2005-03-12 09:00:00,12.6,58.5,0.8517,0.2,109.0,False,False
2005-03-12 10:00:00,15.0,48.6,0.8253,0.6,130.0,False,False
2005-03-12 11:00:00,14.2,51.5,0.8313,0.7,137.0,False,False
2005-03-12 12:00:00,15.1,48.6,0.8266,0.6,145.0,False,False
2005-03-12 13:00:00,18.0,35.4,0.7233,0.3,128.0,False,False
2005-03-12 14:00:00,17.9,35.3,0.7184,0.5,129.0,False,False
2005-03-12 15:00:00,17.7,35.0,0.7014,0.2,105.0,False,False
2005-03-12 16:00:00,17.6,35.5,0.7065,0.4,114.0,False,False
2005-03-12 17:00:00,17.5,34.1,0.6775,0.7,146.0,False,False
2005-03-12 18:00:00,15.6,40.0,0.7018,0.9,156.0,False,False
2005-03-12 19:00:00,14.0,47.8,0.7582,0.8,152.0,False,False
2005-03-12 20:00:00,13.2,51.4,0.776,2.4,201.0,False,False
2005-03-12 21:00:00,12.0,56.1,0.7832,3.3,221.0,False,False
2005-03-12 22:00:00,11.6,54.7,0.7454,0.9,157.0,False,False
2005-03-12 23:00:00,12.0,53.3,0.7472,0.1,114.0,False,False
2005-03-13 00:00:00,12.5,55.4,0.7999,0.1,107.0,False,False
2005-03-13 01:00:00,12.3,56.0,0.7958,0.1,113.0,False,False
2005-03-13 02:00:00,12.4,53.4,0.7669,0.2,118.0,False,False
2005-03-13 03:00:00,12.7,51.8,0.7574,,69.0,False,False
2005-03-13 04:00:00,13.2,49.7,0.7503,,63.0,False,False
2005-03-13 05:00:00,12.3,55.9,0.7966,,61.0,False,False
2005-03-13 06:00:00,13.3,50.1,0.7624,,42.0,False,False
2005-03-13 07:00:00,12.3,51.8,0.7384,,68.0,False,False
2005-03-13 08:00:00,12.9,50.4,0.7448,,120.0,False,False
2005-03-13 09:00:00,12.9,49.9,0.7406,0.1,112.0,False,False
2005-03-13 10:00:00,13.9,47.3,0.7479,0.3,148.0,False,False
2005-03-13 11:00:00,13.5,51.6,0.7931,1.0,160.0,False,False
2005-03-13 12:00:00,13.2,56.2,0.8499,1.6,164.0,False,False
2005-03-13 13:00:00,14.2,57.8,0.9292,1.4,159.0,False,False
2005-03-13 14:00:00,17.2,46.2,0.8989,0.3,110.0,False,False
2005-03-13 15:00:00,19.9,36.6,0.8406,0.1,82.0,False,False
2005-03-13 16:00:00,19.7,37.1,0.8399,0.3,102.0,False,False
2005-03-13 17:00:00,19.0,37.4,0.8122,0.5,119.0,False,False
2005-03-13 18:00:00,16.4,43.5,0.8055,0.8,135.0,False,False
2005-03-13 19:00:00,15.1,49.8,0.8458,3.2,215.0,False,False
2005-03-13 20:00:00,14.8,51.0,0.8507,2.8,211.0,False,False
2005-03-13 21:00:00,14.6,51.6,0.8508,1.0,172.0,False,False
2005-03-13 22:00:00,13.7,52.1,0.8121,0.9,166.0,False,False
2005-03-13 23:00:00,13.2,55.6,0.8412,0.9,168.0,False,False
2005-03-14 00:00:00,13.2,55.9,0.8465,0.4,134.0,False,False
2005-03-14 01:00:00,11.7,62.1,0.8535,0.4,122.0,False,False
2005-03-14 02:00:00,9.9,68.9,0.8388,0.3,123.0,False,False
2005-03-14 03:00:00,9.8,68.0,0.8227,0.1,104.0,False,False
2005-03-14 04:00:00,8.9,71.9,0.8202,,90.0,False,False
2005-03-14 05:00:00,8.4,74.5,0.8241,0.8,85.0,False,False
2005-03-14 06:00:00,9.2,71.0,0.8299,1.0,103.0,False,False
2005-03-14 07:00:00,9.9,67.6,0.8239,1.6,127.0,False,False
2005-03-14 08:00:00,10.8,64.4,0.8328,3.5,163.0,False,False
2005-03-14 09:00:00,11.7,61.7,0.8483,4.0,155.0,False,False
2005-03-14 10:00:00,13.7,51.9,0.8106,3.5,170.0,False,False
2005-03-14 11:00:00,16.3,43.5,0.7988,1.6,141.0,False,False
2005-03-14 12:00:00,17.9,38.8,0.7883,1.5,123.0,False,False
2005-03-14 13:00:00,19.3,35.5,0.7876,1.5,124.0,False,False
2005-03-14 14:00:00,20.1,32.9,0.7672,1.7,126.0,False,False
2005-03-14 15:00:00,20.0,33.0,0.7625,1.6,128.0,False,False
2005-03-14 16:00:00,20.2,32.2,0.7526,2.4,158.0,False,False
2005-03-14 17:00:00,18.9,34.4,0.7436,3.4,177.0,False,False
2005-03-14 18:00:00,17.9,37.6,0.7624,5.4,225.0,False,False
2005-03-14 19:00:00,16.7,43.4,0.8168,6.5,234.0,False,False
2005-03-14 20:00:00,15.9,47.9,0.8573,6.5,227.0,False,False
2005-03-14 21:00:00,15.3,52.6,0.906,4.0,192.0,False,False
2005-03-14 22:00:00,13.7,58.5,0.9146,2.1,158.0,False,False
2005-03-14 23:00:00,12.7,62.8,0.9198,1.6,149.0,False,False
2005-03-15 00:00:00,12.2,65.0,0.9193,1.5,140.0,False,False
2005-03-15 01:00:00,13.0,61.2,0.9105,0.7,79.0,False,False
2005-03-15 02:00:00,11.1,66.1,0.8738,0.7,69.0,False,False
2005-03-15 03:00:00,10.1,69.8,0.8619,0.6,72.0,False,False
2005-03-15 04:00:00,11.6,61.0,0.8299,0.5,58.0,False,False
2005-03-15 05:00:00,10.1,64.5,0.7968,0.4,59.0,False,False
2005-03-15 06:00:00,9.3,67.9,0.7969,0.6,88.0,False,False
2005-03-15 07:00:00,10.1,64.3,0.7934,0.9,110.0,False,False
2005-03-15 08:00:00,10.4,62.7,0.7909,2.6,151.0,False,False
2005-03-15 09:00:00,13.0,53.9,0.8036,3.3,158.0,False,False
2005-03-15 10:00:00,16.4,44.6,0.8242,4.0,194.0,False,False
2005-03-15 11:00:00,19.1,36.7,0.8044,3.1,181.0,False,False
2005-03-15 12:00:00,21.0,30.6,0.7508,2.2,161.0,False,False
2005-03-15 13:00:00,22.1,27.6,0.7254,2.1,143.0,False,False
2005-03-15 14:00:00,22.2,25.5,0.6752,2.2,142.0,False,False
2005-03-15 15:00:00,23.6,23.2,0.6665,1.9,146.0,False,False
2005-03-15 16:00:00,23.6,22.9,0.6571,2.5,166.0,False,False
2005-03-15 17:00:00,22.8,24.6,0.6736,2.9,172.0,False,False
2005-03-15 18:00:00,20.3,29.7,0.6973,3.9,196.0,False,False
2005-03-15 19:00:00,18.0,36.0,0.7345,6.3,243.0,False,False
2005-03-15 20:00:00,16.4,41.9,0.7759,7.4,248.0,False,True
2005-03-15 21:00:00,14.9,47.6,0.8003,5.7,233.0,False,False
2005-03-15 22:00:00,13.8,49.6,0.7793,2.3,174.0,False,False
2005-03-15 23:00:00,13.2,51.6,0.7765,1.5,149.0,False,False
2005-03-16 00:00:00,11.8,56.9,0.7836,1.4,134.0,False,False
2005-03-16 01:00:00,11.4,58.0,0.7818,1.1,123.0,False,False
2005-03-16 02:00:00,11.3,58.0,0.7742,0.9,111.0,False,False
2005-03-16 03:00:00,10.7,59.6,0.7673,0.7,93.0,False,False
2005-03-16 04:00:00,9.0,65.4,0.7532,0.6,97.0,False,False
2005-03-16 05:00:00,8.0,68.9,0.7402,0.6,86.0,False,False
2005-03-16 06:00:00,7.5,70.9,0.7358,0.8,99.0,False,False
2005-03-16 07:00:00,7.6,69.2,0.7238,1.0,99.0,False,False
2005-03-16 08:00:00,8.7,64.3,0.7257,2.1,129.0,False,False
2005-03-16 09:00:00,11.7,54.3,0.7459,4.2,161.0,False,False
2005-03-16 10:00:00,15.9,42.2,0.7553,4.3,202.0,False,False
2005-03-16 11:00:00,19.3,34.7,0.7681,3.2,200.0,False,False
2005-03-16 12:00:00,23.1,27.3,0.7615,2.8,194.0,False,False
2005-03-16 13:00:00,26.1,20.8,0.6959,2.4,173.0,False,False
2005-03-16 14:00:00,26.8,17.9,0.6249,2.5,169.0,False,False
2005-03-16 15:00:00,28.4,16.0,0.6095,2.9,188.0,False,False
2005-03-16 16:00:00,28.8,15.1,0.5877,3.0,211.0,False,False
2005-03-16 17:00:00,27.9,15.6,0.5782,3.6,210.0,False,False
2005-03-16 18:00:00,24.1,20.6,0.6075,3.5,193.0,False,False
2005-03-16 19:00:00,21.0,28.0,0.6904,4.8,227.0,False,False
2005-03-16 20:00:00,18.4,38.8,0.8152,4.4,223.0,False,False
2005-03-16 21:00:00,16.9,42.9,0.8222,4.9,229.0,False,False
2005-03-16 22:00:00,15.5,45.0,0.7895,2.9,194.0,False,False
2005-03-16 23:00:00,14.3,49.6,0.8049,2.1,171.0,False,False
2005-03-17 00:00:00,14.7,48.0,0.7977,1.6,147.0,False,False
2005-03-17 01:00:00,13.3,51.4,0.7821,1.2,111.0,False,False
2005-03-17 02:00:00,12.6,53.7,0.7793,0.9,104.0,False,False
2005-03-17 03:00:00,11.5,56.8,0.7706,0.7,90.0,False,False
2005-03-17 04:00:00,10.1,61.9,0.7631,,81.0,False,False
2005-03-17 05:00:00,9.8,61.8,0.7523,0.5,69.0,False,False
2005-03-17 06:00:00,9.0,64.3,0.7417,0.6,84.0,False,False
2005-03-17 07:00:00,7.9,68.4,0.7324,1.3,123.0,False,False
2005-03-17 08:00:00,9.5,62.6,0.7444,3.8,166.0,False,False
2005-03-17 09:00:00,13.2,51.0,0.7704,5.6,189.0,False,False
2005-03-17 10:00:00,16.9,40.3,0.7717,4.4,217.0,False,False
2005-03-17 11:00:00,20.8,31.3,0.7617,3.0,196.0,False,False
2005-03-17 12:00:00,24.3,24.7,0.7407,2.2,189.0,False,False
2005-03-17 13:00:00,26.7,22.6,0.7785,2.0,174.0,False,False
2005-03-17 14:00:00,27.1,21.7,0.7636,2.2,161.0,False,False
2005-03-17 15:00:00,28.3,17.9,0.6769,2.1,158.0,False,False
2005-03-17 16:00:00,27.8,20.0,0.7378,2.2,161.0,False,False
2005-03-17 17:00:00,26.2,19.4,0.6491,1.9,147.0,False,False
2005-03-17 18:00:00,22.7,24.4,0.6661,2.7,165.0,False,False
2005-03-17 19:00:00,20.2,29.3,0.686,3.9,214.0,False,False
2005-03-17 20:00:00,17.3,35.2,0.6907,5.6,228.0,False,False
2005-03-17 21:00:00,16.1,38.7,0.7023,4.9,240.0,False,False
2005-03-17 22:00:00,14.6,44.5,0.7337,2.2,188.0,False,False
2005-03-17 23:00:00,13.7,48.6,0.7555,1.9,173.0,False,False
2005-03-18 00:00:00,12.4,52.2,0.7513,1.4,150.0,False,False
2005-03-18 01:00:00,11.9,53.4,0.7414,1.3,134.0,False,False
2005-03-18 02:00:00,10.4,58.4,0.7367,1.1,132.0,False,False
2005-03-18 03:00:00,8.9,63.5,0.7268,0.9,117.0,False,False
2005-03-18 04:00:00,8.2,65.9,0.7168,0.9,103.0,False,False
2005-03-18 05:00:00,7.7,67.1,0.7074,0.7,99.0,False,False
2005-03-18 06:00:00,7.2,68.6,0.6978,0.8,106.0,False,False
2005-03-18 07:00:00,7.5,66.7,0.6943,1.2,113.0,False,False
2005-03-18 08:00:00,8.7,61.6,0.696,2.9,141.0,False,False
2005-03-18 09:00:00,12.0,51.0,0.7131,5.4,180.0,False,False
2005-03-18 10:00:00,15.4,42.5,0.7379,4.3,192.0,False,False
2005-03-18 11:00:00,18.8,33.5,0.7186,3.1,187.0,False,False
2005-03-18 12:00:00,22.2,28.1,0.7426,2.4,169.0,False,False
2005-03-18 13:00:00,24.7,25.5,0.7785,2.3,161.0,False,False
2005-03-18 14:00:00,25.0,23.4,0.7301,2.3,160.0,False,False
2005-03-18 15:00:00,25.9,21.9,0.7209,2.3,177.0,False,False
2005-03-18 16:00:00,25.6,21.7,0.7039,3.4,219.0,False,False
2005-03-18 17:00:00,25.1,21.8,0.6854,3.7,212.0,False,False
2005-03-18 18:00:00,22.1,25.6,0.6728,4.1,225.0,False,False
2005-03-18 19:00:00,19.1,32.5,0.7112,5.6,240.0,False,False
2005-03-18 20:00:00,16.7,42.5,0.8002,5.3,223.0,False,False
2005-03-18 21:00:00,15.5,48.3,0.8439,4.9,241.0,False,False
2005-03-18 22:00:00,13.3,60.5,0.9168,2.0,159.0,False,False
2005-03-18 23:00:00,12.1,67.6,0.9539,1.9,150.0,False,False
2005-03-19 00:00:00,11.8,68.3,0.9432,2.2,163.0,False,False
2005-03-19 01:00:00,11.6,68.3,0.9314,1.9,155.0,False,False
2005-03-19 02:00:00,11.8,67.9,0.9362,1.1,119.0,False,False
2005-03-19 03:00:00,12.3,65.8,0.9374,1.0,94.0,False,False
2005-03-19 04:00:00,12.2,66.9,0.9496,0.9,80.0,False,False
2005-03-19 05:00:00,12.1,67.3,0.948,0.9,83.0,False,False
2005-03-19 06:00:00,11.8,67.1,0.9274,0.7,79.0,False,False
2005-03-19 07:00:00,11.9,65.6,0.9129,1.0,96.0,False,False
2005-03-19 08:00:00,12.2,65.6,0.93,2.0,141.0,False,False
2005-03-19 09:00:00,12.8,64.4,0.9448,2.7,153.0,False,False
2005-03-19 10:00:00,13.4,62.0,0.9498,2.5,156.0,False,False
2005-03-19 11:00:00,14.5,57.0,0.9333,2.4,162.0,False,False
2005-03-19 12:00:00,15.8,51.3,0.9144,2.2,164.0,False,False
2005-03-19 13:00:00,17.5,46.0,0.9104,2.1,160.0,False,False
2005-03-19 14:00:00,19.5,40.2,0.901,1.8,140.0,False,False
2005-03-19 15:00:00,21.2,35.9,0.8943,1.4,119.0,False,False
2005-03-19 16:00:00,21.7,35.1,0.8993,2.1,153.0,False,False
2005-03-19 17:00:00,20.5,38.4,0.9161,1.7,139.0,False,False
2005-03-19 18:00:00,18.2,45.9,0.9488,1.9,156.0,False,False
2005-03-19 19:00:00,16.2,53.0,0.9722,2.7,183.0,False,False
2005-03-19 20:00:00,15.0,57.6,0.9777,3.2,185.0,False,False
2005-03-19 21:00:00,14.1,60.8,0.9716,3.3,200.0,False,False
2005-03-19 22:00:00,13.2,65.6,0.9882,2.3,163.0,False,False
2005-03-19 23:00:00,13.5,63.8,0.9797,1.9,154.0,False,False
2005-03-20 00:00:00,13.6,63.4,0.9794,1.9,151.0,False,False
2005-03-20 01:00:00,13.6,63.5,0.9857,1.9,149.0,False,False
2005-03-20 02:00:00,13.4,64.8,0.988,1.5,131.0,False,False
2005-03-20 03:00:00,13.2,64.8,0.9801,1.1,94.0,False,False
2005-03-20 04:00:00,13.0,65.3,0.9704,,66.0,False,False
2005-03-20 05:00:00,12.6,65.9,0.9583,0.8,69.0,False,False
2005-03-20 06:00:00,13.1,64.0,0.9591,0.6,57.0,False,False
2005-03-20 07:00:00,12.4,66.2,0.95,0.7,78.0,False,False
2005-03-20 08:00:00,13.3,62.4,0.946,0.7,84.0,False,False
2005-03-20 09:00:00,14.0,59.7,0.9491,1.0,97.0,False,False
2005-03-20 10:00:00,15.4,54.0,0.9385,1.5,123.0,False,False
2005-03-20 11:00:00,17.0,47.5,0.9146,2.4,166.0,False,False
2005-03-20 12:00:00,18.6,42.6,0.904,1.6,130.0,False,False
2005-03-20 13:00:00,21.5,35.0,0.8886,1.2,109.0,False,False
2005-03-20 14:00:00,21.3,35.6,0.8924,0.9,82.0,False,False
2005-03-20 15:00:00,23.1,32.1,0.8973,0.9,73.0,False,False
2005-03-20 16:00:00,22.1,34.5,0.9035,1.1,91.0,False,False
2005-03-20 17:00:00,21.5,35.7,0.905,1.4,109.0,False,False
2005-03-20 18:00:00,19.3,41.6,0.923,1.7,128.0,False,False
2005-03-20 19:00:00,17.3,47.8,0.9363,2.9,155.0,False,False
2005-03-20 20:00:00,16.0,54.9,0.9934,4.0,176.0,False,False
2005-03-20 21:00:00,15.6,58.0,1.0197,4.0,179.0,False,False
2005-03-20 22:00:00,14.8,61.3,1.025,1.9,124.0,False,False
2005-03-20 23:00:00,13.8,63.4,0.9916,1.5,105.0,False,False
2005-03-21 00:00:00,13.1,66.1,0.9913,1.5,99.0,False,False
2005-03-21 01:00:00,13.3,66.4,1.0128,1.6,104.0,False,False
2005-03-21 02:00:00,13.3,67.0,1.0207,1.1,95.0,False,False
2005-03-21 03:00:00,13.1,68.6,1.0288,0.8,81.0,False,False
2005-03-21 04:00:00,12.2,72.4,1.0224,0.7,68.0,False,False
2005-03-21 05:00:00,11.6,73.8,1.0054,0.6,69.0,False,False
2005-03-21 06:00:00,12.9,67.5,0.999,0.7,73.0,False,False
2005-03-21 07:00:00,12.8,68.0,1.0023,1.3,113.0,False,False
2005-03-21 08:00:00,13.5,63.9,0.9875,3.2,141.0,False,False
2005-03-21 09:00:00,14.7,59.8,0.9928,6.1,174.0,False,False
2005-03-21 10:00:00,15.9,56.6,1.0147,4.3,178.0,False,False
2005-03-21 11:00:00,18.3,49.4,1.0264,2.6,163.0,False,False
2005-03-21 12:00:00,19.8,44.2,1.0091,2.0,143.0,False,False
2005-03-21 13:00:00,21.6,39.6,1.009,1.8,127.0,False,False
2005-03-21 14:00:00,23.3,35.8,1.0086,2.1,131.0,False,False
2005-03-21 15:00:00,23.8,33.4,0.9699,2.1,135.0,False,False
2005-03-21 16:00:00,22.8,35.3,0.9693,2.0,131.0,False,False
2005-03-21 17:00:00,22.8,34.9,0.9576,2.6,153.0,False,False
2005-03-21 18:00:00,20.9,39.3,0.9615,4.5,198.0,False,False
2005-03-21 19:00:00,18.6,46.4,0.9867,6.4,232.0,False,False
2005-03-21 20:00:00,17.2,52.7,1.0285,6.0,224.0,False,False
2005-03-21 21:00:00,15.3,61.0,1.054,3.8,183.0,False,False
2005-03-21 22:00:00,14.2,65.4,1.0497,2.1,144.0,False,False
2005-03-21 23:00:00,13.8,65.2,1.0275,1.2,117.0,False,False
2005-03-22 00:00:00,13.3,65.6,0.9969,1.3,106.0,False,False
2005-03-22 01:00:00,12.6,67.9,0.9886,1.5,121.0,False,False
2005-03-22 02:00:00,12.8,64.5,0.9493,0.9,87.0,False,False
2005-03-22 03:00:00,12.8,63.6,0.936,0.7,62.0,False,False
2005-03-22 04:00:00,12.0,65.2,0.9103,0.5,70.0,False,False
2005-03-22 05:00:00,10.6,70.8,0.9033,0.6,66.0,False,False
2005-03-22 06:00:00,10.9,69.2,0.9033,0.7,88.0,False,False
2005-03-22 07:00:00,10.3,70.9,0.8907,0.9,93.0,False,False
2005-03-22 08:00:00,11.8,66.3,0.9174,2.2,116.0,False,False
2005-03-22 09:00:00,14.1,58.9,0.9447,4.7,151.0,False,False
2005-03-22 10:00:00,16.5,51.6,0.9601,4.5,169.0,False,False
2005-03-22 11:00:00,20.2,42.1,0.984,3.1,166.0,False,False
2005-03-22 12:00:00,21.7,39.0,0.9979,2.8,160.0,False,False
2005-03-22 13:00:00,23.5,35.0,0.9977,2.4,145.0,False,False
2005-03-22 14:00:00,23.5,34.2,0.9748,2.5,131.0,False,False
2005-03-22 15:00:00,25.5,28.3,0.9124,2.0,130.0,False,False
2005-03-22 16:00:00,25.5,24.7,0.7928,1.7,122.0,False,False
2005-03-22 17:00:00,22.9,29.2,0.8055,1.7,113.0,False,False
2005-03-22 18:00:00,21.3,32.9,0.8209,3.3,156.0,False,False
2005-03-22 19:00:00,20.1,42.4,0.988,4.5,198.0,False,False
2005-03-22 20:00:00,18.6,46.6,0.9858,5.8,175.0,False,False
2005-03-22 21:00:00,17.4,50.6,0.9989,4.3,141.0,False,False
2005-03-22 22:00:00,16.4,57.2,1.0574,3.0,101.0,False,False
2005-03-22 23:00:00,16.3,59.4,1.0895,2.8,102.0,False,False
2005-03-23 00:00:00,16.0,60.2,1.0844,2.7,119.0,False,False
2005-03-23 01:00:00,15.6,61.6,1.0859,2.4,110.0,False,False
2005-03-23 02:00:00,15.4,62.0,1.0793,2.2,87.0,False,False
2005-03-23 03:00:00,15.2,63.5,1.0881,2.0,66.0,False,False
2005-03-23 04:00:00,14.5,66.4,1.0919,,65.0,False,False
2005-03-23 05:00:00,15.0,64.8,1.1007,0.5,63.0,False,False
2005-03-23 06:00:00,14.2,68.3,1.0988,0.7,71.0,False,False
2005-03-23 07:00:00,14.0,68.6,1.0918,1.2,103.0,False,False
2005-03-23 08:00:00,15.4,63.4,1.1045,3.9,144.0,False,False
2005-03-23 09:00:00,17.8,53.3,1.0736,4.9,158.0,False,False
2005-03-23 10:00:00,19.4,47.5,1.061,4.6,169.0,False,False
2005-03-23 11:00:00,21.4,38.7,0.9724,3.4,184.0,False,False
2005-03-23 12:00:00,22.9,29.3,0.8077,2.0,143.0,False,False
2005-03-23 13:00:00,24.2,26.5,0.7869,1.9,133.0,False,False
2005-03-23 14:00:00,24.5,23.1,0.6968,2.4,141.0,False,False
2005-03-23 15:00:00,23.1,22.8,0.6346,2.4,153.0,False,False
2005-03-23 16:00:00,23.3,23.8,0.6738,2.2,149.0,False,False
2005-03-23 17:00:00,23.2,23.3,0.6562,2.5,159.0,False,False
2005-03-23 18:00:00,22.7,25.5,0.6944,3.9,181.0,False,False
2005-03-23 19:00:00,21.0,29.2,0.7192,6.2,227.0,False,False
2005-03-23 20:00:00,19.5,35.6,0.7978,7.2,230.0,False,False
2005-03-23 21:00:00,18.8,37.3,0.8031,3.9,194.0,False,False
2005-03-23 22:00:00,17.7,39.7,0.799,2.4,172.0,False,False
2005-03-23 23:00:00,16.7,45.2,0.8506,2.3,158.0,False,False
2005-03-24 00:00:00,15.9,47.0,0.8434,1.9,144.0,False,False
2005-03-24 01:00:00,15.1,50.2,0.8543,1.7,133.0,False,False
2005-03-24 02:00:00,15.3,49.2,0.8493,0.9,109.0,False,False
2005-03-24 03:00:00,13.1,56.1,0.8416,0.7,94.0,False,False
2005-03-24 04:00:00,13.3,54.4,0.8287,0.5,73.0,False,False
2005-03-24 05:00:00,12.4,58.3,0.8364,0.4,76.0,False,False
2005-03-24 06:00:00,12.9,56.0,0.8292,0.4,74.0,False,False
2005-03-24 07:00:00,11.9,59.6,0.8294,0.7,73.0,False,False
2005-03-24 08:00:00,13.4,55.1,0.8444,3.1,107.0,False,False
2005-03-24 09:00:00,16.1,46.4,0.8436,3.4,115.0,False,False
2005-03-24 10:00:00,17.9,42.2,0.8557,3.5,132.0,False,False
2005-03-24 11:00:00,18.2,43.2,0.8926,3.2,155.0,False,False
2005-03-24 12:00:00,16.0,67.9,1.2217,3.2,140.0,False,False
2005-03-24 13:00:00,17.6,59.7,1.188,3.3,147.0,False,False
2005-03-24 14:00:00,20.9,43.4,1.0618,3.0,161.0,False,False
2005-03-24 15:00:00,24.1,33.3,0.9881,2.0,123.0,False,False
2005-03-24 16:00:00,22.9,35.2,0.9694,2.3,142.0,False,False
2005-03-24 17:00:00,22.2,36.2,0.956,2.2,143.0,False,False
2005-03-24 18:00:00,21.3,37.8,0.9462,2.7,153.0,False,False
2005-03-24 19:00:00,20.1,43.2,1.0051,5.9,200.0,False,False
2005-03-24 20:00:00,18.8,49.1,1.0538,7.5,232.0,False,True
2005-03-24 21:00:00,18.2,52.2,1.0795,5.0,201.0,False,False
2005-03-24 22:00:00,17.4,57.3,1.1288,4.0,175.0,False,False
2005-03-24 23:00:00,17.0,56.6,1.0902,2.7,159.0,False,False
2005-03-25 00:00:00,16.2,66.3,1.208,2.0,135.0,False,False
2005-03-25 01:00:00,15.3,73.3,1.2655,1.5,128.0,False,False
2005-03-25 02:00:00,15.2,73.3,1.2556,1.0,109.0,False,False
2005-03-25 03:00:00,13.9,80.4,1.2694,1.0,101.0,False,False
2005-03-25 04:00:00,13.6,82.8,1.2817,0.9,96.0,False,False
2005-03-25 05:00:00,13.7,82.0,1.277,0.8,87.0,False,False
2005-03-25 06:00:00,13.7,78.0,1.2174,0.6,81.0,False,False
2005-03-25 07:00:00,14.1,75.5,1.2065,1.0,100.0,False,False
2005-03-25 08:00:00,14.8,73.6,1.2331,3.2,146.0,False,False
2005-03-25 09:00:00,16.0,67.8,1.2276,4.3,158.0,False,False
2005-03-25 10:00:00,18.4,59.2,1.2398,2.7,136.0,False,False
2005-03-25 11:00:00,20.4,50.5,1.1954,1.6,117.0,False,False
2005-03-25 12:00:00,21.3,46.6,1.1628,1.4,140.0,False,False
2005-03-25 13:00:00,20.4,49.8,1.1765,2.3,169.0,False,False
2005-03-25 14:00:00,21.1,47.8,1.1813,2.1,163.0,False,False
2005-03-25 15:00:00,21.5,47.8,1.206,1.4,144.0,False,False
2005-03-25 16:00:00,21.7,47.4,1.2184,3.4,153.0,False,False
2005-03-25 17:00:00,21.0,49.8,1.2208,3.8,164.0,False,False
2005-03-25 18:00:00,20.4,51.9,1.2261,4.9,174.0,False,False
2005-03-25 19:00:00,19.4,56.3,1.25,5.7,196.0,False,False
2005-03-25 20:00:00,18.8,58.3,1.2514,5.5,189.0,False,False
2005-03-25 21:00:00,18.2,61.0,1.2634,3.9,155.0,False,False
2005-03-25 22:00:00,17.7,63.3,1.2729,3.1,137.0,False,False
2005-03-25 23:00:00,17.7,63.5,1.27,2.0,117.0,False,False
2005-03-26 00:00:00,17.1,66.9,1.2926,2.5,128.0,False,False
2005-03-26 01:00:00,16.8,69.0,1.3135,2.2,124.0,False,False
2005-03-26 02:00:00,16.6,70.0,1.3078,1.5,108.0,False,False
2005-03-26 03:00:00,16.1,71.3,1.2955,1.2,89.0,False,False
2005-03-26 04:00:00,16.2,71.2,1.3013,,92.0,False,False
2005-03-26 05:00:00,16.3,69.8,1.2853,0.8,84.0,False,False
2005-03-26 06:00:00,16.1,70.0,1.2739,0.1,83.0,False,False
2005-03-26 07:00:00,16.1,69.5,1.2623,1.1,80.0,False,False
2005-03-26 08:00:00,16.5,68.1,1.2653,1.7,93.0,False,False
2005-03-26 09:00:00,17.4,65.0,1.2775,2.1,106.0,False,False
2005-03-26 10:00:00,18.4,60.2,1.2623,2.3,115.0,False,False
2005-03-26 11:00:00,19.1,57.5,1.2569,2.1,124.0,False,False
2005-03-26 12:00:00,21.2,48.4,1.2028,1.9,113.0,False,False
2005-03-26 13:00:00,22.3,43.9,1.1695,1.7,104.0,False,False
2005-03-26 14:00:00,23.7,39.4,1.1366,1.3,85.0,False,False
2005-03-26 15:00:00,23.1,41.2,1.1523,1.3,94.0,False,False
2005-03-26 16:00:00,25.7,35.7,1.1626,1.6,99.0,False,False
2005-03-26 17:00:00,24.3,38.4,1.1503,2.2,112.0,False,False
2005-03-26 18:00:00,21.9,45.1,1.1687,2.3,122.0,False,False
2005-03-26 19:00:00,19.7,51.8,1.1779,2.2,119.0,False,False
2005-03-26 20:00:00,18.7,54.5,1.1644,2.0,119.0,False,False
2005-03-26 21:00:00,17.8,58.1,1.1742,2.3,127.0,False,False
2005-03-26 22:00:00,17.3,60.8,1.1885,2.2,126.0,False,False
2005-03-26 23:00:00,16.5,63.8,1.1873,1.6,111.0,False,False
2005-03-27 00:00:00,16.3,65.2,1.1982,1.6,102.0,False,False
2005-03-27 01:00:00,16.5,63.8,1.1896,1.3,93.0,False,False
2005-03-27 02:00:00,16.6,63.0,1.1784,1.0,78.0,False,False
2005-03-27 03:00:00,16.2,64.3,1.1729,1.0,74.0,False,False
2005-03-27 04:00:00,15.9,65.1,1.1654,1.0,68.0,False,False
2005-03-27 05:00:00,15.8,65.4,1.1629,0.8,68.0,False,False
2005-03-27 06:00:00,15.8,65.9,1.1792,0.7,61.0,False,False
2005-03-27 07:00:00,15.6,67.7,1.1911,1.1,76.0,False,False
2005-03-27 08:00:00,15.2,71.5,1.2228,1.1,78.0,False,False
2005-03-27 09:00:00,14.5,80.8,1.3224,1.1,79.0,False,False
2005-03-27 10:00:00,15.2,81.4,1.393,1.4,90.0,False,False
2005-03-27 11:00:00,15.9,77.3,1.3838,1.3,89.0,False,False
2005-03-27 12:00:00,17.5,67.1,1.3342,1.5,97.0,False,False
2005-03-27 13:00:00,18.1,62.8,1.2916,1.3,91.0,False,False
2005-03-27 14:00:00,18.6,62.1,1.3224,0.8,62.0,False,False
2005-03-27 15:00:00,16.2,71.9,1.3171,0.9,66.0,False,False
2005-03-27 16:00:00,15.4,75.2,1.3024,1.4,104.0,False,False
2005-03-27 17:00:00,14.4,80.8,1.3182,1.8,126.0,False,False
2005-03-27 18:00:00,13.8,83.5,1.3154,1.6,122.0,False,False
2005-03-27 19:00:00,13.9,83.6,1.3208,1.8,121.0,False,False
2005-03-27 20:00:00,14.2,82.3,1.3219,2.1,126.0,False,False
2005-03-27 21:00:00,14.1,81.4,1.3046,1.9,115.0,False,False
2005-03-27 22:00:00,14.4,79.0,1.2917,1.7,116.0,False,False
2005-03-27 23:00:00,14.6,77.7,1.2834,1.9,120.0,False,False
2005-03-28 00:00:00,14.4,78.6,1.2839,1.6,111.0,False,False
2005-03-28 01:00:00,14.4,78.0,1.2741,1.2,101.0,False,False
2005-03-28 02:00:00,14.1,79.1,1.2665,1.0,92.0,False,False
2005-03-28 03:00:00,13.7,80.6,1.2528,1.0,78.0,False,False
2005-03-28 04:00:00,13.9,79.6,1.2616,0.8,63.0,False,False
2005-03-28 05:00:00,13.8,79.0,1.2425,0.6,63.0,False,False
2005-03-28 06:00:00,13.9,78.0,1.2346,0.6,63.0,False,False
2005-03-28 07:00:00,14.1,77.8,1.2445,1.0,84.0,False,False
2005-03-28 08:00:00,15.0,73.2,1.2413,1.0,89.0,False,False
2005-03-28 09:00:00,16.4,67.3,1.2451,1.3,101.0,False,False
2005-03-28 10:00:00,17.8,61.7,1.2436,1.5,115.0,False,False
2005-03-28 11:00:00,20.8,50.4,1.2213,1.6,111.0,False,False
2005-03-28 12:00:00,21.6,46.8,1.1959,1.4,96.0,False,False
2005-03-28 13:00:00,23.1,41.3,1.1506,1.4,87.0,False,False
2005-03-28 14:00:00,23.6,39.4,1.132,1.2,81.0,False,False
2005-03-28 15:00:00,25.1,34.0,1.068,1.3,85.0,False,False
2005-03-28 16:00:00,24.7,35.6,1.0882,1.4,98.0,False,False
2005-03-28 17:00:00,24.2,38.1,1.1357,1.6,109.0,False,False
2005-03-28 18:00:00,22.7,42.4,1.154,2.8,150.0,False,False
2005-03-28 19:00:00,19.6,47.8,1.0781,3.7,175.0,False,False
2005-03-28 20:00:00,17.6,54.4,1.0839,2.9,157.0,False,False
2005-03-28 21:00:00,16.2,60.6,1.1089,1.8,130.0,False,False
2005-03-28 22:00:00,15.2,65.8,1.1288,1.6,120.0,False,False
2005-03-28 23:00:00,14.5,68.9,1.1298,1.7,114.0,False,False
2005-03-29 00:00:00,14.3,68.5,1.1122,1.5,100.0,False,False
2005-03-29 01:00:00,14.7,66.4,1.1006,1.0,83.0,False,False
2005-03-29 02:00:00,13.4,70.4,1.0793,0.8,72.0,False,False
2005-03-29 03:00:00,14.2,65.1,1.0495,0.5,51.0,False,False
2005-03-29 04:00:00,13.7,68.2,1.0611,,46.0,False,False
2005-03-29 05:00:00,13.7,67.8,1.0575,0.5,58.0,False,False
2005-03-29 06:00:00,12.9,71.8,1.0657,1.0,86.0,False,False
2005-03-29 07:00:00,13.2,69.9,1.0543,3.0,122.0,False,False
2005-03-29 08:00:00,14.4,65.8,1.0727,5.1,140.0,False,False
2005-03-29 09:00:00,15.3,63.3,1.092,4.3,146.0,False,False
2005-03-29 10:00:00,17.7,55.6,1.112,3.3,152.0,False,False
2005-03-29 11:00:00,19.6,49.4,1.1176,2.4,147.0,False,False
2005-03-29 12:00:00,18.1,58.3,1.2013,2.4,134.0,False,False
2005-03-29 13:00:00,18.0,57.9,1.1826,2.5,136.0,False,False
2005-03-29 14:00:00,18.6,55.0,1.1696,2.3,142.0,False,False
2005-03-29 15:00:00,18.3,57.9,1.2047,2.7,153.0,False,False
2005-03-29 16:00:00,18.3,54.8,1.1403,2.7,153.0,False,False
2005-03-29 17:00:00,18.3,53.9,1.1252,3.3,155.0,False,False
2005-03-29 18:00:00,18.5,54.6,1.1515,3.9,181.0,False,False
2005-03-29 19:00:00,17.1,61.5,1.191,2.6,151.0,False,False
2005-03-29 20:00:00,16.4,62.5,1.1531,3.2,159.0,False,False
2005-03-29 21:00:00,15.2,64.2,1.0983,2.3,151.0,False,False
2005-03-29 22:00:00,14.6,67.3,1.1102,1.4,127.0,False,False
2005-03-29 23:00:00,13.5,70.8,1.0928,1.1,107.0,False,False
2005-03-30 00:00:00,13.0,71.9,1.0697,1.2,101.0,False,False
2005-03-30 01:00:00,13.0,70.2,1.0457,0.9,80.0,False,False
2005-03-30 02:00:00,11.6,74.9,1.0224,0.7,68.0,False,False
2005-03-30 03:00:00,12.5,67.4,0.9722,0.5,61.0,False,False
2005-03-30 04:00:00,11.5,71.5,0.9684,0.4,56.0,False,False
2005-03-30 05:00:00,10.2,77.9,0.9692,0.5,70.0,False,False
2005-03-30 06:00:00,11.0,73.1,0.9554,0.8,78.0,False,False
2005-03-30 07:00:00,10.7,73.6,0.9439,2.3,106.0,False,False
2005-03-30 08:00:00,12.1,67.3,0.9499,2.9,117.0,False,False
2005-03-30 09:00:00,15.1,58.6,0.9982,3.1,144.0,False,False
2005-03-30 10:00:00,18.6,49.5,1.052,2.7,158.0,False,False
2005-03-30 11:00:00,20.9,42.5,1.037,1.8,137.0,False,False
2005-03-30 12:00:00,23.6,34.8,0.9986,1.9,130.0,False,False
2005-03-30 13:00:00,25.6,28.5,0.9199,1.8,125.0,False,False
2005-03-30 14:00:00,26.1,26.3,0.875,1.8,124.0,False,False
2005-03-30 15:00:00,26.6,24.9,0.8525,1.8,125.0,False,False
2005-03-30 16:00:00,25.1,28.5,0.8932,1.7,135.0,False,False
2005-03-30 17:00:00,24.1,32.1,0.9504,3.2,179.0,False,False
2005-03-30 18:00:00,21.5,39.1,0.9914,3.4,183.0,False,False
2005-03-30 19:00:00,19.3,46.2,1.023,4.2,193.0,False,False
2005-03-30 20:00:00,18.2,52.6,1.0911,3.5,185.0,False,False
2005-03-30 21:00:00,16.8,58.2,1.1022,2.0,147.0,False,False
2005-03-30 22:00:00,16.0,61.9,1.115,1.4,117.0,False,False
2005-03-30 23:00:00,15.3,65.4,1.126,1.5,112.0,False,False
2005-03-31 00:00:00,14.5,67.8,1.1171,1.2,101.0,False,False
2005-03-31 01:00:00,14.2,68.6,1.1068,1.1,93.0,False,False
2005-03-31 02:00:00,13.9,68.7,1.0892,0.7,64.0,False,False
2005-03-31 03:00:00,13.1,72.5,1.0911,0.6,61.0,False,False
2005-03-31 04:00:00,12.9,72.7,1.076,0.5,54.0,False,False
2005-03-31 05:00:00,12.3,74.2,1.0583,0.6,64.0,False,False
2005-03-31 06:00:00,12.6,71.5,1.038,0.9,80.0,False,False
2005-03-31 07:00:00,12.7,69.6,1.0206,4.0,133.0,False,False
2005-03-31 08:00:00,16.8,51.6,0.9818,4.1,170.0,False,False
2005-03-31 09:00:00,20.3,40.1,0.9439,1.9,139.0,False,False
2005-03-31 10:00:00,21.0,37.3,0.9139,1.3,124.0,False,False
2005-03-31 11:00:00,21.0,36.9,0.9089,1.2,118.0,False,False
2005-03-31 12:00:00,22.8,33.0,0.904,1.2,108.0,False,False
2005-03-31 13:00:00,24.0,30.3,0.8925,1.2,100.0,False,False
2005-03-31 14:00:00,22.6,33.2,0.9007,0.9,91.0,False,False
2005-03-31 15:00:00,22.5,32.9,0.8846,1.0,89.0,False,False
2005-03-31 16:00:00,21.5,33.8,0.8575,1.1,102.0,False,False
2005-03-31 17:00:00,21.4,36.4,0.9172,1.5,114.0,False,False
2005-03-31 18:00:00,20.0,38.9,0.8974,2.1,124.0,False,False
2005-03-31 19:00:00,17.8,45.2,0.9123,2.1,136.0,False,False
2005-03-31 20:00:00,16.3,47.3,0.8686,1.5,118.0,False,False
2005-03-31 21:00:00,16.3,44.8,0.8244,1.0,93.0,False,False
2005-03-31 22:00:00,15.6,47.1,0.8273,0.8,72.0,False,False
2005-03-31 23:00:00,15.1,47.6,0.8139,0.8,69.0,False,False
2005-04-01 00:00:00,15.1,44.5,0.7569,0.7,61.0,False,False
2005-04-01 01:00:00,14.6,43.0,0.7108,0.6,50.0,False,False
2005-04-01 02:00:00,14.5,43.7,0.7163,0.5,35.0,False,False
2005-04-01 03:00:00,13.6,46.7,0.7245,0.5,29.0,False,False
2005-04-01 04:00:00,13.7,48.8,0.7606,,41.0,False,False
2005-04-01 05:00:00,13.5,50.6,0.7783,0.5,66.0,False,False
2005-04-01 06:00:00,13.7,47.4,0.7412,0.6,89.0,False,False
2005-04-01 07:00:00,13.7,45.9,0.7154,1.5,150.0,False,False
2005-04-01 08:00:00,16.1,41.0,0.7435,1.9,150.0,False,False
2005-04-01 09:00:00,16.1,41.5,0.7559,1.3,127.0,False,False
2005-04-01 10:00:00,16.5,40.8,0.757,1.0,120.0,False,False
2005-04-01 11:00:00,18.9,33.8,0.7312,1.0,123.0,False,False
2005-04-01 12:00:00,19.2,29.5,0.648,1.1,115.0,False,False
2005-04-01 13:00:00,19.9,26.3,0.6054,1.3,122.0,False,False
2005-04-01 14:00:00,19.2,27.0,0.5934,1.0,111.0,False,False
2005-04-01 15:00:00,19.4,25.3,0.5625,1.1,119.0,False,False
2005-04-01 16:00:00,18.9,26.2,0.5667,1.4,137.0,False,False
2005-04-01 17:00:00,19.3,24.7,0.5483,1.5,147.0,False,False
2005-04-01 18:00:00,17.1,25.3,0.4881,1.6,154.0,False,False
2005-04-01 19:00:00,15.6,26.2,0.4604,2.2,160.0,False,False
2005-04-01 20:00:00,13.8,30.6,0.479,1.4,134.0,False,False
2005-04-01 21:00:00,13.1,31.7,0.4756,0.9,110.0,False,False
2005-04-01 22:00:00,13.2,31.8,0.4798,0.8,99.0,False,False
2005-04-01 23:00:00,13.6,30.8,0.4779,1.1,127.0,False,False
2005-04-02 00:00:00,13.1,32.0,0.4817,1.5,174.0,False,False
2005-04-02 01:00:00,12.7,33.6,0.4902,1.1,127.0,False,False
2005-04-02 02:00:00,12.2,35.6,0.5038,0.6,81.0,False,False
2005-04-02 03:00:00,11.9,35.6,0.4945,0.5,70.0,False,False
2005-04-02 04:00:00,11.2,38.3,0.5099,0.4,49.0,False,False
2005-04-02 05:00:00,11.0,40.5,0.5316,0.4,44.0,False,False
2005-04-02 06:00:00,10.7,42.8,0.5489,0.6,107.0,False,False
2005-04-02 07:00:00,11.1,43.3,0.572,0.9,141.0,False,False
2005-04-02 08:00:00,14.2,36.9,0.5939,0.9,121.0,False,False
2005-04-02 09:00:00,15.6,33.3,0.5861,0.8,103.0,False,False
2005-04-02 10:00:00,16.3,30.0,0.5514,1.0,102.0,False,False
2005-04-02 11:00:00,17.0,26.1,0.5036,0.8,95.0,False,False
2005-04-02 12:00:00,19.3,22.3,0.495,0.8,93.0,False,False
2005-04-02 13:00:00,20.5,21.9,0.5215,1.0,95.0,False,False
2005-04-02 14:00:00,22.0,20.2,0.5274,0.8,80.0,False,False
2005-04-02 15:00:00,21.7,20.9,0.5367,0.8,81.0,False,False
2005-04-02 16:00:00,21.6,20.8,0.5292,0.9,106.0,False,False
2005-04-02 17:00:00,21.0,22.3,0.5468,1.1,113.0,False,False
2005-04-02 18:00:00,18.6,26.6,0.5631,1.1,117.0,False,False
2005-04-02 19:00:00,15.5,33.9,0.5957,1.2,124.0,False,False
2005-04-02 20:00:00,14.3,38.0,0.6162,1.1,122.0,False,False
2005-04-02 21:00:00,13.5,39.4,0.6089,0.8,87.0,False,False
2005-04-02 22:00:00,13.1,41.3,0.6184,0.7,79.0,False,False
2005-04-02 23:00:00,13.5,37.8,0.5815,0.7,93.0,False,False
2005-04-03 00:00:00,13.5,37.4,0.5745,0.8,102.0,False,False
2005-04-03 01:00:00,12.7,40.8,0.5977,0.8,86.0,False,False
2005-04-03 02:00:00,12.0,44.2,0.6177,0.7,77.0,False,False
2005-04-03 03:00:00,10.5,48.7,0.6164,0.8,88.0,False,False
2005-04-03 04:00:00,10.1,49.7,0.6122,0.5,64.0,False,False
2005-04-03 05:00:00,9.6,51.0,0.6082,0.3,46.0,False,False
2005-04-03 06:00:00,9.1,52.4,0.6074,0.4,55.0,False,False
2005-04-03 07:00:00,8.9,52.7,0.6034,0.6,84.0,False,False
2005-04-03 08:00:00,13.5,40.0,0.6168,0.7,89.0,False,False
2005-04-03 09:00:00,17.8,30.7,0.6205,1.2,118.0,False,False
2005-04-03 10:00:00,21.1,23.7,0.5875,1.4,113.0,False,False
2005-04-03 11:00:00,24.0,19.3,0.5673,1.3,115.0,False,False
2005-04-03 12:00:00,26.5,16.4,0.5594,1.4,124.0,False,False
2005-04-03 13:00:00,28.7,13.7,0.5302,1.0,86.0,False,False
2005-04-03 14:00:00,28.5,13.1,0.5002,1.0,87.0,False,False
2005-04-03 15:00:00,30.0,11.1,0.4624,1.1,100.0,False,False
2005-04-03 16:00:00,29.4,10.4,0.4192,1.3,132.0,False,False
2005-04-03 17:00:00,28.9,9.9,0.3866,1.4,156.0,False,False
2005-04-03 18:00:00,22.8,21.7,0.5945,1.2,138.0,False,False
2005-04-03 19:00:00,19.9,33.0,0.7608,2.7,181.0,False,False
2005-04-03 20:00:00,17.5,40.7,0.8073,2.5,187.0,False,False
2005-04-03 21:00:00,16.4,46.6,0.8642,1.5,158.0,False,False
2005-04-03 22:00:00,15.5,49.0,0.8579,1.6,153.0,False,False
2005-04-03 23:00:00,14.3,52.5,0.8497,1.2,128.0,False,False
2005-04-04 00:00:00,14.2,51.4,0.8275,0.9,93.0,False,False
2005-04-04 01:00:00,13.8,51.2,0.8058,0.6,58.0,False,False
2005-04-04 02:00:00,12.1,56.3,0.7927,0.5,55.0,False,False
2005-04-04 03:00:00,11.3,58.9,0.7888,0.4,51.0,False,False
2005-04-04 04:00:00,11.8,56.0,0.7743,,43.0,False,False
2005-04-04 05:00:00,10.4,59.9,0.755,0.5,53.0,False,False
2005-04-04 06:00:00,9.5,63.1,0.7531,1.1,93.0,False,False
2005-04-04 07:00:00,9.7,61.9,0.7446,4.0,155.0,False,False
2005-04-04 08:00:00,13.5,48.9,0.7553,5.0,174.0,False,False
2005-04-04 09:00:00,18.2,36.3,0.7487,3.9,187.0,False,False
2005-04-04 10:00:00,21.9,29.3,0.7568,3.1,190.0,False,False
2005-04-04 11:00:00,24.3,23.7,0.7119,2.4,179.0,False,False
2005-04-04 12:00:00,26.9,18.3,0.6406,2.4,175.0,False,False
2005-04-04 13:00:00,28.3,13.5,0.5139,2.1,156.0,False,False
2005-04-04 14:00:00,28.5,13.1,0.5028,2.2,168.0,False,False
